case_id,y_true,y_pred,y_prob_success
Application_1498483020,1,1,0.5489243027888446
Application_1046222107,1,1,0.5489243027888446
Application_1235896381,0,1,0.5489243027888446
Application_1985757094,0,1,0.5489243027888446
Application_396092392,0,1,0.5489243027888446
Application_585529210,1,1,0.5489243027888446
Application_1751900898,1,1,0.5489243027888446
Application_867435788,1,1,0.5489243027888446
Application_543098684,1,1,0.5489243027888446
Application_1090974006,1,1,0.5489243027888446
Application_2087713022,0,1,0.5489243027888446
Application_564404935,1,1,0.5489243027888446
Application_455173433,0,1,0.5489243027888446
Application_644684670,1,1,0.5489243027888446
Application_1693078902,0,1,0.5489243027888446
Application_1010578897,1,1,0.5489243027888446
Application_1357377502,0,1,0.5489243027888446
Application_624172486,1,1,0.5489243027888446
Application_1505059688,1,1,0.5489243027888446
Application_978274104,1,1,0.5489243027888446
Application_1842370876,0,1,0.5489243027888446
Application_2081673241,0,1,0.5489243027888446
Application_631740354,1,1,0.5489243027888446
Application_1714501335,0,1,0.5489243027888446
Application_117660615,0,1,0.5489243027888446
Application_307362226,1,1,0.5489243027888446
Application_2010104450,0,1,0.5489243027888446
Application_1334997155,1,1,0.5489243027888446
Application_885372391,0,1,0.5489243027888446
Application_160157720,1,1,0.5489243027888446
Application_1012862839,0,1,0.5489243027888446
Application_269862060,1,1,0.5489243027888446
Application_46540488,1,1,0.5489243027888446
Application_1858211642,1,1,0.5489243027888446
Application_453987424,1,1,0.5489243027888446
Application_1711867932,0,1,0.5489243027888446
Application_979102055,1,1,0.5489243027888446
Application_1382204301,0,1,0.5489243027888446
Application_1731267696,0,1,0.5489243027888446
Application_192716320,0,1,0.5489243027888446
Application_324026343,0,1,0.5489243027888446
Application_308032472,1,1,0.5489243027888446
Application_1838195672,0,1,0.5489243027888446
Application_597372127,0,1,0.5489243027888446
Application_1386933499,1,1,0.5489243027888446
Application_2023800195,1,1,0.5489243027888446
Application_164778672,1,1,0.5489243027888446
Application_1007340039,1,1,0.5489243027888446
Application_1188845730,1,1,0.5489243027888446
Application_890075702,0,1,0.5489243027888446
Application_814961445,1,1,0.5489243027888446
Application_1987831323,0,1,0.5489243027888446
Application_1385143613,1,1,0.5489243027888446
Application_1875782782,0,1,0.5489243027888446
Application_2061162957,1,1,0.5489243027888446
Application_269524897,1,1,0.5489243027888446
Application_463412629,1,1,0.5489243027888446
Application_129573767,0,1,0.5489243027888446
Application_485368165,0,1,0.5489243027888446
Application_102597720,1,1,0.5489243027888446
Application_617431825,1,1,0.5489243027888446
Application_259502445,1,1,0.5489243027888446
Application_2014297760,1,1,0.5489243027888446
Application_805397283,1,1,0.5489243027888446
Application_598655970,0,1,0.5489243027888446
Application_1362664914,1,1,0.5489243027888446
Application_777232558,1,1,0.5489243027888446
Application_461107030,1,1,0.5489243027888446
Application_296888635,1,1,0.5489243027888446
Application_1975160417,1,1,0.5489243027888446
Application_1599405351,1,1,0.5489243027888446
Application_765925420,1,1,0.5489243027888446
Application_458227713,0,1,0.5489243027888446
Application_982338727,1,1,0.5489243027888446
Application_257082685,0,1,0.5489243027888446
Application_42337394,1,1,0.5489243027888446
Application_465715339,0,1,0.5489243027888446
Application_1654318352,0,1,0.5489243027888446
Application_808224273,0,1,0.5489243027888446
Application_1109722425,0,1,0.5489243027888446
Application_424064154,0,1,0.5489243027888446
Application_608775916,0,1,0.5489243027888446
Application_617376389,1,1,0.5489243027888446
Application_780791841,1,1,0.5489243027888446
Application_2144842406,1,1,0.5489243027888446
Application_1791993593,1,1,0.5489243027888446
Application_92624898,1,1,0.5489243027888446
Application_1896366046,1,1,0.5489243027888446
Application_1947622904,1,1,0.5489243027888446
Application_1315782276,1,1,0.5489243027888446
Application_1264408299,0,1,0.5489243027888446
Application_1580298940,0,1,0.5489243027888446
Application_1608263264,1,1,0.5489243027888446
Application_1966250349,1,1,0.5489243027888446
Application_270506031,0,1,0.5489243027888446
Application_130658775,1,1,0.5489243027888446
Application_1835001438,0,1,0.5489243027888446
Application_1339399261,0,1,0.5489243027888446
Application_398311287,0,1,0.5489243027888446
Application_579349612,1,1,0.5489243027888446
Application_1299856399,1,1,0.5489243027888446
Application_1118691851,1,1,0.5489243027888446
Application_1118317851,1,1,0.5489243027888446
Application_760288041,1,1,0.5489243027888446
Application_132830260,1,1,0.5489243027888446
Application_835024653,0,1,0.5489243027888446
Application_466597591,1,1,0.5489243027888446
Application_150503991,0,1,0.5489243027888446
Application_373875255,0,1,0.5489243027888446
Application_1998100072,1,1,0.5489243027888446
Application_1774613964,0,1,0.5489243027888446
Application_203678331,0,1,0.5489243027888446
Application_1634751250,0,1,0.5489243027888446
Application_1079589,0,1,0.5489243027888446
Application_1585601222,0,1,0.5489243027888446
Application_1309710626,1,1,0.5489243027888446
Application_1142291922,0,1,0.5489243027888446
Application_799850065,1,1,0.5489243027888446
Application_1733106091,1,1,0.5489243027888446
Application_1934171280,1,1,0.5489243027888446
Application_1487539906,0,1,0.5489243027888446
Application_1489786126,0,1,0.5489243027888446
Application_1630717104,1,1,0.5489243027888446
Application_345753341,0,1,0.5489243027888446
Application_173122257,0,1,0.5489243027888446
Application_1274866621,0,1,0.5489243027888446
Application_536009009,1,1,0.5489243027888446
Application_1151598575,1,1,0.5489243027888446
Application_1332066828,0,1,0.5489243027888446
Application_580014021,1,1,0.5489243027888446
Application_904306212,1,1,0.5489243027888446
Application_403304705,1,1,0.5489243027888446
Application_2069545303,1,1,0.5489243027888446
Application_1778799137,0,1,0.5489243027888446
Application_139141595,1,1,0.5489243027888446
Application_492258182,0,1,0.5489243027888446
Application_577888910,1,1,0.5489243027888446
Application_496050212,1,1,0.5489243027888446
Application_137438189,1,1,0.5489243027888446
Application_495428388,0,1,0.5489243027888446
Application_853712921,1,1,0.5489243027888446
Application_1364469216,0,1,0.5489243027888446
Application_1276203911,1,1,0.5489243027888446
Application_937270089,0,1,0.5489243027888446
Application_1944447595,1,1,0.5489243027888446
Application_1722936368,1,1,0.5489243027888446
Application_1069511528,0,1,0.5489243027888446
Application_1273931422,0,1,0.5489243027888446
Application_1104839673,1,1,0.5489243027888446
Application_492292182,1,1,0.5489243027888446
Application_416188880,1,1,0.5489243027888446
Application_1980887074,1,1,0.5489243027888446
Application_1294558199,0,1,0.5489243027888446
Application_1602891050,0,1,0.5489243027888446
Application_867400149,1,1,0.5489243027888446
Application_1056831748,1,1,0.5489243027888446
Application_206790509,1,1,0.5489243027888446
Application_994315361,0,1,0.5489243027888446
Application_1424659757,1,1,0.5489243027888446
Application_2018809027,0,1,0.5489243027888446
Application_1096460123,1,1,0.5489243027888446
Application_1639814791,1,1,0.5489243027888446
Application_109718783,0,1,0.5489243027888446
Application_1281070255,0,1,0.5489243027888446
Application_633655173,0,1,0.5489243027888446
Application_848421176,1,1,0.5489243027888446
Application_440813334,1,1,0.5489243027888446
Application_418738843,1,1,0.5489243027888446
Application_1978331738,1,1,0.5489243027888446
Application_1303460272,1,1,0.5489243027888446
Application_1558264214,1,1,0.5489243027888446
Application_2016510614,1,1,0.5489243027888446
Application_1291464093,1,1,0.5489243027888446
Application_575764720,1,1,0.5489243027888446
Application_1207519267,0,1,0.5489243027888446
Application_498556066,1,1,0.5489243027888446
Application_1411809915,0,1,0.5489243027888446
Application_1803710713,1,1,0.5489243027888446
Application_1930612093,1,1,0.5489243027888446
Application_1193407725,0,1,0.5489243027888446
Application_413991815,1,1,0.5489243027888446
Application_2004968371,1,1,0.5489243027888446
Application_159448414,0,1,0.5489243027888446
Application_199304010,0,1,0.5489243027888446
Application_584717195,0,1,0.5489243027888446
Application_229012140,1,1,0.5489243027888446
Application_200417599,1,1,0.5489243027888446
Application_844863430,1,1,0.5489243027888446
Application_1352726942,0,1,0.5489243027888446
Application_1670398352,1,1,0.5489243027888446
Application_346568508,0,1,0.5489243027888446
Application_776477117,1,1,0.5489243027888446
Application_1286125502,1,1,0.5489243027888446
Application_1027859705,0,1,0.5489243027888446
Application_1688232773,1,1,0.5489243027888446
Application_1857366417,0,1,0.5489243027888446
Application_1031465496,1,1,0.5489243027888446
Application_1416635588,1,1,0.5489243027888446
Application_2014671768,0,1,0.5489243027888446
Application_685452919,1,1,0.5489243027888446
Application_306086229,0,1,0.5489243027888446
Application_397038537,0,1,0.5489243027888446
Application_1750932659,1,1,0.5489243027888446
Application_1473464035,1,1,0.5489243027888446
Application_1666420643,1,1,0.5489243027888446
Application_2095793548,1,1,0.5489243027888446
Application_448783031,1,1,0.5489243027888446
Application_1331809820,1,1,0.5489243027888446
Application_1698334648,0,1,0.5489243027888446
Application_1505236670,1,1,0.5489243027888446
Application_1706866981,1,1,0.5489243027888446
Application_301727231,1,1,0.5489243027888446
Application_2124127933,1,1,0.5489243027888446
Application_1863192115,1,1,0.5489243027888446
Application_1194664458,1,1,0.5489243027888446
Application_1375807341,1,1,0.5489243027888446
Application_2133818678,1,1,0.5489243027888446
Application_1343499545,1,1,0.5489243027888446
Application_146114459,0,1,0.5489243027888446
Application_422637212,1,1,0.5489243027888446
Application_1234365113,1,1,0.5489243027888446
Application_1668457930,1,1,0.5489243027888446
Application_877522071,1,1,0.5489243027888446
Application_1920432865,0,1,0.5489243027888446
Application_198284297,0,1,0.5489243027888446
Application_500790886,1,1,0.5489243027888446
Application_875614911,0,1,0.5489243027888446
Application_768742802,1,1,0.5489243027888446
Application_1270826821,1,1,0.5489243027888446
Application_357880380,0,1,0.5489243027888446
Application_151961393,1,1,0.5489243027888446
Application_1523986735,0,1,0.5489243027888446
Application_1991464898,1,1,0.5489243027888446
Application_1953838407,1,1,0.5489243027888446
Application_1225769256,0,1,0.5489243027888446
Application_1089290640,1,1,0.5489243027888446
Application_734009956,1,1,0.5489243027888446
Application_1225025970,0,1,0.5489243027888446
Application_427316676,0,1,0.5489243027888446
Application_1549000634,0,1,0.5489243027888446
Application_1995644843,0,1,0.5489243027888446
Application_1672037226,0,1,0.5489243027888446
Application_312224974,0,1,0.5489243027888446
Application_12315854,1,1,0.5489243027888446
Application_1651532326,1,1,0.5489243027888446
Application_768687683,0,1,0.5489243027888446
Application_1425820279,1,1,0.5489243027888446
Application_1799331916,1,1,0.5489243027888446
Application_348990686,0,1,0.5489243027888446
Application_496532501,1,1,0.5489243027888446
Application_1063026978,1,1,0.5489243027888446
Application_84195997,1,1,0.5489243027888446
Application_1417653464,0,1,0.5489243027888446
Application_1775767690,0,1,0.5489243027888446
Application_1213009008,1,1,0.5489243027888446
Application_497474417,1,1,0.5489243027888446
Application_2139692519,1,1,0.5489243027888446
Application_1836370033,1,1,0.5489243027888446
Application_1052164642,1,1,0.5489243027888446
Application_11454632,0,1,0.5489243027888446
Application_1735095439,1,1,0.5489243027888446
Application_1093861933,1,1,0.5489243027888446
Application_1941614665,0,1,0.5489243027888446
Application_79681847,0,1,0.5489243027888446
Application_1413720992,1,1,0.5489243027888446
Application_1760797021,1,1,0.5489243027888446
Application_1846291324,0,1,0.5489243027888446
Application_5901167,1,1,0.5489243027888446
Application_270571049,1,1,0.5489243027888446
Application_1944896918,0,1,0.5489243027888446
Application_1632505002,0,1,0.5489243027888446
Application_200942443,1,1,0.5489243027888446
Application_1194573334,0,1,0.5489243027888446
Application_1485367187,1,1,0.5489243027888446
Application_1708591985,1,1,0.5489243027888446
Application_276603327,0,1,0.5489243027888446
Application_1038660996,0,1,0.5489243027888446
Application_1223092363,1,1,0.5489243027888446
Application_1529928107,1,1,0.5489243027888446
Application_2116628095,1,1,0.5489243027888446
Application_1691065242,0,1,0.5489243027888446
Application_639466397,0,1,0.5489243027888446
Application_2122822719,0,1,0.5489243027888446
Application_1607821509,0,1,0.5489243027888446
Application_1867138516,0,1,0.5489243027888446
Application_1509336603,1,1,0.5489243027888446
Application_1218332981,1,1,0.5489243027888446
Application_1201250492,1,1,0.5489243027888446
Application_1559533192,1,1,0.5489243027888446
Application_656903784,1,1,0.5489243027888446
Application_1107513596,0,1,0.5489243027888446
Application_417539169,1,1,0.5489243027888446
Application_2046377218,0,1,0.5489243027888446
Application_1486220145,0,1,0.5489243027888446
Application_842022801,1,1,0.5489243027888446
Application_1680183215,1,1,0.5489243027888446
Application_2038146278,1,1,0.5489243027888446
Application_380770908,0,1,0.5489243027888446
Application_1282746821,1,1,0.5489243027888446
Application_1710523057,1,1,0.5489243027888446
Application_945696184,1,1,0.5489243027888446
Application_647413273,0,1,0.5489243027888446
Application_1877362067,1,1,0.5489243027888446
Application_977273044,1,1,0.5489243027888446
Application_1771690507,0,1,0.5489243027888446
Application_1034775753,1,1,0.5489243027888446
Application_1156380786,1,1,0.5489243027888446
Application_2056174200,1,1,0.5489243027888446
Application_1288727835,0,1,0.5489243027888446
Application_2036474370,1,1,0.5489243027888446
Application_1538042026,1,1,0.5489243027888446
Application_394037983,0,1,0.5489243027888446
Application_339123229,0,1,0.5489243027888446
Application_1476487383,1,1,0.5489243027888446
Application_1221269355,1,1,0.5489243027888446
Application_858789639,0,1,0.5489243027888446
Application_2114671174,1,1,0.5489243027888446
Application_1752144011,0,1,0.5489243027888446
Application_625101684,1,1,0.5489243027888446
Application_449256078,0,1,0.5489243027888446
Application_949156991,1,1,0.5489243027888446
Application_112299550,0,1,0.5489243027888446
Application_894204901,1,1,0.5489243027888446
Application_327297232,1,1,0.5489243027888446
Application_134173506,0,1,0.5489243027888446
Application_697031349,1,1,0.5489243027888446
Application_1324680297,1,1,0.5489243027888446
Application_590215732,0,1,0.5489243027888446
Application_804644820,1,1,0.5489243027888446
Application_8404955,1,1,0.5489243027888446
Application_2086545012,1,1,0.5489243027888446
Application_1951442644,1,1,0.5489243027888446
Application_1521189869,1,1,0.5489243027888446
Application_1267533811,1,1,0.5489243027888446
Application_1140019355,0,1,0.5489243027888446
Application_2071863649,0,1,0.5489243027888446
Application_368529383,1,1,0.5489243027888446
Application_1304842887,0,1,0.5489243027888446
Application_455972560,0,1,0.5489243027888446
Application_2116062822,0,1,0.5489243027888446
Application_1732251203,1,1,0.5489243027888446
Application_942579594,0,1,0.5489243027888446
Application_375142001,1,1,0.5489243027888446
Application_58375214,0,1,0.5489243027888446
Application_308066254,1,1,0.5489243027888446
Application_1174968511,0,1,0.5489243027888446
Application_699052493,1,1,0.5489243027888446
Application_131244628,1,1,0.5489243027888446
Application_1331492368,1,1,0.5489243027888446
Application_589186855,0,1,0.5489243027888446
Application_795733035,1,1,0.5489243027888446
Application_123834627,1,1,0.5489243027888446
Application_951361217,1,1,0.5489243027888446
Application_1248532589,0,1,0.5489243027888446
Application_19269284,0,1,0.5489243027888446
Application_346988751,1,1,0.5489243027888446
Application_2073034588,1,1,0.5489243027888446
Application_2091517201,1,1,0.5489243027888446
Application_1775620157,1,1,0.5489243027888446
Application_998666405,0,1,0.5489243027888446
Application_1756698619,1,1,0.5489243027888446
Application_1273835556,0,1,0.5489243027888446
Application_2086754710,0,1,0.5489243027888446
Application_1771092914,0,1,0.5489243027888446
Application_2081457336,1,1,0.5489243027888446
Application_380969432,0,1,0.5489243027888446
Application_48361308,0,1,0.5489243027888446
Application_317789291,0,1,0.5489243027888446
Application_2121050611,0,1,0.5489243027888446
Application_1039200421,1,1,0.5489243027888446
Application_1472653306,1,1,0.5489243027888446
Application_1123655418,1,1,0.5489243027888446
Application_823830081,1,1,0.5489243027888446
Application_1321952381,1,1,0.5489243027888446
Application_2121891434,1,1,0.5489243027888446
Application_140463362,1,1,0.5489243027888446
Application_1265044597,0,1,0.5489243027888446
Application_1437966300,1,1,0.5489243027888446
Application_616416650,0,1,0.5489243027888446
Application_354974392,1,1,0.5489243027888446
Application_738335164,0,1,0.5489243027888446
Application_1200105859,0,1,0.5489243027888446
Application_116887817,0,1,0.5489243027888446
Application_2029271670,0,1,0.5489243027888446
Application_596574084,1,1,0.5489243027888446
Application_586969154,1,1,0.5489243027888446
Application_2031841757,1,1,0.5489243027888446
Application_2047886665,0,1,0.5489243027888446
Application_246097895,1,1,0.5489243027888446
Application_1768409536,0,1,0.5489243027888446
Application_1140214785,1,1,0.5489243027888446
Application_1452620578,1,1,0.5489243027888446
Application_1316556140,1,1,0.5489243027888446
Application_558507947,0,1,0.5489243027888446
Application_377692746,0,1,0.5489243027888446
Application_664337168,0,1,0.5489243027888446
Application_1157455039,0,1,0.5489243027888446
Application_892427793,0,1,0.5489243027888446
Application_1524859554,0,1,0.5489243027888446
Application_441988653,1,1,0.5489243027888446
Application_70606235,0,1,0.5489243027888446
Application_2051974818,1,1,0.5489243027888446
Application_88952849,0,1,0.5489243027888446
Application_1121095468,1,1,0.5489243027888446
Application_1487829407,1,1,0.5489243027888446
Application_2091145908,1,1,0.5489243027888446
Application_527482957,0,1,0.5489243027888446
Application_1781633903,1,1,0.5489243027888446
Application_1600471037,0,1,0.5489243027888446
Application_2111959979,1,1,0.5489243027888446
Application_1959538261,1,1,0.5489243027888446
Application_54902350,1,1,0.5489243027888446
Application_707770540,1,1,0.5489243027888446
Application_793997351,0,1,0.5489243027888446
Application_528558455,0,1,0.5489243027888446
Application_576386053,1,1,0.5489243027888446
Application_1254474288,1,1,0.5489243027888446
Application_306812685,0,1,0.5489243027888446
Application_1601194488,0,1,0.5489243027888446
Application_166936167,1,1,0.5489243027888446
Application_981954059,0,1,0.5489243027888446
Application_1837286038,0,1,0.5489243027888446
Application_1479317863,0,1,0.5489243027888446
Application_216444008,1,1,0.5489243027888446
Application_620336293,1,1,0.5489243027888446
Application_396978498,1,1,0.5489243027888446
Application_940705047,0,1,0.5489243027888446
Application_308748254,1,1,0.5489243027888446
Application_597522926,1,1,0.5489243027888446
Application_1970703703,0,1,0.5489243027888446
Application_1680088322,1,1,0.5489243027888446
Application_125846800,1,1,0.5489243027888446
Application_467957342,1,1,0.5489243027888446
Application_1169664042,1,1,0.5489243027888446
Application_1475968760,0,1,0.5489243027888446
Application_957957984,0,1,0.5489243027888446
Application_616910723,0,1,0.5489243027888446
Application_643047755,1,1,0.5489243027888446
Application_2111973389,1,1,0.5489243027888446
Application_92984842,1,1,0.5489243027888446
Application_286137335,0,1,0.5489243027888446
Application_1569475999,1,1,0.5489243027888446
Application_2033120546,1,1,0.5489243027888446
Application_84533120,1,1,0.5489243027888446
Application_111867995,1,1,0.5489243027888446
Application_1533785960,1,1,0.5489243027888446
Application_1963219466,0,1,0.5489243027888446
Application_1820504290,0,1,0.5489243027888446
Application_1336423282,1,1,0.5489243027888446
Application_610454003,0,1,0.5489243027888446
Application_260702936,1,1,0.5489243027888446
Application_955811445,1,1,0.5489243027888446
Application_632866158,0,1,0.5489243027888446
Application_372912766,0,1,0.5489243027888446
Application_747812656,1,1,0.5489243027888446
Application_1852538604,0,1,0.5489243027888446
Application_770018911,0,1,0.5489243027888446
Application_292866700,0,1,0.5489243027888446
Application_995537269,1,1,0.5489243027888446
Application_1449066412,1,1,0.5489243027888446
Application_251304842,1,1,0.5489243027888446
Application_376118809,1,1,0.5489243027888446
Application_750872976,0,1,0.5489243027888446
Application_1756143119,0,1,0.5489243027888446
Application_1684641986,1,1,0.5489243027888446
Application_681711857,1,1,0.5489243027888446
Application_1671150390,1,1,0.5489243027888446
Application_1241865852,0,1,0.5489243027888446
Application_1743002787,1,1,0.5489243027888446
Application_1835983478,1,1,0.5489243027888446
Application_310417357,0,1,0.5489243027888446
Application_1603793312,1,1,0.5489243027888446
Application_1027449105,1,1,0.5489243027888446
Application_565689430,1,1,0.5489243027888446
Application_637748400,0,1,0.5489243027888446
Application_1192817854,1,1,0.5489243027888446
Application_299209464,1,1,0.5489243027888446
Application_118076535,0,1,0.5489243027888446
Application_1571539418,1,1,0.5489243027888446
Application_1180779910,0,1,0.5489243027888446
Application_676903448,1,1,0.5489243027888446
Application_1292771933,0,1,0.5489243027888446
Application_1281227660,1,1,0.5489243027888446
Application_1091454310,1,1,0.5489243027888446
Application_2067187791,1,1,0.5489243027888446
Application_203590810,0,1,0.5489243027888446
Application_350793850,1,1,0.5489243027888446
Application_835755263,1,1,0.5489243027888446
Application_1277464254,0,1,0.5489243027888446
Application_1559916934,0,1,0.5489243027888446
Application_1909723515,1,1,0.5489243027888446
Application_349709198,1,1,0.5489243027888446
Application_96732613,1,1,0.5489243027888446
Application_1291843877,1,1,0.5489243027888446
Application_1616117711,0,1,0.5489243027888446
Application_1035618893,1,1,0.5489243027888446
Application_115387399,0,1,0.5489243027888446
Application_516500707,0,1,0.5489243027888446
Application_207185826,0,1,0.5489243027888446
Application_906296960,0,1,0.5489243027888446
Application_1151718196,1,1,0.5489243027888446
Application_856935152,0,1,0.5489243027888446
Application_1324210895,0,1,0.5489243027888446
Application_2024477286,0,1,0.5489243027888446
Application_567052727,1,1,0.5489243027888446
Application_242826105,0,1,0.5489243027888446
Application_976227600,1,1,0.5489243027888446
Application_1152706558,0,1,0.5489243027888446
Application_828330778,1,1,0.5489243027888446
Application_1289012778,1,1,0.5489243027888446
Application_1988195018,0,1,0.5489243027888446
Application_1004385970,1,1,0.5489243027888446
Application_823313933,0,1,0.5489243027888446
Application_1501607525,1,1,0.5489243027888446
Application_1185560776,1,1,0.5489243027888446
Application_884403770,1,1,0.5489243027888446
Application_188928908,1,1,0.5489243027888446
Application_426803060,1,1,0.5489243027888446
Application_1777192556,0,1,0.5489243027888446
Application_1145195394,0,1,0.5489243027888446
Application_2099334395,0,1,0.5489243027888446
Application_637712751,1,1,0.5489243027888446
Application_1147242139,1,1,0.5489243027888446
Application_280615913,1,1,0.5489243027888446
Application_192191311,0,1,0.5489243027888446
Application_1281219916,1,1,0.5489243027888446
Application_1282418399,0,1,0.5489243027888446
Application_1353848792,1,1,0.5489243027888446
Application_201115305,1,1,0.5489243027888446
Application_1896375934,1,1,0.5489243027888446
Application_1173481848,1,1,0.5489243027888446
Application_815196626,1,1,0.5489243027888446
Application_280347903,1,1,0.5489243027888446
Application_1757112551,0,1,0.5489243027888446
Application_421465179,0,1,0.5489243027888446
Application_97480244,0,1,0.5489243027888446
Application_1273899378,0,1,0.5489243027888446
Application_1172008352,1,1,0.5489243027888446
Application_199635820,0,1,0.5489243027888446
Application_561835971,1,1,0.5489243027888446
Application_785158436,1,1,0.5489243027888446
Application_197229144,0,1,0.5489243027888446
Application_413047262,1,1,0.5489243027888446
Application_1151306652,1,1,0.5489243027888446
Application_767764149,0,1,0.5489243027888446
Application_1307592624,1,1,0.5489243027888446
Application_2089979544,1,1,0.5489243027888446
Application_1736978527,0,1,0.5489243027888446
Application_1660705348,1,1,0.5489243027888446
Application_739670840,1,1,0.5489243027888446
Application_1182794641,1,1,0.5489243027888446
Application_435186946,0,1,0.5489243027888446
Application_85502316,0,1,0.5489243027888446
Application_1733732825,1,1,0.5489243027888446
Application_802752710,1,1,0.5489243027888446
Application_1614113082,0,1,0.5489243027888446
Application_2060708769,1,1,0.5489243027888446
Application_1271570199,1,1,0.5489243027888446
Application_2025018320,1,1,0.5489243027888446
Application_1769060911,1,1,0.5489243027888446
Application_1662487403,1,1,0.5489243027888446
Application_412434860,1,1,0.5489243027888446
Application_196951548,1,1,0.5489243027888446
Application_948141705,1,1,0.5489243027888446
Application_104922918,0,1,0.5489243027888446
Application_2022507317,1,1,0.5489243027888446
Application_2128191185,0,1,0.5489243027888446
Application_764226645,1,1,0.5489243027888446
Application_591439695,1,1,0.5489243027888446
Application_918979468,0,1,0.5489243027888446
Application_1989234441,0,1,0.5489243027888446
Application_1664858516,1,1,0.5489243027888446
Application_408864407,0,1,0.5489243027888446
Application_345264629,0,1,0.5489243027888446
Application_37787490,1,1,0.5489243027888446
Application_1365116675,1,1,0.5489243027888446
Application_952114406,0,1,0.5489243027888446
Application_590010761,1,1,0.5489243027888446
Application_1317388562,1,1,0.5489243027888446
Application_721895690,1,1,0.5489243027888446
Application_1046524820,1,1,0.5489243027888446
Application_1370945476,0,1,0.5489243027888446
Application_584583269,1,1,0.5489243027888446
Application_908012089,0,1,0.5489243027888446
Application_398065440,0,1,0.5489243027888446
Application_31519304,0,1,0.5489243027888446
Application_1119346613,1,1,0.5489243027888446
Application_474380883,1,1,0.5489243027888446
Application_1669477442,1,1,0.5489243027888446
Application_714768274,0,1,0.5489243027888446
Application_354855594,0,1,0.5489243027888446
Application_294013307,1,1,0.5489243027888446
Application_172695266,1,1,0.5489243027888446
Application_781529602,1,1,0.5489243027888446
Application_1481242369,0,1,0.5489243027888446
Application_585298607,0,1,0.5489243027888446
Application_728981441,0,1,0.5489243027888446
Application_943868855,1,1,0.5489243027888446
Application_1449370855,1,1,0.5489243027888446
Application_1664236078,1,1,0.5489243027888446
Application_1914483239,1,1,0.5489243027888446
Application_178100585,0,1,0.5489243027888446
Application_946802204,1,1,0.5489243027888446
Application_1118794258,1,1,0.5489243027888446
Application_690024942,1,1,0.5489243027888446
Application_1879232225,0,1,0.5489243027888446
Application_2042834818,0,1,0.5489243027888446
Application_2020581879,0,1,0.5489243027888446
Application_1343349327,0,1,0.5489243027888446
Application_481277636,0,1,0.5489243027888446
Application_910003252,0,1,0.5489243027888446
Application_1099663893,0,1,0.5489243027888446
Application_253227112,1,1,0.5489243027888446
Application_158230798,1,1,0.5489243027888446
Application_1665515241,1,1,0.5489243027888446
Application_1341133743,0,1,0.5489243027888446
Application_1154947942,1,1,0.5489243027888446
Application_1874674743,1,1,0.5489243027888446
Application_129565630,1,1,0.5489243027888446
Application_1104784494,0,1,0.5489243027888446
Application_255370233,1,1,0.5489243027888446
Application_1263939811,1,1,0.5489243027888446
Application_245123210,1,1,0.5489243027888446
Application_89083515,1,1,0.5489243027888446
Application_684289625,0,1,0.5489243027888446
Application_972388617,0,1,0.5489243027888446
Application_227670423,1,1,0.5489243027888446
Application_1623687781,0,1,0.5489243027888446
Application_1096081779,1,1,0.5489243027888446
Application_1801822059,0,1,0.5489243027888446
Application_1444191625,0,1,0.5489243027888446
Application_811825935,1,1,0.5489243027888446
Application_440695787,1,1,0.5489243027888446
Application_793873060,1,1,0.5489243027888446
Application_1173289988,0,1,0.5489243027888446
Application_1738270116,0,1,0.5489243027888446
Application_346829278,0,1,0.5489243027888446
Application_1618215402,1,1,0.5489243027888446
Application_1706151514,0,1,0.5489243027888446
Application_1084951999,1,1,0.5489243027888446
Application_1108410496,1,1,0.5489243027888446
Application_1331678337,0,1,0.5489243027888446
Application_409154003,1,1,0.5489243027888446
Application_1400741815,0,1,0.5489243027888446
Application_1780196758,0,1,0.5489243027888446
Application_99697167,0,1,0.5489243027888446
Application_697324457,1,1,0.5489243027888446
Application_1669392427,1,1,0.5489243027888446
Application_974380976,1,1,0.5489243027888446
Application_1020696982,1,1,0.5489243027888446
Application_190734181,0,1,0.5489243027888446
Application_1686395823,1,1,0.5489243027888446
Application_2048381730,0,1,0.5489243027888446
Application_2015423706,0,1,0.5489243027888446
Application_1339681597,1,1,0.5489243027888446
Application_367455904,1,1,0.5489243027888446
Application_1662440609,0,1,0.5489243027888446
Application_1447384497,0,1,0.5489243027888446
Application_798496213,1,1,0.5489243027888446
Application_120400056,1,1,0.5489243027888446
Application_579275809,0,1,0.5489243027888446
Application_1375435938,0,1,0.5489243027888446
Application_789334077,0,1,0.5489243027888446
Application_680448181,0,1,0.5489243027888446
Application_642553020,1,1,0.5489243027888446
Application_2113040289,1,1,0.5489243027888446
Application_1754878754,0,1,0.5489243027888446
Application_520506247,1,1,0.5489243027888446
Application_972486124,0,1,0.5489243027888446
Application_1465025013,1,1,0.5489243027888446
Application_462882090,0,1,0.5489243027888446
Application_821026605,1,1,0.5489243027888446
Application_391099640,0,1,0.5489243027888446
Application_36831628,0,1,0.5489243027888446
Application_455616073,1,1,0.5489243027888446
Application_997240244,0,1,0.5489243027888446
Application_294586112,0,1,0.5489243027888446
Application_1578090032,1,1,0.5489243027888446
Application_1464780823,1,1,0.5489243027888446
Application_1148505526,0,1,0.5489243027888446
Application_1108553853,1,1,0.5489243027888446
Application_81196974,1,1,0.5489243027888446
Application_1296197799,1,1,0.5489243027888446
Application_644340095,1,1,0.5489243027888446
Application_1474055956,1,1,0.5489243027888446
Application_2122792904,0,1,0.5489243027888446
Application_95477936,0,1,0.5489243027888446
Application_1472969785,0,1,0.5489243027888446
Application_685130299,1,1,0.5489243027888446
Application_1307722721,0,1,0.5489243027888446
Application_1959777138,1,1,0.5489243027888446
Application_1971989358,1,1,0.5489243027888446
Application_1689701428,1,1,0.5489243027888446
Application_855239950,1,1,0.5489243027888446
Application_1230130783,0,1,0.5489243027888446
Application_642608905,1,1,0.5489243027888446
Application_251670774,1,1,0.5489243027888446
Application_213211686,1,1,0.5489243027888446
Application_1859387169,0,1,0.5489243027888446
Application_1523406683,1,1,0.5489243027888446
Application_159263293,0,1,0.5489243027888446
Application_538311021,1,1,0.5489243027888446
Application_604648984,1,1,0.5489243027888446
Application_182597722,1,1,0.5489243027888446
Application_2042847086,0,1,0.5489243027888446
Application_538869641,0,1,0.5489243027888446
Application_539120928,1,1,0.5489243027888446
Application_349515920,1,1,0.5489243027888446
Application_1811471028,0,1,0.5489243027888446
Application_1503054725,1,1,0.5489243027888446
Application_963564266,1,1,0.5489243027888446
Application_1288084480,1,1,0.5489243027888446
Application_420599570,0,1,0.5489243027888446
Application_2045954559,0,1,0.5489243027888446
Application_2076314524,1,1,0.5489243027888446
Application_1597735097,1,1,0.5489243027888446
Application_923730558,0,1,0.5489243027888446
Application_1104697616,1,1,0.5489243027888446
Application_207339253,0,1,0.5489243027888446
Application_1920062674,1,1,0.5489243027888446
Application_1785650204,1,1,0.5489243027888446
Application_1293120092,0,1,0.5489243027888446
Application_1284230014,1,1,0.5489243027888446
Application_926052296,0,1,0.5489243027888446
Application_568127104,1,1,0.5489243027888446
Application_522420767,1,1,0.5489243027888446
Application_564834372,1,1,0.5489243027888446
Application_1920137077,0,1,0.5489243027888446
Application_1469334320,1,1,0.5489243027888446
Application_74864529,0,1,0.5489243027888446
Application_2008203162,0,1,0.5489243027888446
Application_1291971664,0,1,0.5489243027888446
Application_1607880476,0,1,0.5489243027888446
Application_1919805494,0,1,0.5489243027888446
Application_1288647467,1,1,0.5489243027888446
Application_920967125,1,1,0.5489243027888446
Application_1110847631,1,1,0.5489243027888446
Application_1283651073,0,1,0.5489243027888446
Application_212002191,1,1,0.5489243027888446
Application_1918491897,0,1,0.5489243027888446
Application_936279128,0,1,0.5489243027888446
Application_1128308263,0,1,0.5489243027888446
Application_905082437,0,1,0.5489243027888446
Application_2092228035,1,1,0.5489243027888446
Application_214156122,1,1,0.5489243027888446
Application_844831749,1,1,0.5489243027888446
Application_528406867,0,1,0.5489243027888446
Application_102977791,1,1,0.5489243027888446
Application_1607153860,0,1,0.5489243027888446
Application_1160716330,0,1,0.5489243027888446
Application_717400110,1,1,0.5489243027888446
Application_1471430106,1,1,0.5489243027888446
Application_1432791901,1,1,0.5489243027888446
Application_175918237,0,1,0.5489243027888446
Application_365485542,0,1,0.5489243027888446
Application_540373333,1,1,0.5489243027888446
Application_359276048,1,1,0.5489243027888446
Application_1473625375,1,1,0.5489243027888446
Application_1435594188,1,1,0.5489243027888446
Application_1998307400,1,1,0.5489243027888446
Application_1295538492,1,1,0.5489243027888446
Application_1203000059,1,1,0.5489243027888446
Application_1302829474,0,1,0.5489243027888446
Application_154623800,0,1,0.5489243027888446
Application_1022084723,0,1,0.5489243027888446
Application_2061784142,1,1,0.5489243027888446
Application_1872244741,0,1,0.5489243027888446
Application_2097115739,1,1,0.5489243027888446
Application_1864868732,1,1,0.5489243027888446
Application_226209957,1,1,0.5489243027888446
Application_1625456407,0,1,0.5489243027888446
Application_1427438242,1,1,0.5489243027888446
Application_1924151739,0,1,0.5489243027888446
Application_583747115,0,1,0.5489243027888446
Application_204408152,0,1,0.5489243027888446
Application_1307546210,0,1,0.5489243027888446
Application_1665584404,0,1,0.5489243027888446
Application_929015547,1,1,0.5489243027888446
Application_1850153393,1,1,0.5489243027888446
Application_936141381,0,1,0.5489243027888446
Application_1711861534,1,1,0.5489243027888446
Application_2061020149,1,1,0.5489243027888446
Application_695960596,1,1,0.5489243027888446
Application_877772414,1,1,0.5489243027888446
Application_1345333868,0,1,0.5489243027888446
Application_548136507,0,1,0.5489243027888446
Application_232254008,1,1,0.5489243027888446
Application_147056337,0,1,0.5489243027888446
Application_121670659,1,1,0.5489243027888446
Application_307801348,1,1,0.5489243027888446
Application_1885130117,0,1,0.5489243027888446
Application_2075014351,1,1,0.5489243027888446
Application_1425800430,0,1,0.5489243027888446
Application_86314749,0,1,0.5489243027888446
Application_5904996,0,1,0.5489243027888446
Application_343744148,1,1,0.5489243027888446
Application_2694097,1,1,0.5489243027888446
Application_346848867,1,1,0.5489243027888446
Application_1721325720,0,1,0.5489243027888446
Application_637297513,0,1,0.5489243027888446
Application_781442980,1,1,0.5489243027888446
Application_1489510821,1,1,0.5489243027888446
Application_1140000103,0,1,0.5489243027888446
Application_1072302976,0,1,0.5489243027888446
Application_1300309831,0,1,0.5489243027888446
Application_1365437313,0,1,0.5489243027888446
Application_313527996,0,1,0.5489243027888446
Application_2055157815,1,1,0.5489243027888446
Application_1920623384,0,1,0.5489243027888446
Application_1840472630,1,1,0.5489243027888446
Application_1371434911,0,1,0.5489243027888446
Application_973398039,1,1,0.5489243027888446
Application_480070910,1,1,0.5489243027888446
Application_1731879894,1,1,0.5489243027888446
Application_1846693519,1,1,0.5489243027888446
Application_738077974,0,1,0.5489243027888446
Application_1480117653,0,1,0.5489243027888446
Application_1842271625,0,1,0.5489243027888446
Application_1650299745,0,1,0.5489243027888446
Application_323040575,0,1,0.5489243027888446
Application_125498955,1,1,0.5489243027888446
Application_763928658,1,1,0.5489243027888446
Application_752373732,1,1,0.5489243027888446
Application_760841149,1,1,0.5489243027888446
Application_470096249,0,1,0.5489243027888446
Application_292094395,1,1,0.5489243027888446
Application_339730120,0,1,0.5489243027888446
Application_385045680,0,1,0.5489243027888446
Application_566670119,1,1,0.5489243027888446
Application_1594317140,1,1,0.5489243027888446
Application_1388031954,1,1,0.5489243027888446
Application_978016195,1,1,0.5489243027888446
Application_1201267547,0,1,0.5489243027888446
Application_1473894342,1,1,0.5489243027888446
Application_386657742,0,1,0.5489243027888446
Application_973075457,1,1,0.5489243027888446
Application_526257863,1,1,0.5489243027888446
Application_749923491,0,1,0.5489243027888446
Application_991116281,1,1,0.5489243027888446
Application_101973919,1,1,0.5489243027888446
Application_240111953,0,1,0.5489243027888446
Application_548377578,1,1,0.5489243027888446
Application_1880895995,0,1,0.5489243027888446
Application_510096383,1,1,0.5489243027888446
Application_1205291296,1,1,0.5489243027888446
Application_1139095492,1,1,0.5489243027888446
Application_2066939992,0,1,0.5489243027888446
Application_1513197861,1,1,0.5489243027888446
Application_1138343850,0,1,0.5489243027888446
Application_755180147,1,1,0.5489243027888446
Application_1600982783,1,1,0.5489243027888446
Application_63986078,0,1,0.5489243027888446
Application_1620539143,0,1,0.5489243027888446
Application_1690998892,0,1,0.5489243027888446
Application_1757332206,0,1,0.5489243027888446
Application_1971226606,1,1,0.5489243027888446
Application_1464086854,0,1,0.5489243027888446
Application_1366950042,1,1,0.5489243027888446
Application_1084809711,1,1,0.5489243027888446
Application_402938046,1,1,0.5489243027888446
Application_179713283,0,1,0.5489243027888446
Application_997592088,0,1,0.5489243027888446
Application_976453500,0,1,0.5489243027888446
Application_983620351,1,1,0.5489243027888446
Application_1976127206,1,1,0.5489243027888446
Application_1555975178,1,1,0.5489243027888446
Application_175406399,1,1,0.5489243027888446
Application_173259774,1,1,0.5489243027888446
Application_1973871032,1,1,0.5489243027888446
Application_1331295233,1,1,0.5489243027888446
Application_1246985104,1,1,0.5489243027888446
Application_1086358390,0,1,0.5489243027888446
Application_340094554,1,1,0.5489243027888446
Application_319284701,1,1,0.5489243027888446
Application_2116148116,0,1,0.5489243027888446
Application_1395429395,1,1,0.5489243027888446
Application_1970086923,1,1,0.5489243027888446
Application_1824209977,1,1,0.5489243027888446
Application_995124359,1,1,0.5489243027888446
Application_1120624192,0,1,0.5489243027888446
Application_795804396,1,1,0.5489243027888446
Application_1278754356,0,1,0.5489243027888446
Application_2118057291,1,1,0.5489243027888446
Application_1392931200,1,1,0.5489243027888446
Application_734030906,1,1,0.5489243027888446
Application_2115042059,0,1,0.5489243027888446
Application_1685478310,1,1,0.5489243027888446
Application_1504346428,0,1,0.5489243027888446
Application_187611464,1,1,0.5489243027888446
Application_343088948,1,1,0.5489243027888446
Application_2112573494,1,1,0.5489243027888446
Application_1695492315,0,1,0.5489243027888446
Application_1272345729,1,1,0.5489243027888446
Application_1953871052,0,1,0.5489243027888446
Application_1742866950,0,1,0.5489243027888446
Application_1286165737,1,1,0.5489243027888446
Application_1086189813,1,1,0.5489243027888446
Application_775396942,0,1,0.5489243027888446
Application_125111453,1,1,0.5489243027888446
Application_1713552898,0,1,0.5489243027888446
Application_1018266027,0,1,0.5489243027888446
Application_1508285623,1,1,0.5489243027888446
Application_232070640,1,1,0.5489243027888446
Application_126161718,1,1,0.5489243027888446
Application_971594478,1,1,0.5489243027888446
Application_646977549,0,1,0.5489243027888446
Application_272933056,1,1,0.5489243027888446
Application_51430642,1,1,0.5489243027888446
Application_447126113,1,1,0.5489243027888446
Application_164769477,0,1,0.5489243027888446
Application_201839146,1,1,0.5489243027888446
Application_483931042,0,1,0.5489243027888446
Application_1744217682,0,1,0.5489243027888446
Application_1095263419,1,1,0.5489243027888446
Application_1468750557,1,1,0.5489243027888446
Application_1123432099,1,1,0.5489243027888446
Application_773698744,1,1,0.5489243027888446
Application_1895159318,0,1,0.5489243027888446
Application_2083683673,1,1,0.5489243027888446
Application_428955021,0,1,0.5489243027888446
Application_677442195,0,1,0.5489243027888446
Application_1241999769,0,1,0.5489243027888446
Application_1819818177,0,1,0.5489243027888446
Application_724415088,1,1,0.5489243027888446
Application_25063668,1,1,0.5489243027888446
Application_1713151358,1,1,0.5489243027888446
Application_1785468553,1,1,0.5489243027888446
Application_1427573691,1,1,0.5489243027888446
Application_1726057618,1,1,0.5489243027888446
Application_1641885593,1,1,0.5489243027888446
Application_1494414449,1,1,0.5489243027888446
Application_724859129,1,1,0.5489243027888446
Application_940496739,1,1,0.5489243027888446
Application_21634890,0,1,0.5489243027888446
Application_247317164,1,1,0.5489243027888446
Application_1102289179,0,1,0.5489243027888446
Application_1791109196,0,1,0.5489243027888446
Application_104061665,1,1,0.5489243027888446
Application_1925894693,0,1,0.5489243027888446
Application_472820667,1,1,0.5489243027888446
Application_788699480,0,1,0.5489243027888446
Application_743474553,0,1,0.5489243027888446
Application_1971362714,0,1,0.5489243027888446
Application_1248242433,0,1,0.5489243027888446
Application_1251689244,1,1,0.5489243027888446
Application_833399908,1,1,0.5489243027888446
Application_1610638954,0,1,0.5489243027888446
Application_1033574302,0,1,0.5489243027888446
Application_109912668,1,1,0.5489243027888446
Application_113474586,1,1,0.5489243027888446
Application_560070722,1,1,0.5489243027888446
Application_1427261936,0,1,0.5489243027888446
Application_872415486,0,1,0.5489243027888446
Application_194564472,0,1,0.5489243027888446
Application_738276182,1,1,0.5489243027888446
Application_525459142,0,1,0.5489243027888446
Application_1575815132,1,1,0.5489243027888446
Application_1891680505,0,1,0.5489243027888446
Application_1952474346,1,1,0.5489243027888446
Application_1562686459,1,1,0.5489243027888446
Application_1132898010,0,1,0.5489243027888446
Application_1448754624,1,1,0.5489243027888446
Application_1324391484,1,1,0.5489243027888446
Application_836856058,0,1,0.5489243027888446
Application_1033036371,1,1,0.5489243027888446
Application_1766681398,1,1,0.5489243027888446
Application_1693205382,0,1,0.5489243027888446
Application_1877814469,1,1,0.5489243027888446
Application_1670585897,1,1,0.5489243027888446
Application_1447107656,0,1,0.5489243027888446
Application_1031512096,0,1,0.5489243027888446
Application_742173495,0,1,0.5489243027888446
Application_1316346128,0,1,0.5489243027888446
Application_1145960664,0,1,0.5489243027888446
Application_1778205577,0,1,0.5489243027888446
Application_1946538188,1,1,0.5489243027888446
Application_1622160130,0,1,0.5489243027888446
Application_737324367,0,1,0.5489243027888446
Application_1318517683,1,1,0.5489243027888446
Application_559246751,0,1,0.5489243027888446
Application_197126464,0,1,0.5489243027888446
Application_1544460375,1,1,0.5489243027888446
Application_1761323771,0,1,0.5489243027888446
Application_1976004129,1,1,0.5489243027888446
Application_1081153991,1,1,0.5489243027888446
Application_1757787329,0,1,0.5489243027888446
Application_1782952770,0,1,0.5489243027888446
Application_86905976,0,1,0.5489243027888446
Application_563590726,0,1,0.5489243027888446
Application_929931999,1,1,0.5489243027888446
Application_836841943,1,1,0.5489243027888446
Application_512079496,0,1,0.5489243027888446
Application_368638647,1,1,0.5489243027888446
Application_154179391,0,1,0.5489243027888446
Application_545474396,0,1,0.5489243027888446
Application_1666465764,1,1,0.5489243027888446
Application_1316779443,1,1,0.5489243027888446
Application_1237086325,0,1,0.5489243027888446
Application_1131812437,0,1,0.5489243027888446
Application_1733949639,1,1,0.5489243027888446
Application_1510765360,1,1,0.5489243027888446
Application_717693758,0,1,0.5489243027888446
Application_138110394,1,1,0.5489243027888446
Application_66451278,0,1,0.5489243027888446
Application_1394483322,1,1,0.5489243027888446
Application_793038001,1,1,0.5489243027888446
Application_1016792765,0,1,0.5489243027888446
Application_1698620256,1,1,0.5489243027888446
Application_1325360487,1,1,0.5489243027888446
Application_2088969676,0,1,0.5489243027888446
Application_177897578,1,1,0.5489243027888446
Application_1222039007,0,1,0.5489243027888446
Application_905858527,1,1,0.5489243027888446
Application_640176586,1,1,0.5489243027888446
Application_821402088,0,1,0.5489243027888446
Application_2081068908,1,1,0.5489243027888446
Application_1361444752,1,1,0.5489243027888446
Application_749860099,1,1,0.5489243027888446
Application_1297559824,0,1,0.5489243027888446
Application_203631671,0,1,0.5489243027888446
Application_953179282,1,1,0.5489243027888446
Application_1277202210,0,1,0.5489243027888446
Application_321053191,0,1,0.5489243027888446
Application_645328035,0,1,0.5489243027888446
Application_753117730,0,1,0.5489243027888446
Application_904093739,0,1,0.5489243027888446
Application_1119128567,1,1,0.5489243027888446
Application_957947349,1,1,0.5489243027888446
Application_1659913497,1,1,0.5489243027888446
Application_1310269902,1,1,0.5489243027888446
Application_1918741535,0,1,0.5489243027888446
Application_739726794,1,1,0.5489243027888446
Application_1184253258,1,1,0.5489243027888446
Application_1518013035,0,1,0.5489243027888446
Application_2065559138,0,1,0.5489243027888446
Application_1366143473,1,1,0.5489243027888446
Application_1917346060,0,1,0.5489243027888446
Application_1567826735,1,1,0.5489243027888446
Application_1219949717,1,1,0.5489243027888446
Application_1293008903,0,1,0.5489243027888446
Application_1777715425,0,1,0.5489243027888446
Application_1992619767,0,1,0.5489243027888446
Application_149591383,0,1,0.5489243027888446
Application_229606305,1,1,0.5489243027888446
Application_579153284,1,1,0.5489243027888446
Application_993701683,1,1,0.5489243027888446
Application_1183476189,0,1,0.5489243027888446
Application_852716835,0,1,0.5489243027888446
Application_454064051,1,1,0.5489243027888446
Application_789108617,0,1,0.5489243027888446
Application_1643995941,1,1,0.5489243027888446
Application_92009906,1,1,0.5489243027888446
Application_2053888323,0,1,0.5489243027888446
Application_1124789802,0,1,0.5489243027888446
Application_1609027595,0,1,0.5489243027888446
Application_1530932646,1,1,0.5489243027888446
Application_1977502639,0,1,0.5489243027888446
Application_491192717,0,1,0.5489243027888446
Application_1365152370,1,1,0.5489243027888446
Application_1681361801,1,1,0.5489243027888446
Application_918572133,1,1,0.5489243027888446
Application_876712087,0,1,0.5489243027888446
Application_1494178086,0,1,0.5489243027888446
Application_1940707964,1,1,0.5489243027888446
Application_162990347,1,1,0.5489243027888446
Application_1495262961,1,1,0.5489243027888446
Application_1228403719,1,1,0.5489243027888446
Application_339327672,1,1,0.5489243027888446
Application_450250534,1,1,0.5489243027888446
Application_994101872,0,1,0.5489243027888446
Application_804273159,1,1,0.5489243027888446
Application_631716992,1,1,0.5489243027888446
Application_1751763296,1,1,0.5489243027888446
Application_710720262,1,1,0.5489243027888446
Application_565743734,0,1,0.5489243027888446
Application_1943739799,1,1,0.5489243027888446
Application_1993192295,1,1,0.5489243027888446
Application_1079472664,0,1,0.5489243027888446
Application_632913675,1,1,0.5489243027888446
Application_1579516377,1,1,0.5489243027888446
Application_1263997961,0,1,0.5489243027888446
Application_131097851,0,1,0.5489243027888446
Application_312166095,1,1,0.5489243027888446
Application_1813502823,1,1,0.5489243027888446
Application_222629422,0,1,0.5489243027888446
Application_1580674851,0,1,0.5489243027888446
Application_1218203113,1,1,0.5489243027888446
Application_228373770,0,1,0.5489243027888446
Application_725542335,1,1,0.5489243027888446
Application_706607240,1,1,0.5489243027888446
Application_483074478,1,1,0.5489243027888446
Application_233064512,0,1,0.5489243027888446
Application_946845929,1,1,0.5489243027888446
Application_59876773,1,1,0.5489243027888446
Application_163281313,1,1,0.5489243027888446
Application_521305631,1,1,0.5489243027888446
Application_2123204513,0,1,0.5489243027888446
Application_2041306952,1,1,0.5489243027888446
Application_151280488,1,1,0.5489243027888446
Application_1048834285,0,1,0.5489243027888446
Application_597721884,1,1,0.5489243027888446
Application_1495079062,1,1,0.5489243027888446
Application_341875321,1,1,0.5489243027888446
Application_1913890786,0,1,0.5489243027888446
Application_1690391662,0,1,0.5489243027888446
Application_974485148,0,1,0.5489243027888446
Application_1403951768,0,1,0.5489243027888446
Application_1795986679,0,1,0.5489243027888446
Application_1799654594,1,1,0.5489243027888446
Application_541694777,1,1,0.5489243027888446
Application_111536511,0,1,0.5489243027888446
Application_1511779865,0,1,0.5489243027888446
Application_352165642,1,1,0.5489243027888446
Application_614334599,1,1,0.5489243027888446
Application_1986459524,1,1,0.5489243027888446
Application_188726425,1,1,0.5489243027888446
Application_1957651168,0,1,0.5489243027888446
Application_537005538,0,1,0.5489243027888446
Application_466068830,0,1,0.5489243027888446
Application_970357595,1,1,0.5489243027888446
Application_1684306378,1,1,0.5489243027888446
Application_462216549,1,1,0.5489243027888446
Application_622214446,1,1,0.5489243027888446
Application_1529154801,1,1,0.5489243027888446
Application_1728000220,1,1,0.5489243027888446
Application_1682480934,1,1,0.5489243027888446
Application_1600155880,1,1,0.5489243027888446
Application_711124829,1,1,0.5489243027888446
Application_900844990,0,1,0.5489243027888446
Application_1437497198,1,1,0.5489243027888446
Application_1936633108,0,1,0.5489243027888446
Application_1612452340,1,1,0.5489243027888446
Application_533079487,0,1,0.5489243027888446
Application_254824641,0,1,0.5489243027888446
Application_549826152,1,1,0.5489243027888446
Application_542782205,0,1,0.5489243027888446
Application_1975504088,0,1,0.5489243027888446
Application_1242315969,1,1,0.5489243027888446
Application_1604619511,0,1,0.5489243027888446
Application_75877971,1,1,0.5489243027888446
Application_1340459622,0,1,0.5489243027888446
Application_1709823125,1,1,0.5489243027888446
Application_2142719268,1,1,0.5489243027888446
Application_1458277433,1,1,0.5489243027888446
Application_1395388115,0,1,0.5489243027888446
Application_1149826505,0,1,0.5489243027888446
Application_763847627,0,1,0.5489243027888446
Application_978787861,1,1,0.5489243027888446
Application_1623704275,0,1,0.5489243027888446
Application_166588001,0,1,0.5489243027888446
Application_182066441,0,1,0.5489243027888446
Application_549547786,0,1,0.5489243027888446
Application_1966193141,0,1,0.5489243027888446
Application_907136885,0,1,0.5489243027888446
Application_1408362802,0,1,0.5489243027888446
Application_1242352417,1,1,0.5489243027888446
Application_2264928,1,1,0.5489243027888446
Application_1711303027,1,1,0.5489243027888446
Application_1496349825,1,1,0.5489243027888446
Application_1636152294,0,1,0.5489243027888446
Application_1189444299,1,1,0.5489243027888446
Application_706504723,1,1,0.5489243027888446
Application_356808628,1,1,0.5489243027888446
Application_1744764747,0,1,0.5489243027888446
Application_2094441836,0,1,0.5489243027888446
Application_1850714835,0,1,0.5489243027888446
Application_1023037940,0,1,0.5489243027888446
Application_858881040,0,1,0.5489243027888446
Application_69735407,1,1,0.5489243027888446
Application_1792123382,1,1,0.5489243027888446
Application_444595223,0,1,0.5489243027888446
Application_1143725882,0,1,0.5489243027888446
Application_53352885,1,1,0.5489243027888446
Application_578344284,1,1,0.5489243027888446
Application_1136782466,0,1,0.5489243027888446
Application_854280555,1,1,0.5489243027888446
Application_1501636291,1,1,0.5489243027888446
Application_270485252,0,1,0.5489243027888446
Application_361573979,1,1,0.5489243027888446
Application_1183136852,0,1,0.5489243027888446
Application_1604779942,1,1,0.5489243027888446
Application_2053272389,0,1,0.5489243027888446
Application_2051951033,1,1,0.5489243027888446
Application_586877291,0,1,0.5489243027888446
Application_1826390013,0,1,0.5489243027888446
Application_903799216,0,1,0.5489243027888446
Application_1110334222,1,1,0.5489243027888446
Application_322297326,0,1,0.5489243027888446
Application_244396187,1,1,0.5489243027888446
Application_606749031,1,1,0.5489243027888446
Application_1856344011,1,1,0.5489243027888446
Application_1183534481,1,1,0.5489243027888446
Application_1331144446,1,1,0.5489243027888446
Application_457947056,1,1,0.5489243027888446
Application_782253363,1,1,0.5489243027888446
Application_72874899,1,1,0.5489243027888446
Application_757113787,1,1,0.5489243027888446
Application_1785860221,0,1,0.5489243027888446
Application_2063828851,1,1,0.5489243027888446
Application_2595810,0,1,0.5489243027888446
Application_1905967471,1,1,0.5489243027888446
Application_1189871359,1,1,0.5489243027888446
Application_1537507196,0,1,0.5489243027888446
Application_681649352,1,1,0.5489243027888446
Application_811679621,0,1,0.5489243027888446
Application_335537557,0,1,0.5489243027888446
Application_1258641337,0,1,0.5489243027888446
Application_1820733336,0,1,0.5489243027888446
Application_1343884694,1,1,0.5489243027888446
Application_2028590322,0,1,0.5489243027888446
Application_1760810906,1,1,0.5489243027888446
Application_327072822,1,1,0.5489243027888446
Application_51182407,1,1,0.5489243027888446
Application_241318555,1,1,0.5489243027888446
Application_1100253381,1,1,0.5489243027888446
Application_236717130,1,1,0.5489243027888446
Application_1857513367,0,1,0.5489243027888446
Application_2120715071,1,1,0.5489243027888446
Application_782627639,0,1,0.5489243027888446
Application_416694962,0,1,0.5489243027888446
Application_1523736860,0,1,0.5489243027888446
Application_2024244758,0,1,0.5489243027888446
Application_2055100599,1,1,0.5489243027888446
Application_592605828,0,1,0.5489243027888446
Application_942057035,0,1,0.5489243027888446
Application_1734947142,0,1,0.5489243027888446
Application_1546052937,1,1,0.5489243027888446
Application_1103698005,0,1,0.5489243027888446
Application_778555928,0,1,0.5489243027888446
Application_1314374663,1,1,0.5489243027888446
Application_1677049820,0,1,0.5489243027888446
Application_2116960252,1,1,0.5489243027888446
Application_1569683122,0,1,0.5489243027888446
Application_1759206616,0,1,0.5489243027888446
Application_1123320394,0,1,0.5489243027888446
Application_1312933469,0,1,0.5489243027888446
Application_1527338408,0,1,0.5489243027888446
Application_1489341726,0,1,0.5489243027888446
Application_2051550880,0,1,0.5489243027888446
Application_139724030,1,1,0.5489243027888446
Application_1125229039,0,1,0.5489243027888446
Application_910353899,0,1,0.5489243027888446
Application_13944300,0,1,0.5489243027888446
Application_858239432,0,1,0.5489243027888446
Application_634898760,1,1,0.5489243027888446
Application_1283751278,0,1,0.5489243027888446
Application_1196211316,0,1,0.5489243027888446
Application_519214643,0,1,0.5489243027888446
Application_1938909971,0,1,0.5489243027888446
Application_87659628,1,1,0.5489243027888446
Application_864148389,0,1,0.5489243027888446
Application_1527571617,1,1,0.5489243027888446
Application_2068853058,1,1,0.5489243027888446
Application_17002468,1,1,0.5489243027888446
Application_315782607,1,1,0.5489243027888446
Application_631788418,1,1,0.5489243027888446
Application_1209476276,1,1,0.5489243027888446
Application_704597830,1,1,0.5489243027888446
Application_132038140,0,1,0.5489243027888446
Application_1530321110,1,1,0.5489243027888446
Application_277674975,1,1,0.5489243027888446
Application_80286962,1,1,0.5489243027888446
Application_2004973545,1,1,0.5489243027888446
Application_1781623698,1,1,0.5489243027888446
Application_447138954,0,1,0.5489243027888446
Application_670470325,1,1,0.5489243027888446
Application_1146390793,1,1,0.5489243027888446
Application_922011706,0,1,0.5489243027888446
Application_8497910,1,1,0.5489243027888446
Application_998522150,0,1,0.5489243027888446
Application_1453589065,0,1,0.5489243027888446
Application_998908852,1,1,0.5489243027888446
Application_1323290543,1,1,0.5489243027888446
Application_2141999798,1,1,0.5489243027888446
Application_810901066,0,1,0.5489243027888446
Application_78080859,0,1,0.5489243027888446
Application_381087716,0,1,0.5489243027888446
Application_1717953510,1,1,0.5489243027888446
Application_5006458,0,1,0.5489243027888446
Application_1269305141,0,1,0.5489243027888446
Application_755318436,1,1,0.5489243027888446
Application_1070499420,0,1,0.5489243027888446
Application_1719088576,0,1,0.5489243027888446
Application_1958611901,1,1,0.5489243027888446
Application_2143988715,1,1,0.5489243027888446
Application_1434518975,0,1,0.5489243027888446
Application_1322307011,0,1,0.5489243027888446
Application_1768718354,0,1,0.5489243027888446
Application_637222323,1,1,0.5489243027888446
Application_144137365,1,1,0.5489243027888446
Application_304004510,1,1,0.5489243027888446
Application_1542614392,0,1,0.5489243027888446
Application_214453134,1,1,0.5489243027888446
Application_1612709587,1,1,0.5489243027888446
Application_745883138,1,1,0.5489243027888446
Application_1499935603,0,1,0.5489243027888446
Application_665637236,1,1,0.5489243027888446
Application_494960481,1,1,0.5489243027888446
Application_282254984,1,1,0.5489243027888446
Application_673160372,1,1,0.5489243027888446
Application_1679927360,0,1,0.5489243027888446
Application_542632548,0,1,0.5489243027888446
Application_597486380,0,1,0.5489243027888446
Application_1300870804,1,1,0.5489243027888446
Application_597065437,1,1,0.5489243027888446
Application_1498610522,1,1,0.5489243027888446
Application_1606123452,1,1,0.5489243027888446
Application_638041030,1,1,0.5489243027888446
Application_254836121,0,1,0.5489243027888446
Application_1712515047,0,1,0.5489243027888446
Application_1856006798,1,1,0.5489243027888446
Application_1565590572,1,1,0.5489243027888446
Application_1240814574,0,1,0.5489243027888446
Application_989692273,0,1,0.5489243027888446
Application_1557296300,0,1,0.5489243027888446
Application_676717540,1,1,0.5489243027888446
Application_293379010,1,1,0.5489243027888446
Application_483126363,0,1,0.5489243027888446
Application_1630913903,0,1,0.5489243027888446
Application_365332446,1,1,0.5489243027888446
Application_1564442059,1,1,0.5489243027888446
Application_2133089583,1,1,0.5489243027888446
Application_1910023757,1,1,0.5489243027888446
Application_1531851576,0,1,0.5489243027888446
Application_1493979926,1,1,0.5489243027888446
Application_653567105,0,1,0.5489243027888446
Application_1028665365,1,1,0.5489243027888446
Application_1728090308,0,1,0.5489243027888446
Application_453847467,0,1,0.5489243027888446
Application_295284443,0,1,0.5489243027888446
Application_1417750933,1,1,0.5489243027888446
Application_231527175,0,1,0.5489243027888446
Application_563891423,1,1,0.5489243027888446
Application_453833865,0,1,0.5489243027888446
Application_419933910,1,1,0.5489243027888446
Application_368167256,0,1,0.5489243027888446
Application_11773925,0,1,0.5489243027888446
Application_1120966006,1,1,0.5489243027888446
Application_1550626027,1,1,0.5489243027888446
Application_145403764,1,1,0.5489243027888446
Application_935089662,1,1,0.5489243027888446
Application_903728505,0,1,0.5489243027888446
Application_1227908598,1,1,0.5489243027888446
Application_1726110813,1,1,0.5489243027888446
Application_2134329256,1,1,0.5489243027888446
Application_285972935,1,1,0.5489243027888446
Application_651776694,0,1,0.5489243027888446
Application_1862334976,0,1,0.5489243027888446
Application_1512081282,1,1,0.5489243027888446
Application_497824769,0,1,0.5489243027888446
Application_1157633683,1,1,0.5489243027888446
Application_711429355,1,1,0.5489243027888446
Application_142712048,1,1,0.5489243027888446
Application_206930078,1,1,0.5489243027888446
Application_1307811463,0,1,0.5489243027888446
Application_1007290684,1,1,0.5489243027888446
Application_2035567213,1,1,0.5489243027888446
Application_942266449,1,1,0.5489243027888446
Application_2097086369,1,1,0.5489243027888446
Application_618149506,0,1,0.5489243027888446
Application_1854419089,1,1,0.5489243027888446
Application_1151036554,1,1,0.5489243027888446
Application_1529844219,1,1,0.5489243027888446
Application_657531637,0,1,0.5489243027888446
Application_152784845,0,1,0.5489243027888446
Application_309095903,1,1,0.5489243027888446
Application_785116695,0,1,0.5489243027888446
Application_1856711010,0,1,0.5489243027888446
Application_1169662405,1,1,0.5489243027888446
Application_458048315,1,1,0.5489243027888446
Application_312947543,1,1,0.5489243027888446
Application_1029146502,1,1,0.5489243027888446
Application_903877048,0,1,0.5489243027888446
Application_705715651,1,1,0.5489243027888446
Application_1242470738,0,1,0.5489243027888446
Application_2104678316,1,1,0.5489243027888446
Application_1153365113,0,1,0.5489243027888446
Application_1784981500,0,1,0.5489243027888446
Application_1932791683,0,1,0.5489243027888446
Application_1024275715,1,1,0.5489243027888446
Application_261754810,0,1,0.5489243027888446
Application_664700159,1,1,0.5489243027888446
Application_997711293,1,1,0.5489243027888446
Application_673530624,0,1,0.5489243027888446
Application_1970894093,0,1,0.5489243027888446
Application_256457381,1,1,0.5489243027888446
Application_888343256,0,1,0.5489243027888446
Application_1116429997,0,1,0.5489243027888446
Application_1339549651,0,1,0.5489243027888446
Application_808281760,0,1,0.5489243027888446
Application_94810379,1,1,0.5489243027888446
Application_1961091101,0,1,0.5489243027888446
Application_762969152,0,1,0.5489243027888446
Application_581695948,0,1,0.5489243027888446
Application_1031742655,0,1,0.5489243027888446
Application_1222681139,0,1,0.5489243027888446
Application_2054710672,1,1,0.5489243027888446
Application_1873532965,1,1,0.5489243027888446
Application_364013609,1,1,0.5489243027888446
Application_1825325327,1,1,0.5489243027888446
Application_1446200189,1,1,0.5489243027888446
Application_543892819,1,1,0.5489243027888446
Application_743499007,0,1,0.5489243027888446
Application_1694106848,1,1,0.5489243027888446
Application_2051845040,1,1,0.5489243027888446
Application_1697237703,1,1,0.5489243027888446
Application_1044081389,0,1,0.5489243027888446
Application_121345362,1,1,0.5489243027888446
Application_614406430,0,1,0.5489243027888446
Application_1222140034,1,1,0.5489243027888446
Application_1764772652,0,1,0.5489243027888446
Application_1913934547,1,1,0.5489243027888446
Application_548713916,0,1,0.5489243027888446
Application_658429775,0,1,0.5489243027888446
Application_649919254,0,1,0.5489243027888446
Application_295551192,0,1,0.5489243027888446
Application_893807170,1,1,0.5489243027888446
Application_1694956311,0,1,0.5489243027888446
Application_454300514,1,1,0.5489243027888446
Application_1909691284,0,1,0.5489243027888446
Application_679407246,0,1,0.5489243027888446
Application_1453309038,0,1,0.5489243027888446
Application_370524880,0,1,0.5489243027888446
Application_1821764746,1,1,0.5489243027888446
Application_1822768825,0,1,0.5489243027888446
Application_1506967944,1,1,0.5489243027888446
Application_1097327496,1,1,0.5489243027888446
Application_2114960877,0,1,0.5489243027888446
Application_1315626794,1,1,0.5489243027888446
Application_392778706,0,1,0.5489243027888446
Application_230639381,1,1,0.5489243027888446
Application_609842612,0,1,0.5489243027888446
Application_1319119150,1,1,0.5489243027888446
Application_1469553374,0,1,0.5489243027888446
Application_1066046865,1,1,0.5489243027888446
Application_640754434,0,1,0.5489243027888446
Application_1967731097,1,1,0.5489243027888446
Application_2107513204,0,1,0.5489243027888446
Application_76767926,1,1,0.5489243027888446
Application_1891033664,1,1,0.5489243027888446
Application_737232376,1,1,0.5489243027888446
Application_1104023817,1,1,0.5489243027888446
Application_678738864,1,1,0.5489243027888446
Application_1963129054,1,1,0.5489243027888446
Application_1196087089,0,1,0.5489243027888446
Application_880283627,0,1,0.5489243027888446
Application_1764734609,1,1,0.5489243027888446
Application_1583345011,1,1,0.5489243027888446
Application_2143661118,1,1,0.5489243027888446
Application_546498807,0,1,0.5489243027888446
Application_255704360,0,1,0.5489243027888446
Application_1582743424,0,1,0.5489243027888446
Application_386587234,0,1,0.5489243027888446
Application_176915858,0,1,0.5489243027888446
Application_617441643,0,1,0.5489243027888446
Application_1415473117,0,1,0.5489243027888446
Application_873463247,1,1,0.5489243027888446
Application_1509521523,1,1,0.5489243027888446
Application_1352943538,0,1,0.5489243027888446
Application_947366120,0,1,0.5489243027888446
Application_1827582183,0,1,0.5489243027888446
Application_2072227038,1,1,0.5489243027888446
Application_1637284981,0,1,0.5489243027888446
Application_815840382,1,1,0.5489243027888446
Application_1439914536,0,1,0.5489243027888446
Application_1898937831,1,1,0.5489243027888446
Application_305250453,1,1,0.5489243027888446
Application_681547690,1,1,0.5489243027888446
Application_1715521459,1,1,0.5489243027888446
Application_632567869,0,1,0.5489243027888446
Application_1423878486,1,1,0.5489243027888446
Application_375164420,0,1,0.5489243027888446
Application_555699088,0,1,0.5489243027888446
Application_1774939620,1,1,0.5489243027888446
Application_1790937442,1,1,0.5489243027888446
Application_56762945,1,1,0.5489243027888446
Application_2082425963,0,1,0.5489243027888446
Application_1845982965,1,1,0.5489243027888446
Application_1452366150,0,1,0.5489243027888446
Application_329422501,0,1,0.5489243027888446
Application_2143151465,1,1,0.5489243027888446
Application_1508240195,1,1,0.5489243027888446
Application_1394260995,1,1,0.5489243027888446
Application_615003342,1,1,0.5489243027888446
Application_1818695540,1,1,0.5489243027888446
Application_2070255847,0,1,0.5489243027888446
Application_1192171561,1,1,0.5489243027888446
Application_1765198966,1,1,0.5489243027888446
Application_1880797595,1,1,0.5489243027888446
Application_626476793,0,1,0.5489243027888446
Application_861775476,0,1,0.5489243027888446
Application_1308725862,1,1,0.5489243027888446
Application_2131147799,0,1,0.5489243027888446
Application_308949717,0,1,0.5489243027888446
Application_1304365916,0,1,0.5489243027888446
Application_1631343495,0,1,0.5489243027888446
Application_342819769,0,1,0.5489243027888446
Application_161440331,0,1,0.5489243027888446
Application_2003208027,0,1,0.5489243027888446
Application_1491561902,0,1,0.5489243027888446
Application_1268336526,0,1,0.5489243027888446
Application_1822273581,1,1,0.5489243027888446
Application_1167919196,0,1,0.5489243027888446
Application_1058701252,1,1,0.5489243027888446
Application_1376348282,0,1,0.5489243027888446
Application_2079791742,1,1,0.5489243027888446
Application_2067650595,1,1,0.5489243027888446
Application_97275566,1,1,0.5489243027888446
Application_642367414,0,1,0.5489243027888446
Application_833798814,1,1,0.5489243027888446
Application_1197309763,0,1,0.5489243027888446
Application_171960473,0,1,0.5489243027888446
Application_1555010506,0,1,0.5489243027888446
Application_1342845149,0,1,0.5489243027888446
Application_2037909772,1,1,0.5489243027888446
Application_18186068,1,1,0.5489243027888446
Application_1417487350,1,1,0.5489243027888446
Application_714056251,1,1,0.5489243027888446
Application_88851864,0,1,0.5489243027888446
Application_1768215254,1,1,0.5489243027888446
Application_1604168929,1,1,0.5489243027888446
Application_804372620,0,1,0.5489243027888446
Application_1449291154,1,1,0.5489243027888446
Application_935010621,0,1,0.5489243027888446
Application_596305914,0,1,0.5489243027888446
Application_838485586,0,1,0.5489243027888446
Application_1921259299,1,1,0.5489243027888446
Application_245143253,1,1,0.5489243027888446
Application_1155915722,1,1,0.5489243027888446
Application_308591889,1,1,0.5489243027888446
Application_461975173,0,1,0.5489243027888446
Application_103975512,0,1,0.5489243027888446
Application_1876758370,1,1,0.5489243027888446
Application_2057810216,0,1,0.5489243027888446
Application_1487358805,0,1,0.5489243027888446
Application_1353492880,0,1,0.5489243027888446
Application_2057622735,1,1,0.5489243027888446
Application_270517825,0,1,0.5489243027888446
Application_1290314755,1,1,0.5489243027888446
Application_102404144,1,1,0.5489243027888446
Application_1594940843,1,1,0.5489243027888446
Application_1188427872,0,1,0.5489243027888446
Application_1533943599,0,1,0.5489243027888446
Application_1329405544,1,1,0.5489243027888446
Application_1678984118,1,1,0.5489243027888446
Application_1236613235,0,1,0.5489243027888446
Application_844884019,1,1,0.5489243027888446
Application_1803983196,0,1,0.5489243027888446
Application_86016468,1,1,0.5489243027888446
Application_1680892245,1,1,0.5489243027888446
Application_2114763562,1,1,0.5489243027888446
Application_614368625,0,1,0.5489243027888446
Application_1031388577,0,1,0.5489243027888446
Application_93994529,0,1,0.5489243027888446
Application_1671457513,1,1,0.5489243027888446
Application_908763226,0,1,0.5489243027888446
Application_719107626,1,1,0.5489243027888446
Application_308637091,1,1,0.5489243027888446
Application_1819482857,1,1,0.5489243027888446
Application_1669650118,1,1,0.5489243027888446
Application_905349890,0,1,0.5489243027888446
Application_886146031,1,1,0.5489243027888446
Application_1337091667,0,1,0.5489243027888446
Application_1551786791,1,1,0.5489243027888446
Application_95444242,0,1,0.5489243027888446
Application_917778219,0,1,0.5489243027888446
Application_299626708,1,1,0.5489243027888446
Application_1868286692,0,1,0.5489243027888446
Application_1536382522,1,1,0.5489243027888446
Application_864228968,0,1,0.5489243027888446
Application_2128128445,1,1,0.5489243027888446
Application_1945476643,0,1,0.5489243027888446
Application_626689908,0,1,0.5489243027888446
Application_1239673210,0,1,0.5489243027888446
Application_1023606733,0,1,0.5489243027888446
Application_624588306,0,1,0.5489243027888446
Application_634153439,1,1,0.5489243027888446
Application_1513836050,1,1,0.5489243027888446
Application_1728807997,0,1,0.5489243027888446
Application_643794221,0,1,0.5489243027888446
Application_221473441,1,1,0.5489243027888446
Application_297353532,0,1,0.5489243027888446
Application_1791361744,0,1,0.5489243027888446
Application_1601830954,0,1,0.5489243027888446
Application_1292574553,1,1,0.5489243027888446
Application_429009123,1,1,0.5489243027888446
Application_1105229091,0,1,0.5489243027888446
Application_1980701244,1,1,0.5489243027888446
Application_4677883,1,1,0.5489243027888446
Application_1050646177,0,1,0.5489243027888446
Application_892851738,1,1,0.5489243027888446
Application_468762842,0,1,0.5489243027888446
Application_927280713,0,1,0.5489243027888446
Application_1943716127,1,1,0.5489243027888446
Application_1568861006,1,1,0.5489243027888446
Application_1952572658,1,1,0.5489243027888446
Application_1993116103,1,1,0.5489243027888446
Application_212887220,0,1,0.5489243027888446
Application_136943471,1,1,0.5489243027888446
Application_1482631803,0,1,0.5489243027888446
Application_642335639,1,1,0.5489243027888446
Application_1793022941,0,1,0.5489243027888446
Application_1603703311,0,1,0.5489243027888446
Application_1986875818,1,1,0.5489243027888446
Application_1776691613,1,1,0.5489243027888446
Application_1462162949,1,1,0.5489243027888446
Application_1560705000,0,1,0.5489243027888446
Application_748726008,0,1,0.5489243027888446
Application_2138438586,1,1,0.5489243027888446
Application_9293304,1,1,0.5489243027888446
Application_325311769,0,1,0.5489243027888446
Application_1216283184,1,1,0.5489243027888446
Application_191824161,1,1,0.5489243027888446
Application_1215004066,1,1,0.5489243027888446
Application_1034172997,0,1,0.5489243027888446
Application_712514512,1,1,0.5489243027888446
Application_214412662,1,1,0.5489243027888446
Application_661026251,1,1,0.5489243027888446
Application_1792989829,0,1,0.5489243027888446
Application_353618899,1,1,0.5489243027888446
Application_667310369,1,1,0.5489243027888446
Application_1480982846,1,1,0.5489243027888446
Application_731054531,1,1,0.5489243027888446
Application_1414276189,0,1,0.5489243027888446
Application_1730126086,0,1,0.5489243027888446
Application_1789018492,0,1,0.5489243027888446
Application_1080788023,1,1,0.5489243027888446
Application_491837295,1,1,0.5489243027888446
Application_130375488,0,1,0.5489243027888446
Application_859216500,0,1,0.5489243027888446
Application_1306993673,1,1,0.5489243027888446
Application_729494720,0,1,0.5489243027888446
Application_1184776496,0,1,0.5489243027888446
Application_1939417730,1,1,0.5489243027888446
Application_1309271875,0,1,0.5489243027888446
Application_368219209,1,1,0.5489243027888446
Application_1122151985,1,1,0.5489243027888446
Application_857664053,0,1,0.5489243027888446
Application_1308422311,1,1,0.5489243027888446
Application_685451921,1,1,0.5489243027888446
Application_1480383161,1,1,0.5489243027888446
Application_493778424,0,1,0.5489243027888446
Application_505368867,1,1,0.5489243027888446
Application_143630403,0,1,0.5489243027888446
Application_998722780,1,1,0.5489243027888446
Application_2021514424,0,1,0.5489243027888446
Application_793341768,1,1,0.5489243027888446
Application_72928711,0,1,0.5489243027888446
Application_795434722,0,1,0.5489243027888446
Application_279002186,0,1,0.5489243027888446
Application_2051103777,0,1,0.5489243027888446
Application_1153650473,1,1,0.5489243027888446
Application_680098686,1,1,0.5489243027888446
Application_995953093,0,1,0.5489243027888446
Application_1485877917,1,1,0.5489243027888446
Application_1932288008,1,1,0.5489243027888446
Application_1124023030,1,1,0.5489243027888446
Application_840178886,1,1,0.5489243027888446
Application_81830972,0,1,0.5489243027888446
Application_992198577,0,1,0.5489243027888446
Application_1247659934,0,1,0.5489243027888446
Application_2145055012,1,1,0.5489243027888446
Application_1694469667,0,1,0.5489243027888446
Application_57776234,1,1,0.5489243027888446
Application_1803270801,0,1,0.5489243027888446
Application_700409130,0,1,0.5489243027888446
Application_881741064,1,1,0.5489243027888446
Application_1110558665,1,1,0.5489243027888446
Application_1965563143,0,1,0.5489243027888446
Application_1742514819,1,1,0.5489243027888446
Application_18593266,1,1,0.5489243027888446
Application_562703048,0,1,0.5489243027888446
Application_1055536343,0,1,0.5489243027888446
Application_377014556,0,1,0.5489243027888446
Application_777962826,0,1,0.5489243027888446
Application_1135936231,0,1,0.5489243027888446
Application_1777155847,0,1,0.5489243027888446
Application_704902711,0,1,0.5489243027888446
Application_2075927775,1,1,0.5489243027888446
Application_61121501,1,1,0.5489243027888446
Application_962796971,1,1,0.5489243027888446
Application_879185541,1,1,0.5489243027888446
Application_125185651,0,1,0.5489243027888446
Application_1663648698,0,1,0.5489243027888446
Application_1325405480,1,1,0.5489243027888446
Application_804597145,0,1,0.5489243027888446
Application_1098498254,0,1,0.5489243027888446
Application_1827217035,1,1,0.5489243027888446
Application_374119345,1,1,0.5489243027888446
Application_159300793,1,1,0.5489243027888446
Application_735610980,1,1,0.5489243027888446
Application_1197871000,1,1,0.5489243027888446
Application_1968875370,0,1,0.5489243027888446
Application_1058590424,1,1,0.5489243027888446
Application_1239762522,0,1,0.5489243027888446
Application_1509144859,0,1,0.5489243027888446
Application_1900831405,0,1,0.5489243027888446
Application_1583681139,1,1,0.5489243027888446
Application_1252110212,1,1,0.5489243027888446
Application_1131588689,0,1,0.5489243027888446
Application_1312902296,0,1,0.5489243027888446
Application_1780440689,0,1,0.5489243027888446
Application_836389034,1,1,0.5489243027888446
Application_184083402,0,1,0.5489243027888446
Application_1695461065,1,1,0.5489243027888446
Application_1396244782,1,1,0.5489243027888446
Application_1017220956,1,1,0.5489243027888446
Application_95249419,0,1,0.5489243027888446
Application_979185640,0,1,0.5489243027888446
Application_1734409648,1,1,0.5489243027888446
Application_1401634845,0,1,0.5489243027888446
Application_1810505243,1,1,0.5489243027888446
Application_2050571499,1,1,0.5489243027888446
Application_908129971,0,1,0.5489243027888446
Application_863868107,1,1,0.5489243027888446
Application_1343390609,0,1,0.5489243027888446
Application_2123639820,0,1,0.5489243027888446
Application_5733741,0,1,0.5489243027888446
Application_597073052,1,1,0.5489243027888446
Application_217634970,1,1,0.5489243027888446
Application_1662782689,1,1,0.5489243027888446
Application_1591405559,1,1,0.5489243027888446
Application_942436331,1,1,0.5489243027888446
Application_1872600475,0,1,0.5489243027888446
Application_656601025,1,1,0.5489243027888446
Application_146650261,1,1,0.5489243027888446
Application_1489702216,1,1,0.5489243027888446
Application_871494636,1,1,0.5489243027888446
Application_1919383044,0,1,0.5489243027888446
Application_1061764162,1,1,0.5489243027888446
Application_720271570,0,1,0.5489243027888446
Application_1163931741,1,1,0.5489243027888446
Application_81400760,0,1,0.5489243027888446
Application_2067516303,0,1,0.5489243027888446
Application_1279542983,0,1,0.5489243027888446
Application_580613034,0,1,0.5489243027888446
Application_231706727,0,1,0.5489243027888446
Application_1699693958,0,1,0.5489243027888446
Application_717856936,1,1,0.5489243027888446
Application_1202498150,1,1,0.5489243027888446
Application_2030070785,1,1,0.5489243027888446
Application_1596032771,0,1,0.5489243027888446
Application_1956370444,0,1,0.5489243027888446
Application_1988732462,1,1,0.5489243027888446
Application_1661353649,1,1,0.5489243027888446
Application_873572965,1,1,0.5489243027888446
Application_213878489,1,1,0.5489243027888446
Application_1237708187,1,1,0.5489243027888446
Application_538169581,0,1,0.5489243027888446
Application_913565403,1,1,0.5489243027888446
Application_1412655400,1,1,0.5489243027888446
Application_139354683,1,1,0.5489243027888446
Application_370191543,0,1,0.5489243027888446
Application_542945180,1,1,0.5489243027888446
Application_2092494977,1,1,0.5489243027888446
Application_1226994121,0,1,0.5489243027888446
Application_74879530,0,1,0.5489243027888446
Application_1388588699,0,1,0.5489243027888446
Application_1603336383,0,1,0.5489243027888446
Application_336983203,1,1,0.5489243027888446
Application_1311723179,0,1,0.5489243027888446
Application_614870883,0,1,0.5489243027888446
Application_1526742780,0,1,0.5489243027888446
Application_335581048,0,1,0.5489243027888446
Application_1577698883,0,1,0.5489243027888446
Application_1286451240,0,1,0.5489243027888446
Application_1810142000,1,1,0.5489243027888446
Application_188033371,0,1,0.5489243027888446
Application_1135919263,0,1,0.5489243027888446
Application_1712881768,1,1,0.5489243027888446
Application_125225552,0,1,0.5489243027888446
Application_317286636,0,1,0.5489243027888446
Application_1969376709,1,1,0.5489243027888446
Application_1830261390,1,1,0.5489243027888446
Application_377946876,1,1,0.5489243027888446
Application_2102558833,1,1,0.5489243027888446
Application_1605512326,1,1,0.5489243027888446
Application_1606631152,0,1,0.5489243027888446
Application_1243342863,1,1,0.5489243027888446
Application_1318432512,1,1,0.5489243027888446
Application_1894052702,0,1,0.5489243027888446
Application_2034665751,0,1,0.5489243027888446
Application_473947723,0,1,0.5489243027888446
Application_1278442463,1,1,0.5489243027888446
Application_195791653,0,1,0.5489243027888446
Application_831945086,1,1,0.5489243027888446
Application_1828870553,0,1,0.5489243027888446
Application_920250519,1,1,0.5489243027888446
Application_2102301623,0,1,0.5489243027888446
Application_1568010629,1,1,0.5489243027888446
Application_2136573543,1,1,0.5489243027888446
Application_1770453247,0,1,0.5489243027888446
Application_1328238857,1,1,0.5489243027888446
Application_1892394315,1,1,0.5489243027888446
Application_2027499518,1,1,0.5489243027888446
Application_130653490,0,1,0.5489243027888446
Application_1070807650,1,1,0.5489243027888446
Application_1095104169,1,1,0.5489243027888446
Application_837329814,1,1,0.5489243027888446
Application_1122854866,0,1,0.5489243027888446
Application_2084407394,0,1,0.5489243027888446
Application_1435504879,0,1,0.5489243027888446
Application_1440806794,1,1,0.5489243027888446
Application_7640074,1,1,0.5489243027888446
Application_3575600,0,1,0.5489243027888446
Application_1077802585,0,1,0.5489243027888446
Application_365799467,1,1,0.5489243027888446
Application_1087361782,1,1,0.5489243027888446
Application_931528070,0,1,0.5489243027888446
Application_92071720,1,1,0.5489243027888446
Application_1285608570,1,1,0.5489243027888446
Application_1711767983,1,1,0.5489243027888446
Application_1782198949,0,1,0.5489243027888446
Application_333905118,1,1,0.5489243027888446
Application_293739411,0,1,0.5489243027888446
Application_787973169,1,1,0.5489243027888446
Application_1163869706,1,1,0.5489243027888446
Application_1322558151,0,1,0.5489243027888446
Application_404868831,1,1,0.5489243027888446
Application_2013171518,1,1,0.5489243027888446
Application_930473495,1,1,0.5489243027888446
Application_1291158706,1,1,0.5489243027888446
Application_1256502858,1,1,0.5489243027888446
Application_1437553021,1,1,0.5489243027888446
Application_1632754032,0,1,0.5489243027888446
Application_930816441,0,1,0.5489243027888446
Application_1952405075,1,1,0.5489243027888446
Application_322102475,1,1,0.5489243027888446
Application_1584556673,1,1,0.5489243027888446
Application_1317004789,1,1,0.5489243027888446
Application_1719040859,0,1,0.5489243027888446
Application_1340467389,0,1,0.5489243027888446
Application_1159647718,0,1,0.5489243027888446
Application_1755318381,1,1,0.5489243027888446
Application_494716403,0,1,0.5489243027888446
Application_427956403,1,1,0.5489243027888446
Application_1076959874,0,1,0.5489243027888446
Application_270744376,1,1,0.5489243027888446
Application_588444446,0,1,0.5489243027888446
Application_1351428864,0,1,0.5489243027888446
Application_300477732,0,1,0.5489243027888446
Application_658384558,1,1,0.5489243027888446
Application_75663961,1,1,0.5489243027888446
Application_307672567,0,1,0.5489243027888446
Application_30639530,0,1,0.5489243027888446
Application_1982581306,0,1,0.5489243027888446
Application_407010106,0,1,0.5489243027888446
Application_1044940133,1,1,0.5489243027888446
Application_662049888,0,1,0.5489243027888446
Application_1746613852,1,1,0.5489243027888446
Application_828007234,1,1,0.5489243027888446
Application_1396822070,0,1,0.5489243027888446
Application_1049376478,1,1,0.5489243027888446
Application_1222103386,1,1,0.5489243027888446
Application_31108797,1,1,0.5489243027888446
Application_1474745448,0,1,0.5489243027888446
Application_2123253856,1,1,0.5489243027888446
Application_1747296180,1,1,0.5489243027888446
Application_1305704058,0,1,0.5489243027888446
Application_1515622970,1,1,0.5489243027888446
Application_546567068,1,1,0.5489243027888446
Application_1605786633,0,1,0.5489243027888446
Application_215646616,1,1,0.5489243027888446
Application_903795625,1,1,0.5489243027888446
Application_1407490115,0,1,0.5489243027888446
Application_1976246233,1,1,0.5489243027888446
Application_400334699,0,1,0.5489243027888446
Application_2131822593,1,1,0.5489243027888446
Application_2022281352,0,1,0.5489243027888446
Application_1197889328,1,1,0.5489243027888446
Application_1380332522,0,1,0.5489243027888446
Application_2021325909,1,1,0.5489243027888446
Application_1839957236,0,1,0.5489243027888446
Application_2025173856,1,1,0.5489243027888446
Application_1392494853,1,1,0.5489243027888446
Application_1182045705,0,1,0.5489243027888446
Application_2012391145,0,1,0.5489243027888446
Application_388623198,1,1,0.5489243027888446
Application_550590684,1,1,0.5489243027888446
Application_1457230344,1,1,0.5489243027888446
Application_1773437231,1,1,0.5489243027888446
Application_1846502351,1,1,0.5489243027888446
Application_318805669,0,1,0.5489243027888446
Application_390518803,1,1,0.5489243027888446
Application_549317081,0,1,0.5489243027888446
Application_120450797,1,1,0.5489243027888446
Application_1410285531,1,1,0.5489243027888446
Application_1953648569,0,1,0.5489243027888446
Application_20756984,1,1,0.5489243027888446
Application_1020830584,0,1,0.5489243027888446
Application_1370301821,1,1,0.5489243027888446
Application_1686397683,0,1,0.5489243027888446
Application_444199448,1,1,0.5489243027888446
Application_1127317112,1,1,0.5489243027888446
Application_630885216,1,1,0.5489243027888446
Application_441255864,1,1,0.5489243027888446
Application_186670484,0,1,0.5489243027888446
Application_1961369857,1,1,0.5489243027888446
Application_945218374,0,1,0.5489243027888446
Application_2123359397,1,1,0.5489243027888446
Application_1194278424,0,1,0.5489243027888446
Application_1933903807,1,1,0.5489243027888446
Application_1777172908,0,1,0.5489243027888446
Application_667929164,1,1,0.5489243027888446
Application_128258840,1,1,0.5489243027888446
Application_601987144,1,1,0.5489243027888446
Application_1010825982,1,1,0.5489243027888446
Application_244038478,1,1,0.5489243027888446
Application_2143271804,1,1,0.5489243027888446
Application_1231423519,1,1,0.5489243027888446
Application_917933158,1,1,0.5489243027888446
Application_1140505774,0,1,0.5489243027888446
Application_365169523,1,1,0.5489243027888446
Application_227136917,1,1,0.5489243027888446
Application_828345629,1,1,0.5489243027888446
Application_1300625552,1,1,0.5489243027888446
Application_1625631203,1,1,0.5489243027888446
Application_399804336,0,1,0.5489243027888446
Application_1749301905,1,1,0.5489243027888446
Application_2058314938,0,1,0.5489243027888446
Application_418355103,0,1,0.5489243027888446
Application_93884526,0,1,0.5489243027888446
Application_1049772483,0,1,0.5489243027888446
Application_1674949270,1,1,0.5489243027888446
Application_339407729,1,1,0.5489243027888446
Application_1295599717,0,1,0.5489243027888446
Application_1105925592,1,1,0.5489243027888446
Application_31924676,1,1,0.5489243027888446
Application_717781808,1,1,0.5489243027888446
Application_972625713,1,1,0.5489243027888446
Application_623112993,1,1,0.5489243027888446
Application_1525515552,0,1,0.5489243027888446
Application_1697908264,1,1,0.5489243027888446
Application_1685751325,0,1,0.5489243027888446
Application_161248895,0,1,0.5489243027888446
Application_1614789186,1,1,0.5489243027888446
Application_1116736783,1,1,0.5489243027888446
Application_286873144,0,1,0.5489243027888446
Application_540471605,1,1,0.5489243027888446
Application_1374324644,1,1,0.5489243027888446
Application_1811479780,1,1,0.5489243027888446
Application_2030167708,0,1,0.5489243027888446
Application_1313489992,1,1,0.5489243027888446
Application_851943059,0,1,0.5489243027888446
Application_1744051272,1,1,0.5489243027888446
Application_1360556476,0,1,0.5489243027888446
Application_607669715,0,1,0.5489243027888446
Application_249437501,0,1,0.5489243027888446
Application_1664614522,0,1,0.5489243027888446
Application_1627790606,1,1,0.5489243027888446
Application_1285342453,0,1,0.5489243027888446
Application_553247416,1,1,0.5489243027888446
Application_330153287,1,1,0.5489243027888446
Application_1269575140,0,1,0.5489243027888446
Application_2057354751,1,1,0.5489243027888446
Application_90260130,1,1,0.5489243027888446
Application_983760603,0,1,0.5489243027888446
Application_760332880,1,1,0.5489243027888446
Application_1387679604,1,1,0.5489243027888446
Application_178752186,0,1,0.5489243027888446
Application_804402629,0,1,0.5489243027888446
Application_1095452972,1,1,0.5489243027888446
Application_113709871,1,1,0.5489243027888446
Application_2024566478,0,1,0.5489243027888446
Application_2089315093,1,1,0.5489243027888446
Application_1318266756,1,1,0.5489243027888446
Application_1474309108,1,1,0.5489243027888446
Application_1131778419,1,1,0.5489243027888446
Application_772221126,1,1,0.5489243027888446
Application_211870043,1,1,0.5489243027888446
Application_80099284,1,1,0.5489243027888446
Application_370675690,1,1,0.5489243027888446
Application_619730681,1,1,0.5489243027888446
Application_1991735900,1,1,0.5489243027888446
Application_1696294684,0,1,0.5489243027888446
Application_2020582584,1,1,0.5489243027888446
Application_620734845,0,1,0.5489243027888446
Application_406361456,1,1,0.5489243027888446
Application_1337249907,0,1,0.5489243027888446
Application_1054883456,1,1,0.5489243027888446
Application_1454712100,0,1,0.5489243027888446
Application_2052460683,1,1,0.5489243027888446
Application_77518101,0,1,0.5489243027888446
Application_237867019,1,1,0.5489243027888446
Application_1004601801,1,1,0.5489243027888446
Application_979814684,0,1,0.5489243027888446
Application_621694962,0,1,0.5489243027888446
Application_1703721614,0,1,0.5489243027888446
Application_2049369187,0,1,0.5489243027888446
Application_1090891539,0,1,0.5489243027888446
Application_1329577059,0,1,0.5489243027888446
Application_2101816492,0,1,0.5489243027888446
Application_1109017383,0,1,0.5489243027888446
Application_759433129,1,1,0.5489243027888446
Application_1054644292,0,1,0.5489243027888446
Application_458368971,1,1,0.5489243027888446
Application_1751472175,0,1,0.5489243027888446
Application_1527873568,0,1,0.5489243027888446
Application_382781915,0,1,0.5489243027888446
Application_600084950,0,1,0.5489243027888446
Application_10431674,0,1,0.5489243027888446
Application_1084874653,1,1,0.5489243027888446
Application_1346588557,1,1,0.5489243027888446
Application_2044328508,1,1,0.5489243027888446
Application_606265893,0,1,0.5489243027888446
Application_535094497,0,1,0.5489243027888446
Application_459492793,1,1,0.5489243027888446
Application_1705393050,1,1,0.5489243027888446
Application_1319213620,1,1,0.5489243027888446
Application_2047957251,0,1,0.5489243027888446
Application_844931912,0,1,0.5489243027888446
Application_1325302224,1,1,0.5489243027888446
Application_1540267654,1,1,0.5489243027888446
Application_821314733,1,1,0.5489243027888446
Application_88473878,0,1,0.5489243027888446
Application_437767223,1,1,0.5489243027888446
Application_719982445,1,1,0.5489243027888446
Application_1425136490,0,1,0.5489243027888446
Application_1796845896,0,1,0.5489243027888446
Application_350652330,1,1,0.5489243027888446
Application_1063334591,1,1,0.5489243027888446
Application_1748600294,1,1,0.5489243027888446
Application_962221093,1,1,0.5489243027888446
Application_2043676047,1,1,0.5489243027888446
Application_31630312,0,1,0.5489243027888446
Application_149596655,1,1,0.5489243027888446
Application_1167218989,1,1,0.5489243027888446
Application_244825819,1,1,0.5489243027888446
Application_1231464056,1,1,0.5489243027888446
Application_414001577,1,1,0.5489243027888446
Application_595363130,0,1,0.5489243027888446
Application_2042761377,1,1,0.5489243027888446
Application_1299469760,0,1,0.5489243027888446
Application_1813761377,1,1,0.5489243027888446
Application_1354903400,1,1,0.5489243027888446
Application_2118429749,0,1,0.5489243027888446
Application_781847509,0,1,0.5489243027888446
Application_1840614207,1,1,0.5489243027888446
Application_1203184751,0,1,0.5489243027888446
Application_39868697,1,1,0.5489243027888446
Application_1906307438,1,1,0.5489243027888446
Application_890428082,1,1,0.5489243027888446
Application_1033444821,0,1,0.5489243027888446
Application_48490086,0,1,0.5489243027888446
Application_309092058,1,1,0.5489243027888446
Application_1265413720,0,1,0.5489243027888446
Application_907768926,1,1,0.5489243027888446
Application_684359829,0,1,0.5489243027888446
Application_1767363735,0,1,0.5489243027888446
Application_2125221710,1,1,0.5489243027888446
Application_1386564931,0,1,0.5489243027888446
Application_1332567294,1,1,0.5489243027888446
Application_2053301194,1,1,0.5489243027888446
Application_1518333773,0,1,0.5489243027888446
Application_331373069,1,1,0.5489243027888446
Application_434982465,0,1,0.5489243027888446
Application_824325013,1,1,0.5489243027888446
Application_64747043,1,1,0.5489243027888446
Application_695714980,0,1,0.5489243027888446
Application_506291317,0,1,0.5489243027888446
Application_757207055,1,1,0.5489243027888446
Application_28299345,0,1,0.5489243027888446
Application_471347316,1,1,0.5489243027888446
Application_1517065409,0,1,0.5489243027888446
Application_1792807150,0,1,0.5489243027888446
Application_354038814,0,1,0.5489243027888446
Application_855274864,1,1,0.5489243027888446
Application_942667715,1,1,0.5489243027888446
Application_1292171120,1,1,0.5489243027888446
Application_361129072,1,1,0.5489243027888446
Application_1464437874,0,1,0.5489243027888446
Application_944562718,0,1,0.5489243027888446
Application_1289751033,0,1,0.5489243027888446
Application_1647830097,1,1,0.5489243027888446
Application_1754698041,0,1,0.5489243027888446
Application_352581778,1,1,0.5489243027888446
Application_409698808,0,1,0.5489243027888446
Application_1483928070,0,1,0.5489243027888446
Application_1469856555,1,1,0.5489243027888446
Application_214380816,0,1,0.5489243027888446
Application_1662936819,0,1,0.5489243027888446
Application_1297366419,1,1,0.5489243027888446
Application_1107950925,0,1,0.5489243027888446
Application_2000391541,0,1,0.5489243027888446
Application_353480544,0,1,0.5489243027888446
Application_145921979,0,1,0.5489243027888446
Application_1221422293,0,1,0.5489243027888446
Application_215162392,1,1,0.5489243027888446
Application_1992033392,1,1,0.5489243027888446
Application_564280997,0,1,0.5489243027888446
Application_680438590,0,1,0.5489243027888446
Application_2099960291,0,1,0.5489243027888446
Application_1580066848,1,1,0.5489243027888446
Application_901633533,1,1,0.5489243027888446
Application_585641427,0,1,0.5489243027888446
Application_1631798706,1,1,0.5489243027888446
Application_1765755529,0,1,0.5489243027888446
Application_497490559,1,1,0.5489243027888446
Application_399487431,1,1,0.5489243027888446
Application_1284111301,0,1,0.5489243027888446
Application_797468359,0,1,0.5489243027888446
Application_1576819977,0,1,0.5489243027888446
Application_962826231,0,1,0.5489243027888446
Application_264669276,1,1,0.5489243027888446
Application_1893569216,1,1,0.5489243027888446
Application_1139587159,1,1,0.5489243027888446
Application_1202415638,1,1,0.5489243027888446
Application_444247314,0,1,0.5489243027888446
Application_309030545,0,1,0.5489243027888446
Application_1610707738,1,1,0.5489243027888446
Application_2051352129,1,1,0.5489243027888446
Application_1929025400,0,1,0.5489243027888446
Application_1865491187,0,1,0.5489243027888446
Application_1346708837,0,1,0.5489243027888446
Application_1714104881,1,1,0.5489243027888446
Application_818544524,0,1,0.5489243027888446
Application_1650416539,0,1,0.5489243027888446
Application_1176826367,1,1,0.5489243027888446
Application_1753972267,1,1,0.5489243027888446
Application_1834515661,1,1,0.5489243027888446
Application_175875884,1,1,0.5489243027888446
Application_339050206,1,1,0.5489243027888446
Application_1574871736,0,1,0.5489243027888446
Application_274300371,1,1,0.5489243027888446
Application_474718991,0,1,0.5489243027888446
Application_1237394333,0,1,0.5489243027888446
Application_790779450,1,1,0.5489243027888446
Application_672871272,1,1,0.5489243027888446
Application_314497877,1,1,0.5489243027888446
Application_47407194,1,1,0.5489243027888446
Application_1624295834,0,1,0.5489243027888446
Application_598122150,0,1,0.5489243027888446
Application_1939778064,0,1,0.5489243027888446
Application_1815342522,1,1,0.5489243027888446
Application_1322203709,1,1,0.5489243027888446
Application_239477558,1,1,0.5489243027888446
Application_118524871,1,1,0.5489243027888446
Application_1099777932,0,1,0.5489243027888446
Application_825460349,1,1,0.5489243027888446
Application_900320294,1,1,0.5489243027888446
Application_2067372278,1,1,0.5489243027888446
Application_1102933096,0,1,0.5489243027888446
Application_1974444755,0,1,0.5489243027888446
Application_1284443099,0,1,0.5489243027888446
Application_152090342,1,1,0.5489243027888446
Application_863774773,0,1,0.5489243027888446
Application_526507473,1,1,0.5489243027888446
Application_92982126,0,1,0.5489243027888446
Application_669667104,1,1,0.5489243027888446
Application_269993344,1,1,0.5489243027888446
Application_1562291654,1,1,0.5489243027888446
Application_488035660,1,1,0.5489243027888446
Application_1924377980,0,1,0.5489243027888446
Application_605367983,1,1,0.5489243027888446
Application_606196992,1,1,0.5489243027888446
Application_1238018991,1,1,0.5489243027888446
Application_611092804,0,1,0.5489243027888446
Application_926871261,1,1,0.5489243027888446
Application_156087508,0,1,0.5489243027888446
Application_25181870,1,1,0.5489243027888446
Application_2009085424,0,1,0.5489243027888446
Application_925344672,1,1,0.5489243027888446
Application_1241310529,0,1,0.5489243027888446
Application_364222888,1,1,0.5489243027888446
Application_1487320768,1,1,0.5489243027888446
Application_270300649,1,1,0.5489243027888446
Application_835234957,1,1,0.5489243027888446
Application_1377067074,0,1,0.5489243027888446
Application_361368763,1,1,0.5489243027888446
Application_677637617,1,1,0.5489243027888446
Application_726395032,1,1,0.5489243027888446
Application_1409912288,1,1,0.5489243027888446
Application_356639618,1,1,0.5489243027888446
Application_672929604,0,1,0.5489243027888446
Application_1807304387,0,1,0.5489243027888446
Application_362042856,1,1,0.5489243027888446
Application_716417972,1,1,0.5489243027888446
Application_1163193079,1,1,0.5489243027888446
Application_1310531701,0,1,0.5489243027888446
Application_1271426699,0,1,0.5489243027888446
Application_1056684759,0,1,0.5489243027888446
Application_353132847,1,1,0.5489243027888446
Application_2055667501,1,1,0.5489243027888446
Application_1165924661,1,1,0.5489243027888446
Application_1404558282,0,1,0.5489243027888446
Application_1420038790,0,1,0.5489243027888446
Application_475848616,1,1,0.5489243027888446
Application_420528716,0,1,0.5489243027888446
Application_422395087,1,1,0.5489243027888446
Application_1175493423,1,1,0.5489243027888446
Application_477170224,0,1,0.5489243027888446
Application_1273378053,0,1,0.5489243027888446
Application_573409420,0,1,0.5489243027888446
Application_190552415,1,1,0.5489243027888446
Application_24270864,0,1,0.5489243027888446
Application_508615021,0,1,0.5489243027888446
Application_723389752,0,1,0.5489243027888446
Application_483215002,1,1,0.5489243027888446
Application_1122482586,1,1,0.5489243027888446
Application_2098447669,0,1,0.5489243027888446
Application_1429725995,0,1,0.5489243027888446
Application_2035341294,1,1,0.5489243027888446
Application_482074650,1,1,0.5489243027888446
Application_844394684,0,1,0.5489243027888446
Application_1025457860,0,1,0.5489243027888446
Application_1339084588,1,1,0.5489243027888446
Application_1703509179,1,1,0.5489243027888446
Application_892444494,0,1,0.5489243027888446
Application_1509740627,0,1,0.5489243027888446
Application_1590453625,0,1,0.5489243027888446
Application_959028510,1,1,0.5489243027888446
Application_2033490195,1,1,0.5489243027888446
Application_2038249469,1,1,0.5489243027888446
Application_74095387,0,1,0.5489243027888446
Application_372771478,0,1,0.5489243027888446
Application_2060092602,1,1,0.5489243027888446
Application_1702207070,0,1,0.5489243027888446
Application_1300909718,0,1,0.5489243027888446
Application_75055078,1,1,0.5489243027888446
Application_371422401,0,1,0.5489243027888446
Application_1031467191,0,1,0.5489243027888446
Application_211237020,0,1,0.5489243027888446
Application_1718649293,1,1,0.5489243027888446
Application_867437609,0,1,0.5489243027888446
Application_1214035810,1,1,0.5489243027888446
Application_1710327474,1,1,0.5489243027888446
Application_1357845307,1,1,0.5489243027888446
Application_1210329743,0,1,0.5489243027888446
Application_16788049,0,1,0.5489243027888446
Application_2009554924,0,1,0.5489243027888446
Application_809034186,1,1,0.5489243027888446
Application_391675176,0,1,0.5489243027888446
Application_1509198590,1,1,0.5489243027888446
Application_1683189142,1,1,0.5489243027888446
Application_1280565629,1,1,0.5489243027888446
Application_362185894,0,1,0.5489243027888446
Application_1745680840,0,1,0.5489243027888446
Application_1176104412,0,1,0.5489243027888446
Application_124288958,1,1,0.5489243027888446
Application_570875507,1,1,0.5489243027888446
Application_2067204767,1,1,0.5489243027888446
Application_1312733757,0,1,0.5489243027888446
Application_933620779,1,1,0.5489243027888446
Application_609106039,0,1,0.5489243027888446
Application_977974864,0,1,0.5489243027888446
Application_329041133,1,1,0.5489243027888446
Application_619754126,0,1,0.5489243027888446
Application_21872303,0,1,0.5489243027888446
Application_970503441,0,1,0.5489243027888446
Application_1354066062,0,1,0.5489243027888446
Application_2007094916,1,1,0.5489243027888446
Application_507216164,0,1,0.5489243027888446
Application_971318597,1,1,0.5489243027888446
Application_801889364,0,1,0.5489243027888446
Application_1816932338,1,1,0.5489243027888446
Application_2099002424,1,1,0.5489243027888446
Application_317543316,0,1,0.5489243027888446
Application_1849739044,0,1,0.5489243027888446
Application_1057130346,1,1,0.5489243027888446
Application_336250197,1,1,0.5489243027888446
Application_1346612073,1,1,0.5489243027888446
Application_1878960760,1,1,0.5489243027888446
Application_1495351732,0,1,0.5489243027888446
Application_2188153,0,1,0.5489243027888446
Application_313951333,0,1,0.5489243027888446
Application_1405826636,1,1,0.5489243027888446
Application_253964593,0,1,0.5489243027888446
Application_649819908,1,1,0.5489243027888446
Application_65717423,0,1,0.5489243027888446
Application_1140599197,1,1,0.5489243027888446
Application_507570451,1,1,0.5489243027888446
Application_869556376,1,1,0.5489243027888446
Application_6091391,1,1,0.5489243027888446
Application_1005228320,1,1,0.5489243027888446
Application_1894562710,0,1,0.5489243027888446
Application_1444165100,0,1,0.5489243027888446
Application_66692782,0,1,0.5489243027888446
Application_1063519740,1,1,0.5489243027888446
Application_1713280237,0,1,0.5489243027888446
Application_1289787823,1,1,0.5489243027888446
Application_2144993835,0,1,0.5489243027888446
Application_1065388275,0,1,0.5489243027888446
Application_1066386001,1,1,0.5489243027888446
Application_10750697,0,1,0.5489243027888446
Application_211406000,0,1,0.5489243027888446
Application_870788218,1,1,0.5489243027888446
Application_1214717043,0,1,0.5489243027888446
Application_2137261298,0,1,0.5489243027888446
Application_1494462305,1,1,0.5489243027888446
Application_239576189,1,1,0.5489243027888446
Application_108975302,1,1,0.5489243027888446
Application_206958042,0,1,0.5489243027888446
Application_2103762647,1,1,0.5489243027888446
Application_951477217,0,1,0.5489243027888446
Application_39907373,1,1,0.5489243027888446
Application_1853216913,1,1,0.5489243027888446
Application_1034123285,0,1,0.5489243027888446
Application_313537150,1,1,0.5489243027888446
Application_945608690,1,1,0.5489243027888446
Application_1503697905,1,1,0.5489243027888446
Application_1926088015,1,1,0.5489243027888446
Application_1209968775,1,1,0.5489243027888446
Application_585037499,1,1,0.5489243027888446
Application_2003563740,1,1,0.5489243027888446
Application_309853327,0,1,0.5489243027888446
Application_1122739100,1,1,0.5489243027888446
Application_290930697,1,1,0.5489243027888446
Application_1045534588,1,1,0.5489243027888446
Application_28343073,1,1,0.5489243027888446
Application_217974632,0,1,0.5489243027888446
Application_1426929415,1,1,0.5489243027888446
Application_1465306938,1,1,0.5489243027888446
Application_955500524,1,1,0.5489243027888446
Application_509076290,0,1,0.5489243027888446
Application_1704022308,0,1,0.5489243027888446
Application_413158301,1,1,0.5489243027888446
Application_585382591,1,1,0.5489243027888446
Application_1003291296,0,1,0.5489243027888446
Application_489550304,1,1,0.5489243027888446
Application_1488146222,0,1,0.5489243027888446
Application_1703568228,1,1,0.5489243027888446
Application_1732988770,0,1,0.5489243027888446
Application_334270615,0,1,0.5489243027888446
Application_1052198739,1,1,0.5489243027888446
Application_573409679,1,1,0.5489243027888446
Application_58538311,1,1,0.5489243027888446
Application_1871006480,1,1,0.5489243027888446
Application_1868755154,1,1,0.5489243027888446
Application_903106887,1,1,0.5489243027888446
Application_1870978242,0,1,0.5489243027888446
Application_1992831212,1,1,0.5489243027888446
Application_1793992683,0,1,0.5489243027888446
Application_1797276682,0,1,0.5489243027888446
Application_975946794,1,1,0.5489243027888446
Application_2048261328,0,1,0.5489243027888446
Application_1922430231,1,1,0.5489243027888446
Application_981705597,1,1,0.5489243027888446
Application_1701983265,1,1,0.5489243027888446
Application_1255603560,1,1,0.5489243027888446
Application_905878935,1,1,0.5489243027888446
Application_471484016,1,1,0.5489243027888446
Application_1617413255,1,1,0.5489243027888446
Application_574810235,0,1,0.5489243027888446
Application_892223013,1,1,0.5489243027888446
Application_2077147247,1,1,0.5489243027888446
Application_182230304,0,1,0.5489243027888446
Application_1817553519,0,1,0.5489243027888446
Application_777336393,1,1,0.5489243027888446
Application_965113608,1,1,0.5489243027888446
Application_1314683306,0,1,0.5489243027888446
Application_1467934474,0,1,0.5489243027888446
Application_394515882,1,1,0.5489243027888446
Application_90041934,0,1,0.5489243027888446
Application_957297083,1,1,0.5489243027888446
Application_746932178,1,1,0.5489243027888446
Application_233012825,1,1,0.5489243027888446
Application_19902638,1,1,0.5489243027888446
Application_1123487192,1,1,0.5489243027888446
Application_1681794627,1,1,0.5489243027888446
Application_2098518347,1,1,0.5489243027888446
Application_1560374875,1,1,0.5489243027888446
Application_1114088888,1,1,0.5489243027888446
Application_899248977,1,1,0.5489243027888446
Application_1636466059,0,1,0.5489243027888446
Application_1179132529,1,1,0.5489243027888446
Application_200623911,0,1,0.5489243027888446
Application_1892752886,0,1,0.5489243027888446
Application_2107501162,0,1,0.5489243027888446
Application_1635282054,0,1,0.5489243027888446
Application_1161220202,1,1,0.5489243027888446
Application_1812362363,1,1,0.5489243027888446
Application_1454329645,0,1,0.5489243027888446
Application_48128651,1,1,0.5489243027888446
Application_1908521808,1,1,0.5489243027888446
Application_1485710725,1,1,0.5489243027888446
Application_1861181811,1,1,0.5489243027888446
Application_1183957528,1,1,0.5489243027888446
Application_102338755,1,1,0.5489243027888446
Application_390522628,0,1,0.5489243027888446
Application_99210081,1,1,0.5489243027888446
Application_1950237720,0,1,0.5489243027888446
Application_394129589,0,1,0.5489243027888446
Application_1261424268,1,1,0.5489243027888446
Application_1323041202,0,1,0.5489243027888446
Application_965268021,0,1,0.5489243027888446
Application_100886157,1,1,0.5489243027888446
Application_214939523,1,1,0.5489243027888446
Application_614865485,0,1,0.5489243027888446
Application_643691008,1,1,0.5489243027888446
Application_281141251,1,1,0.5489243027888446
Application_1955841156,0,1,0.5489243027888446
Application_296299859,1,1,0.5489243027888446
Application_1265633548,0,1,0.5489243027888446
Application_1581528480,0,1,0.5489243027888446
Application_1504386349,1,1,0.5489243027888446
Application_466648449,0,1,0.5489243027888446
Application_1250084864,1,1,0.5489243027888446
Application_133935411,0,1,0.5489243027888446
Application_1612817160,0,1,0.5489243027888446
Application_1264113522,1,1,0.5489243027888446
Application_189815000,0,1,0.5489243027888446
Application_581105213,0,1,0.5489243027888446
Application_1938485547,1,1,0.5489243027888446
Application_1753374182,0,1,0.5489243027888446
Application_1580560695,1,1,0.5489243027888446
Application_1640033565,0,1,0.5489243027888446
Application_864162052,0,1,0.5489243027888446
Application_1831243137,1,1,0.5489243027888446
Application_709870610,1,1,0.5489243027888446
Application_1649679491,1,1,0.5489243027888446
Application_929368625,0,1,0.5489243027888446
Application_153600539,0,1,0.5489243027888446
Application_1975269949,0,1,0.5489243027888446
Application_1455988851,1,1,0.5489243027888446
Application_746812609,0,1,0.5489243027888446
Application_1197366230,1,1,0.5489243027888446
Application_114560083,1,1,0.5489243027888446
Application_1452181523,1,1,0.5489243027888446
Application_1502744153,1,1,0.5489243027888446
Application_1583440896,0,1,0.5489243027888446
Application_2083866451,0,1,0.5489243027888446
Application_334155346,1,1,0.5489243027888446
Application_381999736,1,1,0.5489243027888446
Application_1139528532,0,1,0.5489243027888446
Application_1362590392,0,1,0.5489243027888446
Application_153662314,1,1,0.5489243027888446
Application_916135710,0,1,0.5489243027888446
Application_556819046,1,1,0.5489243027888446
Application_996819598,1,1,0.5489243027888446
Application_327745005,1,1,0.5489243027888446
Application_2071977490,1,1,0.5489243027888446
Application_1220090149,1,1,0.5489243027888446
Application_1130795851,0,1,0.5489243027888446
Application_555276992,0,1,0.5489243027888446
Application_315698810,1,1,0.5489243027888446
Application_1500082122,0,1,0.5489243027888446
Application_91567678,1,1,0.5489243027888446
Application_994357941,0,1,0.5489243027888446
Application_767319788,1,1,0.5489243027888446
Application_2073760361,0,1,0.5489243027888446
Application_678098874,1,1,0.5489243027888446
Application_1451515921,1,1,0.5489243027888446
Application_1514842927,1,1,0.5489243027888446
Application_1135553856,1,1,0.5489243027888446
Application_1275545255,1,1,0.5489243027888446
Application_91523066,0,1,0.5489243027888446
Application_1465486025,1,1,0.5489243027888446
Application_84849067,0,1,0.5489243027888446
Application_2002603034,0,1,0.5489243027888446
Application_2060693162,1,1,0.5489243027888446
Application_601857796,1,1,0.5489243027888446
Application_1374552314,0,1,0.5489243027888446
Application_1846263192,1,1,0.5489243027888446
Application_1997272398,0,1,0.5489243027888446
Application_1782208203,0,1,0.5489243027888446
Application_1365801149,1,1,0.5489243027888446
Application_1502851295,1,1,0.5489243027888446
Application_1123629809,0,1,0.5489243027888446
Application_1740531421,0,1,0.5489243027888446
Application_2063868735,1,1,0.5489243027888446
Application_1791914839,1,1,0.5489243027888446
Application_1888350749,0,1,0.5489243027888446
Application_1007601292,0,1,0.5489243027888446
Application_1791228804,0,1,0.5489243027888446
Application_816734015,0,1,0.5489243027888446
Application_275122815,1,1,0.5489243027888446
Application_1312537655,1,1,0.5489243027888446
Application_1502105826,1,1,0.5489243027888446
Application_1156056055,0,1,0.5489243027888446
Application_964290361,0,1,0.5489243027888446
Application_1417834440,1,1,0.5489243027888446
Application_1855519591,0,1,0.5489243027888446
Application_94902734,0,1,0.5489243027888446
Application_944171237,0,1,0.5489243027888446
Application_1280739052,0,1,0.5489243027888446
Application_90743535,1,1,0.5489243027888446
Application_343628671,1,1,0.5489243027888446
Application_2058119051,0,1,0.5489243027888446
Application_1095638977,0,1,0.5489243027888446
Application_551444244,0,1,0.5489243027888446
Application_807642821,0,1,0.5489243027888446
Application_2041978198,0,1,0.5489243027888446
Application_1419488876,1,1,0.5489243027888446
Application_1854025624,0,1,0.5489243027888446
Application_555852588,1,1,0.5489243027888446
Application_1327486929,1,1,0.5489243027888446
Application_1090489225,1,1,0.5489243027888446
Application_569214142,1,1,0.5489243027888446
Application_695190318,0,1,0.5489243027888446
Application_1053489256,0,1,0.5489243027888446
Application_1395696555,1,1,0.5489243027888446
Application_55240812,0,1,0.5489243027888446
Application_371118023,0,1,0.5489243027888446
Application_624429547,1,1,0.5489243027888446
Application_981465623,1,1,0.5489243027888446
Application_622941435,1,1,0.5489243027888446
Application_985160394,0,1,0.5489243027888446
Application_2093060269,1,1,0.5489243027888446
Application_1520049058,0,1,0.5489243027888446
Application_627088243,0,1,0.5489243027888446
Application_272645051,0,1,0.5489243027888446
Application_1517703496,0,1,0.5489243027888446
Application_639400430,0,1,0.5489243027888446
Application_795526115,0,1,0.5489243027888446
Application_1793160101,1,1,0.5489243027888446
Application_837911105,0,1,0.5489243027888446
Application_124810635,1,1,0.5489243027888446
Application_440426323,0,1,0.5489243027888446
Application_275348392,0,1,0.5489243027888446
Application_116395049,1,1,0.5489243027888446
Application_912681536,1,1,0.5489243027888446
Application_1323794365,1,1,0.5489243027888446
Application_1068273919,1,1,0.5489243027888446
Application_1828381789,1,1,0.5489243027888446
Application_1382111001,1,1,0.5489243027888446
Application_1773800749,1,1,0.5489243027888446
Application_927305192,0,1,0.5489243027888446
Application_690863786,0,1,0.5489243027888446
Application_880598776,0,1,0.5489243027888446
Application_1213737526,1,1,0.5489243027888446
Application_1930165253,1,1,0.5489243027888446
Application_1861298112,0,1,0.5489243027888446
Application_1648736780,1,1,0.5489243027888446
Application_997848693,1,1,0.5489243027888446
Application_681016501,1,1,0.5489243027888446
Application_944860637,1,1,0.5489243027888446
Application_1437537263,1,1,0.5489243027888446
Application_253804994,1,1,0.5489243027888446
Application_736395295,1,1,0.5489243027888446
Application_1116244383,1,1,0.5489243027888446
Application_1074738376,0,1,0.5489243027888446
Application_2137837243,1,1,0.5489243027888446
Application_1967560502,0,1,0.5489243027888446
Application_1515048435,1,1,0.5489243027888446
Application_327968396,0,1,0.5489243027888446
Application_946565789,0,1,0.5489243027888446
Application_1759946750,1,1,0.5489243027888446
Application_896441766,0,1,0.5489243027888446
Application_2080516029,0,1,0.5489243027888446
Application_1829351727,1,1,0.5489243027888446
Application_1825713542,0,1,0.5489243027888446
Application_1399501567,0,1,0.5489243027888446
Application_1442369492,1,1,0.5489243027888446
Application_138912330,1,1,0.5489243027888446
Application_1631898559,1,1,0.5489243027888446
Application_550228710,1,1,0.5489243027888446
Application_320004079,1,1,0.5489243027888446
Application_1402742037,1,1,0.5489243027888446
Application_1078614640,1,1,0.5489243027888446
Application_1280243861,1,1,0.5489243027888446
Application_629867343,0,1,0.5489243027888446
Application_1895224589,1,1,0.5489243027888446
Application_2083328557,1,1,0.5489243027888446
Application_746672835,1,1,0.5489243027888446
Application_1445597770,1,1,0.5489243027888446
Application_1231269305,0,1,0.5489243027888446
Application_397372842,0,1,0.5489243027888446
Application_244920825,1,1,0.5489243027888446
Application_1498613188,0,1,0.5489243027888446
Application_1897876276,1,1,0.5489243027888446
Application_1694904885,1,1,0.5489243027888446
Application_83093719,0,1,0.5489243027888446
Application_296572329,0,1,0.5489243027888446
Application_868329739,1,1,0.5489243027888446
Application_1024176807,1,1,0.5489243027888446
Application_1206648420,1,1,0.5489243027888446
Application_1526587361,0,1,0.5489243027888446
Application_561864163,0,1,0.5489243027888446
Application_1312529552,0,1,0.5489243027888446
Application_1692583211,1,1,0.5489243027888446
Application_1291779828,0,1,0.5489243027888446
Application_1029175063,1,1,0.5489243027888446
Application_662896680,0,1,0.5489243027888446
Application_680160715,1,1,0.5489243027888446
Application_1959429828,0,1,0.5489243027888446
Application_1538422690,0,1,0.5489243027888446
Application_2027799986,1,1,0.5489243027888446
Application_1177646759,1,1,0.5489243027888446
Application_1539704560,1,1,0.5489243027888446
Application_1537320657,1,1,0.5489243027888446
Application_1727057027,1,1,0.5489243027888446
Application_1572708761,1,1,0.5489243027888446
Application_2102819676,1,1,0.5489243027888446
Application_1019756607,1,1,0.5489243027888446
Application_1466389629,0,1,0.5489243027888446
Application_1656792289,1,1,0.5489243027888446
Application_123016072,1,1,0.5489243027888446
Application_956166407,0,1,0.5489243027888446
Application_1179722001,1,1,0.5489243027888446
Application_1318628263,1,1,0.5489243027888446
Application_316223868,0,1,0.5489243027888446
Application_1837263594,0,1,0.5489243027888446
Application_1024774116,0,1,0.5489243027888446
Application_489358039,0,1,0.5489243027888446
Application_1205789692,1,1,0.5489243027888446
Application_720027679,0,1,0.5489243027888446
Application_942762775,1,1,0.5489243027888446
Application_272984769,0,1,0.5489243027888446
Application_2142516993,0,1,0.5489243027888446
Application_1571475247,0,1,0.5489243027888446
Application_1426260594,0,1,0.5489243027888446
Application_1203077095,1,1,0.5489243027888446
Application_2070123392,0,1,0.5489243027888446
Application_1847012732,0,1,0.5489243027888446
Application_772868903,0,1,0.5489243027888446
Application_812148864,1,1,0.5489243027888446
Application_1570046633,0,1,0.5489243027888446
Application_1196260965,1,1,0.5489243027888446
Application_1828081301,0,1,0.5489243027888446
Application_2071184240,0,1,0.5489243027888446
Application_2024966703,0,1,0.5489243027888446
Application_1497767483,1,1,0.5489243027888446
Application_1316424910,1,1,0.5489243027888446
Application_813307149,0,1,0.5489243027888446
Application_376682366,0,1,0.5489243027888446
Application_423078189,1,1,0.5489243027888446
Application_2131260692,0,1,0.5489243027888446
Application_555781382,0,1,0.5489243027888446
Application_379716265,1,1,0.5489243027888446
Application_21610314,0,1,0.5489243027888446
Application_1456223716,0,1,0.5489243027888446
Application_1256797311,0,1,0.5489243027888446
Application_1460401130,0,1,0.5489243027888446
Application_1818313246,1,1,0.5489243027888446
Application_1742464377,1,1,0.5489243027888446
Application_1835447552,0,1,0.5489243027888446
Application_1137072794,1,1,0.5489243027888446
Application_183198602,1,1,0.5489243027888446
Application_364299565,0,1,0.5489243027888446
Application_64580395,1,1,0.5489243027888446
Application_817327339,1,1,0.5489243027888446
Application_1824310007,1,1,0.5489243027888446
Application_1651882834,0,1,0.5489243027888446
Application_1832493729,0,1,0.5489243027888446
Application_758200875,0,1,0.5489243027888446
Application_661194677,0,1,0.5489243027888446
Application_1180383220,1,1,0.5489243027888446
Application_1617272391,1,1,0.5489243027888446
Application_1972589782,1,1,0.5489243027888446
Application_1891150389,1,1,0.5489243027888446
Application_1175093878,1,1,0.5489243027888446
Application_2080868684,1,1,0.5489243027888446
Application_709251515,1,1,0.5489243027888446
Application_64770427,1,1,0.5489243027888446
Application_864484571,1,1,0.5489243027888446
Application_801388233,0,1,0.5489243027888446
Application_2100612556,0,1,0.5489243027888446
Application_245908497,0,1,0.5489243027888446
Application_1791899364,1,1,0.5489243027888446
Application_71451073,1,1,0.5489243027888446
Application_1595644784,1,1,0.5489243027888446
Application_1027387746,1,1,0.5489243027888446
Application_703097816,1,1,0.5489243027888446
Application_31244249,1,1,0.5489243027888446
Application_1462952668,1,1,0.5489243027888446
Application_1755263044,0,1,0.5489243027888446
Application_988369102,1,1,0.5489243027888446
Application_1178172301,0,1,0.5489243027888446
Application_104317572,0,1,0.5489243027888446
Application_2063282031,0,1,0.5489243027888446
Application_1358744041,0,1,0.5489243027888446
Application_2043047993,0,1,0.5489243027888446
Application_852744231,1,1,0.5489243027888446
Application_1147719014,1,1,0.5489243027888446
Application_1615315247,1,1,0.5489243027888446
Application_319696917,0,1,0.5489243027888446
Application_1470270483,1,1,0.5489243027888446
Application_315644368,1,1,0.5489243027888446
Application_665402126,1,1,0.5489243027888446
Application_2118644430,1,1,0.5489243027888446
Application_1465150255,1,1,0.5489243027888446
Application_1612070951,0,1,0.5489243027888446
Application_32936700,1,1,0.5489243027888446
Application_1115432729,1,1,0.5489243027888446
Application_1686314556,0,1,0.5489243027888446
Application_1254085728,0,1,0.5489243027888446
Application_1236733745,0,1,0.5489243027888446
Application_1794381253,0,1,0.5489243027888446
Application_1553016273,0,1,0.5489243027888446
Application_1885923563,1,1,0.5489243027888446
Application_677134216,0,1,0.5489243027888446
Application_1789875301,1,1,0.5489243027888446
Application_1885765431,1,1,0.5489243027888446
Application_1140953198,1,1,0.5489243027888446
Application_892251286,0,1,0.5489243027888446
Application_172021397,0,1,0.5489243027888446
Application_1974117177,1,1,0.5489243027888446
Application_463289149,1,1,0.5489243027888446
Application_169115961,1,1,0.5489243027888446
Application_1785864224,1,1,0.5489243027888446
Application_1542028428,1,1,0.5489243027888446
Application_1345545536,1,1,0.5489243027888446
Application_1286997267,1,1,0.5489243027888446
Application_1105903637,1,1,0.5489243027888446
Application_1796438229,0,1,0.5489243027888446
Application_604618408,1,1,0.5489243027888446
Application_1751558677,1,1,0.5489243027888446
Application_1854095435,1,1,0.5489243027888446
Application_1699193343,1,1,0.5489243027888446
Application_1349989477,1,1,0.5489243027888446
Application_493571606,1,1,0.5489243027888446
Application_69886194,0,1,0.5489243027888446
Application_293186607,1,1,0.5489243027888446
Application_337854299,0,1,0.5489243027888446
Application_852082039,0,1,0.5489243027888446
Application_1291286264,0,1,0.5489243027888446
Application_1472456050,0,1,0.5489243027888446
Application_399086807,1,1,0.5489243027888446
Application_296111386,0,1,0.5489243027888446
Application_1853491319,0,1,0.5489243027888446
Application_1669429484,1,1,0.5489243027888446
Application_1998036485,0,1,0.5489243027888446
Application_1033509575,1,1,0.5489243027888446
Application_650088661,0,1,0.5489243027888446
Application_856904799,0,1,0.5489243027888446
Application_1540112874,1,1,0.5489243027888446
Application_1635121236,1,1,0.5489243027888446
Application_903761516,0,1,0.5489243027888446
Application_1632702551,0,1,0.5489243027888446
Application_2021996669,0,1,0.5489243027888446
Application_1518765385,1,1,0.5489243027888446
Application_625205810,1,1,0.5489243027888446
Application_1788428875,1,1,0.5489243027888446
Application_181886224,1,1,0.5489243027888446
Application_1319249477,1,1,0.5489243027888446
Application_1129969277,1,1,0.5489243027888446
Application_862319891,0,1,0.5489243027888446
Application_512570243,1,1,0.5489243027888446
Application_2059460268,1,1,0.5489243027888446
Application_199560590,0,1,0.5489243027888446
Application_2001409988,0,1,0.5489243027888446
Application_765444982,0,1,0.5489243027888446
Application_139196339,1,1,0.5489243027888446
Application_76077728,0,1,0.5489243027888446
Application_1364761716,0,1,0.5489243027888446
Application_1021332815,0,1,0.5489243027888446
Application_764210003,1,1,0.5489243027888446
Application_284722986,1,1,0.5489243027888446
Application_1210876281,0,1,0.5489243027888446
Application_185750292,1,1,0.5489243027888446
Application_941665501,0,1,0.5489243027888446
Application_1797034930,0,1,0.5489243027888446
Application_293081460,1,1,0.5489243027888446
Application_1772618335,0,1,0.5489243027888446
Application_1203975466,1,1,0.5489243027888446
Application_1376887477,1,1,0.5489243027888446
Application_1600020197,1,1,0.5489243027888446
Application_1621901239,0,1,0.5489243027888446
Application_1581655140,0,1,0.5489243027888446
Application_797417927,1,1,0.5489243027888446
Application_1584953437,1,1,0.5489243027888446
Application_1648189282,1,1,0.5489243027888446
Application_862284635,0,1,0.5489243027888446
Application_2080395563,0,1,0.5489243027888446
Application_1460504921,1,1,0.5489243027888446
Application_566145527,1,1,0.5489243027888446
Application_1267164884,0,1,0.5489243027888446
Application_864621005,1,1,0.5489243027888446
Application_573128940,1,1,0.5489243027888446
Application_139089952,0,1,0.5489243027888446
Application_1937760784,0,1,0.5489243027888446
Application_1160309805,0,1,0.5489243027888446
Application_1273686478,1,1,0.5489243027888446
Application_1378219675,0,1,0.5489243027888446
Application_1592967370,0,1,0.5489243027888446
Application_1619420792,0,1,0.5489243027888446
Application_779887573,0,1,0.5489243027888446
Application_1052606575,0,1,0.5489243027888446
Application_2025229391,1,1,0.5489243027888446
Application_610018749,1,1,0.5489243027888446
Application_420214466,1,1,0.5489243027888446
Application_1367490967,1,1,0.5489243027888446
Application_952025553,1,1,0.5489243027888446
Application_1275779621,0,1,0.5489243027888446
Application_1667424466,1,1,0.5489243027888446
Application_1944625042,1,1,0.5489243027888446
Application_1141108757,1,1,0.5489243027888446
Application_1489581984,1,1,0.5489243027888446
Application_1990971128,1,1,0.5489243027888446
Application_923517455,1,1,0.5489243027888446
Application_1494056730,0,1,0.5489243027888446
Application_1937302912,0,1,0.5489243027888446
Application_1131744527,1,1,0.5489243027888446
Application_476768361,1,1,0.5489243027888446
Application_1230081214,1,1,0.5489243027888446
Application_933312827,1,1,0.5489243027888446
Application_36692111,0,1,0.5489243027888446
Application_144638430,0,1,0.5489243027888446
Application_936417560,1,1,0.5489243027888446
Application_1098883900,1,1,0.5489243027888446
Application_287618269,0,1,0.5489243027888446
Application_468729534,0,1,0.5489243027888446
Application_1667164492,0,1,0.5489243027888446
Application_147869159,1,1,0.5489243027888446
Application_1010657155,1,1,0.5489243027888446
Application_362083369,0,1,0.5489243027888446
Application_541435146,0,1,0.5489243027888446
Application_1039990121,1,1,0.5489243027888446
Application_541270963,1,1,0.5489243027888446
Application_174523797,0,1,0.5489243027888446
Application_465906899,1,1,0.5489243027888446
Application_1959276834,1,1,0.5489243027888446
Application_722930672,0,1,0.5489243027888446
Application_1844570681,1,1,0.5489243027888446
Application_2025810393,1,1,0.5489243027888446
Application_831557107,1,1,0.5489243027888446
Application_1761923867,0,1,0.5489243027888446
Application_1985157106,1,1,0.5489243027888446
Application_1232392890,0,1,0.5489243027888446
Application_2028489444,1,1,0.5489243027888446
Application_1904206333,0,1,0.5489243027888446
Application_1680734516,0,1,0.5489243027888446
Application_1910954034,1,1,0.5489243027888446
Application_1531762977,0,1,0.5489243027888446
Application_984637042,1,1,0.5489243027888446
Application_180312905,1,1,0.5489243027888446
Application_1535488836,0,1,0.5489243027888446
Application_1202543218,0,1,0.5489243027888446
Application_2008855109,1,1,0.5489243027888446
Application_1600961137,1,1,0.5489243027888446
Application_790630836,1,1,0.5489243027888446
Application_1969322143,0,1,0.5489243027888446
Application_98763482,0,1,0.5489243027888446
Application_1468800964,1,1,0.5489243027888446
Application_1402421765,1,1,0.5489243027888446
Application_681868731,1,1,0.5489243027888446
Application_1682805570,1,1,0.5489243027888446
Application_1980172661,1,1,0.5489243027888446
Application_2135977945,1,1,0.5489243027888446
Application_1604844530,1,1,0.5489243027888446
Application_1621378726,0,1,0.5489243027888446
Application_1364438939,1,1,0.5489243027888446
Application_1974408424,0,1,0.5489243027888446
Application_320656653,0,1,0.5489243027888446
Application_4725841,1,1,0.5489243027888446
Application_41457718,0,1,0.5489243027888446
Application_357595149,1,1,0.5489243027888446
Application_1079252932,0,1,0.5489243027888446
Application_1547985122,1,1,0.5489243027888446
Application_1356606116,1,1,0.5489243027888446
Application_29907847,1,1,0.5489243027888446
Application_1049752339,1,1,0.5489243027888446
Application_392342439,1,1,0.5489243027888446
Application_1196222682,1,1,0.5489243027888446
Application_1411667328,0,1,0.5489243027888446
Application_240075618,0,1,0.5489243027888446
Application_1094857756,1,1,0.5489243027888446
Application_413226186,0,1,0.5489243027888446
Application_1991542825,1,1,0.5489243027888446
Application_1801799778,0,1,0.5489243027888446
Application_660898265,1,1,0.5489243027888446
Application_985184981,0,1,0.5489243027888446
Application_726893387,0,1,0.5489243027888446
Application_729468313,1,1,0.5489243027888446
Application_1610326543,0,1,0.5489243027888446
Application_1803607870,0,1,0.5489243027888446
Application_235207605,1,1,0.5489243027888446
Application_1791752256,1,1,0.5489243027888446
Application_1312464776,0,1,0.5489243027888446
Application_410550546,1,1,0.5489243027888446
Application_668695663,0,1,0.5489243027888446
Application_413655543,0,1,0.5489243027888446
Application_2022277549,0,1,0.5489243027888446
Application_1611334093,0,1,0.5489243027888446
Application_815351292,1,1,0.5489243027888446
Application_515224882,0,1,0.5489243027888446
Application_14043266,0,1,0.5489243027888446
Application_1350859573,0,1,0.5489243027888446
Application_1048229669,1,1,0.5489243027888446
Application_1810497253,0,1,0.5489243027888446
Application_1431271047,0,1,0.5489243027888446
Application_1781035334,1,1,0.5489243027888446
Application_388690811,1,1,0.5489243027888446
Application_746588446,1,1,0.5489243027888446
Application_516455825,0,1,0.5489243027888446
Application_1165348053,0,1,0.5489243027888446
Application_874667301,1,1,0.5489243027888446
Application_673756097,1,1,0.5489243027888446
Application_989790181,0,1,0.5489243027888446
Application_443770026,1,1,0.5489243027888446
Application_1642811374,0,1,0.5489243027888446
Application_1891253476,0,1,0.5489243027888446
Application_334707315,1,1,0.5489243027888446
Application_650730518,1,1,0.5489243027888446
Application_423354116,0,1,0.5489243027888446
Application_1253032803,0,1,0.5489243027888446
Application_1764808452,1,1,0.5489243027888446
Application_250165774,0,1,0.5489243027888446
Application_1076896696,1,1,0.5489243027888446
Application_1454026823,0,1,0.5489243027888446
Application_1706407359,0,1,0.5489243027888446
Application_876355916,0,1,0.5489243027888446
Application_1443389561,1,1,0.5489243027888446
Application_1836169687,1,1,0.5489243027888446
Application_1777048467,1,1,0.5489243027888446
Application_247180552,0,1,0.5489243027888446
Application_1326172373,1,1,0.5489243027888446
Application_1300773256,1,1,0.5489243027888446
Application_1140614876,0,1,0.5489243027888446
Application_721338074,1,1,0.5489243027888446
Application_36278501,0,1,0.5489243027888446
Application_453521125,1,1,0.5489243027888446
Application_668422437,1,1,0.5489243027888446
Application_1156750817,1,1,0.5489243027888446
Application_346800107,1,1,0.5489243027888446
Application_30950654,1,1,0.5489243027888446
Application_679891172,0,1,0.5489243027888446
Application_654932562,1,1,0.5489243027888446
Application_1084469664,0,1,0.5489243027888446
Application_1509297391,1,1,0.5489243027888446
Application_10364301,1,1,0.5489243027888446
Application_750865641,1,1,0.5489243027888446
Application_1710293659,1,1,0.5489243027888446
Application_806720781,1,1,0.5489243027888446
Application_1164942045,1,1,0.5489243027888446
Application_619397340,0,1,0.5489243027888446
Application_2127858700,1,1,0.5489243027888446
Application_909952098,1,1,0.5489243027888446
Application_560521157,1,1,0.5489243027888446
Application_522446320,0,1,0.5489243027888446
Application_2131199353,0,1,0.5489243027888446
Application_1415886047,0,1,0.5489243027888446
Application_1923395272,1,1,0.5489243027888446
Application_2047347964,0,1,0.5489243027888446
Application_1587546099,1,1,0.5489243027888446
Application_1740533240,0,1,0.5489243027888446
Application_1548616764,0,1,0.5489243027888446
Application_1168237766,0,1,0.5489243027888446
Application_1614968186,1,1,0.5489243027888446
Application_2124615783,0,1,0.5489243027888446
Application_1040902596,1,1,0.5489243027888446
Application_1744329481,0,1,0.5489243027888446
Application_1011743105,0,1,0.5489243027888446
Application_1373903371,1,1,0.5489243027888446
Application_1615943310,1,1,0.5489243027888446
Application_545952433,0,1,0.5489243027888446
Application_904028135,1,1,0.5489243027888446
Application_1152621540,1,1,0.5489243027888446
Application_46596447,0,1,0.5489243027888446
Application_1263979201,1,1,0.5489243027888446
Application_669701594,1,1,0.5489243027888446
Application_1409065357,0,1,0.5489243027888446
Application_1025696634,0,1,0.5489243027888446
Application_802516061,0,1,0.5489243027888446
Application_1744206812,1,1,0.5489243027888446
Application_118455744,0,1,0.5489243027888446
Application_62646212,0,1,0.5489243027888446
Application_1009604939,0,1,0.5489243027888446
Application_821809391,1,1,0.5489243027888446
Application_1456019868,1,1,0.5489243027888446
Application_1266586980,1,1,0.5489243027888446
Application_894842968,1,1,0.5489243027888446
Application_1038835670,0,1,0.5489243027888446
Application_1619859813,1,1,0.5489243027888446
Application_823681174,0,1,0.5489243027888446
Application_901390369,0,1,0.5489243027888446
Application_1535844879,0,1,0.5489243027888446
Application_368467703,0,1,0.5489243027888446
Application_235841717,0,1,0.5489243027888446
Application_46641543,1,1,0.5489243027888446
Application_317164413,1,1,0.5489243027888446
Application_2084447947,1,1,0.5489243027888446
Application_1390822818,0,1,0.5489243027888446
Application_1829767472,1,1,0.5489243027888446
Application_1535972219,1,1,0.5489243027888446
Application_233348227,0,1,0.5489243027888446
Application_43612522,1,1,0.5489243027888446
Application_2100889693,1,1,0.5489243027888446
Application_827208491,0,1,0.5489243027888446
Application_1662524797,1,1,0.5489243027888446
Application_523131122,1,1,0.5489243027888446
Application_1528403015,0,1,0.5489243027888446
Application_1338784084,0,1,0.5489243027888446
Application_597580909,0,1,0.5489243027888446
Application_1326570106,1,1,0.5489243027888446
Application_1349492321,0,1,0.5489243027888446
Application_603322364,1,1,0.5489243027888446
Application_1302385232,1,1,0.5489243027888446
Application_560407870,0,1,0.5489243027888446
Application_908229321,1,1,0.5489243027888446
Application_1811563411,1,1,0.5489243027888446
Application_276062500,0,1,0.5489243027888446
Application_625813474,0,1,0.5489243027888446
Application_129724786,1,1,0.5489243027888446
Application_497495747,1,1,0.5489243027888446
Application_1196891456,1,1,0.5489243027888446
Application_303581122,1,1,0.5489243027888446
Application_1663792484,1,1,0.5489243027888446
Application_461576889,0,1,0.5489243027888446
Application_1317848716,1,1,0.5489243027888446
Application_2054705159,1,1,0.5489243027888446
Application_1898724773,0,1,0.5489243027888446
Application_2055213669,1,1,0.5489243027888446
Application_1700085215,1,1,0.5489243027888446
Application_2020372305,0,1,0.5489243027888446
Application_1818374911,1,1,0.5489243027888446
Application_1370023294,1,1,0.5489243027888446
Application_1583920195,1,1,0.5489243027888446
Application_1754816676,1,1,0.5489243027888446
Application_1978035381,0,1,0.5489243027888446
Application_681547497,0,1,0.5489243027888446
Application_2029693986,1,1,0.5489243027888446
Application_72844461,1,1,0.5489243027888446
Application_894374405,0,1,0.5489243027888446
Application_306162839,1,1,0.5489243027888446
Application_438616024,0,1,0.5489243027888446
Application_1408575602,1,1,0.5489243027888446
Application_78225089,1,1,0.5489243027888446
Application_587185431,1,1,0.5489243027888446
Application_1369623649,1,1,0.5489243027888446
Application_1559105602,0,1,0.5489243027888446
Application_1039841723,0,1,0.5489243027888446
Application_808506107,1,1,0.5489243027888446
Application_552235286,1,1,0.5489243027888446
Application_818973933,0,1,0.5489243027888446
Application_1055057439,1,1,0.5489243027888446
Application_2049505116,1,1,0.5489243027888446
Application_676010641,1,1,0.5489243027888446
Application_1193197506,1,1,0.5489243027888446
Application_1475545655,0,1,0.5489243027888446
Application_1593526429,1,1,0.5489243027888446
Application_1378573995,1,1,0.5489243027888446
Application_683270258,0,1,0.5489243027888446
Application_1008012118,0,1,0.5489243027888446
Application_1838695086,1,1,0.5489243027888446
Application_308306449,0,1,0.5489243027888446
Application_1625337065,1,1,0.5489243027888446
Application_1974921440,1,1,0.5489243027888446
Application_1013759462,1,1,0.5489243027888446
Application_629281341,1,1,0.5489243027888446
Application_1522165721,0,1,0.5489243027888446
Application_450199756,0,1,0.5489243027888446
Application_1398939332,0,1,0.5489243027888446
Application_1238104643,1,1,0.5489243027888446
Application_602455530,1,1,0.5489243027888446
Application_825818565,1,1,0.5489243027888446
Application_1044858457,0,1,0.5489243027888446
Application_97035604,1,1,0.5489243027888446
Application_1590791050,0,1,0.5489243027888446
Application_1465705504,0,1,0.5489243027888446
Application_1328690304,1,1,0.5489243027888446
Application_1910779163,0,1,0.5489243027888446
Application_2026330587,1,1,0.5489243027888446
Application_103241719,0,1,0.5489243027888446
Application_836151428,1,1,0.5489243027888446
Application_635277910,1,1,0.5489243027888446
Application_251924785,0,1,0.5489243027888446
Application_395238377,1,1,0.5489243027888446
Application_753356368,0,1,0.5489243027888446
Application_62072340,1,1,0.5489243027888446
Application_1191648553,0,1,0.5489243027888446
Application_973750778,0,1,0.5489243027888446
Application_1945936957,1,1,0.5489243027888446
Application_219075718,0,1,0.5489243027888446
Application_610717758,0,1,0.5489243027888446
Application_1531639125,0,1,0.5489243027888446
Application_1558911791,1,1,0.5489243027888446
Application_859455921,1,1,0.5489243027888446
Application_515490930,1,1,0.5489243027888446
Application_1911105271,0,1,0.5489243027888446
Application_1561581762,1,1,0.5489243027888446
Application_992653953,0,1,0.5489243027888446
Application_1212433332,0,1,0.5489243027888446
Application_952678589,0,1,0.5489243027888446
Application_299706642,0,1,0.5489243027888446
Application_30994806,1,1,0.5489243027888446
Application_1102768033,0,1,0.5489243027888446
Application_1965289028,1,1,0.5489243027888446
Application_1817755137,0,1,0.5489243027888446
Application_454052907,0,1,0.5489243027888446
Application_1403810042,1,1,0.5489243027888446
Application_1602281715,1,1,0.5489243027888446
Application_1548314268,0,1,0.5489243027888446
Application_560750680,0,1,0.5489243027888446
Application_1314919756,0,1,0.5489243027888446
Application_97494529,1,1,0.5489243027888446
Application_1458035543,1,1,0.5489243027888446
Application_1267136375,1,1,0.5489243027888446
Application_362437843,0,1,0.5489243027888446
Application_1293016027,0,1,0.5489243027888446
Application_507640161,0,1,0.5489243027888446
Application_1674370729,1,1,0.5489243027888446
Application_1268060810,0,1,0.5489243027888446
Application_1641156565,1,1,0.5489243027888446
Application_1042909603,0,1,0.5489243027888446
Application_1894731804,0,1,0.5489243027888446
Application_1198846379,1,1,0.5489243027888446
Application_314004071,0,1,0.5489243027888446
Application_1531372937,0,1,0.5489243027888446
Application_1965518974,1,1,0.5489243027888446
Application_882125644,1,1,0.5489243027888446
Application_525287846,0,1,0.5489243027888446
Application_1641924285,1,1,0.5489243027888446
Application_1383315955,0,1,0.5489243027888446
Application_1747435808,1,1,0.5489243027888446
Application_1869129677,0,1,0.5489243027888446
Application_423439630,1,1,0.5489243027888446
Application_1741516274,1,1,0.5489243027888446
Application_1507280418,1,1,0.5489243027888446
Application_982782738,1,1,0.5489243027888446
Application_2111139636,0,1,0.5489243027888446
Application_351085295,1,1,0.5489243027888446
Application_1479013620,1,1,0.5489243027888446
Application_1925786885,1,1,0.5489243027888446
Application_2115489972,0,1,0.5489243027888446
Application_822441404,0,1,0.5489243027888446
Application_279199020,0,1,0.5489243027888446
Application_1906284757,1,1,0.5489243027888446
Application_1042808029,0,1,0.5489243027888446
Application_461222959,0,1,0.5489243027888446
Application_2053544331,0,1,0.5489243027888446
Application_1543333489,0,1,0.5489243027888446
Application_1611095248,1,1,0.5489243027888446
Application_1973462456,0,1,0.5489243027888446
Application_1982226096,1,1,0.5489243027888446
Application_1894462613,0,1,0.5489243027888446
Application_1937518370,1,1,0.5489243027888446
Application_1621414360,1,1,0.5489243027888446
Application_682303472,1,1,0.5489243027888446
Application_1444888275,1,1,0.5489243027888446
Application_1212507368,1,1,0.5489243027888446
Application_13495839,1,1,0.5489243027888446
Application_176109526,1,1,0.5489243027888446
Application_2133333772,1,1,0.5489243027888446
Application_1250455189,1,1,0.5489243027888446
Application_1574960885,1,1,0.5489243027888446
Application_581256241,0,1,0.5489243027888446
Application_1347888391,1,1,0.5489243027888446
Application_265449268,0,1,0.5489243027888446
Application_183981334,0,1,0.5489243027888446
Application_976522950,1,1,0.5489243027888446
Application_196759164,1,1,0.5489243027888446
Application_1385574087,1,1,0.5489243027888446
Application_681955242,0,1,0.5489243027888446
Application_2092004160,0,1,0.5489243027888446
Application_1482415464,1,1,0.5489243027888446
Application_1765444083,0,1,0.5489243027888446
Application_342956454,1,1,0.5489243027888446
Application_804571961,0,1,0.5489243027888446
Application_549023518,0,1,0.5489243027888446
Application_772329068,1,1,0.5489243027888446
Application_1887563703,1,1,0.5489243027888446
Application_1124796741,1,1,0.5489243027888446
Application_75752751,1,1,0.5489243027888446
Application_2055289424,0,1,0.5489243027888446
Application_1084208541,1,1,0.5489243027888446
Application_2137603606,1,1,0.5489243027888446
Application_1832980257,1,1,0.5489243027888446
Application_632417971,1,1,0.5489243027888446
Application_442893951,1,1,0.5489243027888446
Application_1314534152,1,1,0.5489243027888446
Application_1091000447,0,1,0.5489243027888446
Application_1824032488,0,1,0.5489243027888446
Application_1750255251,1,1,0.5489243027888446
Application_457070743,0,1,0.5489243027888446
Application_1388237664,0,1,0.5489243027888446
Application_760107630,0,1,0.5489243027888446
Application_1109832317,1,1,0.5489243027888446
Application_44827837,0,1,0.5489243027888446
Application_818706394,1,1,0.5489243027888446
Application_1329630120,1,1,0.5489243027888446
Application_478613355,0,1,0.5489243027888446
Application_1965853107,1,1,0.5489243027888446
Application_1545184523,1,1,0.5489243027888446
Application_1755477476,1,1,0.5489243027888446
Application_1722579608,0,1,0.5489243027888446
Application_1090618586,0,1,0.5489243027888446
Application_1213499868,0,1,0.5489243027888446
Application_1934030888,1,1,0.5489243027888446
Application_803621789,1,1,0.5489243027888446
Application_1844716442,1,1,0.5489243027888446
Application_1727581145,1,1,0.5489243027888446
Application_1733898114,1,1,0.5489243027888446
Application_2100809239,0,1,0.5489243027888446
Application_772281578,0,1,0.5489243027888446
Application_329375107,1,1,0.5489243027888446
Application_492379324,0,1,0.5489243027888446
Application_139987324,1,1,0.5489243027888446
Application_729141109,1,1,0.5489243027888446
Application_1051896537,1,1,0.5489243027888446
Application_1418293533,0,1,0.5489243027888446
Application_335735060,1,1,0.5489243027888446
Application_1847406506,1,1,0.5489243027888446
Application_862120289,0,1,0.5489243027888446
Application_989429368,0,1,0.5489243027888446
Application_419876746,1,1,0.5489243027888446
Application_1158972347,1,1,0.5489243027888446
Application_769674466,1,1,0.5489243027888446
Application_2089776619,1,1,0.5489243027888446
Application_796471169,1,1,0.5489243027888446
Application_1813924813,0,1,0.5489243027888446
Application_1042047447,1,1,0.5489243027888446
Application_1727260877,1,1,0.5489243027888446
Application_566677607,1,1,0.5489243027888446
Application_210544229,1,1,0.5489243027888446
Application_12556077,1,1,0.5489243027888446
Application_728202734,0,1,0.5489243027888446
Application_1437553493,0,1,0.5489243027888446
Application_1871885244,0,1,0.5489243027888446
Application_792733103,1,1,0.5489243027888446
Application_11915841,0,1,0.5489243027888446
Application_235239251,0,1,0.5489243027888446
Application_2025285981,1,1,0.5489243027888446
Application_982813856,0,1,0.5489243027888446
Application_1885927615,1,1,0.5489243027888446
Application_1165438159,0,1,0.5489243027888446
Application_1667598015,0,1,0.5489243027888446
Application_1477277765,0,1,0.5489243027888446
Application_407498656,1,1,0.5489243027888446
Application_849742887,1,1,0.5489243027888446
Application_225177309,1,1,0.5489243027888446
Application_82979191,0,1,0.5489243027888446
Application_1670768029,0,1,0.5489243027888446
Application_1489256650,1,1,0.5489243027888446
Application_1379879215,0,1,0.5489243027888446
Application_1741874816,1,1,0.5489243027888446
Application_1695370777,0,1,0.5489243027888446
Application_478644845,0,1,0.5489243027888446
Application_366370058,0,1,0.5489243027888446
Application_751880402,0,1,0.5489243027888446
Application_581438988,1,1,0.5489243027888446
Application_796205430,0,1,0.5489243027888446
Application_1352841261,0,1,0.5489243027888446
Application_2086306319,1,1,0.5489243027888446
Application_438352016,1,1,0.5489243027888446
Application_54901363,0,1,0.5489243027888446
Application_1137992645,0,1,0.5489243027888446
Application_788242505,1,1,0.5489243027888446
Application_420683416,0,1,0.5489243027888446
Application_1494571017,1,1,0.5489243027888446
Application_440790291,0,1,0.5489243027888446
Application_799038872,0,1,0.5489243027888446
Application_1588476660,0,1,0.5489243027888446
Application_2062326086,1,1,0.5489243027888446
Application_1158368771,1,1,0.5489243027888446
Application_1832603494,0,1,0.5489243027888446
Application_2050054509,0,1,0.5489243027888446
Application_1585076082,1,1,0.5489243027888446
Application_1837232546,0,1,0.5489243027888446
Application_383880109,0,1,0.5489243027888446
Application_2087424613,1,1,0.5489243027888446
Application_580391923,0,1,0.5489243027888446
Application_1730467320,1,1,0.5489243027888446
Application_1883089376,0,1,0.5489243027888446
Application_1658966712,0,1,0.5489243027888446
Application_1157789718,1,1,0.5489243027888446
Application_489460667,1,1,0.5489243027888446
Application_799931863,0,1,0.5489243027888446
Application_1009170679,1,1,0.5489243027888446
Application_379239472,1,1,0.5489243027888446
Application_1696590587,0,1,0.5489243027888446
Application_1338594891,1,1,0.5489243027888446
Application_1481481291,1,1,0.5489243027888446
Application_1130289017,0,1,0.5489243027888446
Application_56141168,1,1,0.5489243027888446
Application_373749624,1,1,0.5489243027888446
Application_1646039554,1,1,0.5489243027888446
Application_123583334,0,1,0.5489243027888446
Application_544522022,0,1,0.5489243027888446
Application_1492342444,1,1,0.5489243027888446
Application_369962818,1,1,0.5489243027888446
Application_155375371,1,1,0.5489243027888446
Application_1479030831,1,1,0.5489243027888446
Application_1019849833,0,1,0.5489243027888446
Application_1066050010,0,1,0.5489243027888446
Application_1493773800,1,1,0.5489243027888446
Application_874590663,1,1,0.5489243027888446
Application_907188218,1,1,0.5489243027888446
Application_1707249101,0,1,0.5489243027888446
Application_1100629848,1,1,0.5489243027888446
Application_1585141886,1,1,0.5489243027888446
Application_1161266589,0,1,0.5489243027888446
Application_1865316803,0,1,0.5489243027888446
Application_1797452094,1,1,0.5489243027888446
Application_1684602051,0,1,0.5489243027888446
Application_463617637,0,1,0.5489243027888446
Application_1411774040,0,1,0.5489243027888446
Application_1348384755,0,1,0.5489243027888446
Application_801606105,1,1,0.5489243027888446
Application_1261235975,1,1,0.5489243027888446
Application_545803836,1,1,0.5489243027888446
Application_503122563,0,1,0.5489243027888446
Application_187058934,0,1,0.5489243027888446
Application_1648205335,0,1,0.5489243027888446
Application_76073117,1,1,0.5489243027888446
Application_501271301,0,1,0.5489243027888446
Application_863402872,1,1,0.5489243027888446
Application_1577366036,1,1,0.5489243027888446
Application_567402421,0,1,0.5489243027888446
Application_515201459,1,1,0.5489243027888446
Application_836151343,1,1,0.5489243027888446
Application_146968001,1,1,0.5489243027888446
Application_1613334429,1,1,0.5489243027888446
Application_1685939887,0,1,0.5489243027888446
Application_455057107,0,1,0.5489243027888446
Application_1086862400,1,1,0.5489243027888446
Application_1636562792,0,1,0.5489243027888446
Application_871461194,1,1,0.5489243027888446
Application_139266275,1,1,0.5489243027888446
Application_569847015,1,1,0.5489243027888446
Application_1758175578,0,1,0.5489243027888446
Application_2002111319,1,1,0.5489243027888446
Application_1218452071,0,1,0.5489243027888446
Application_1511769778,1,1,0.5489243027888446
Application_2141581748,1,1,0.5489243027888446
Application_214993756,1,1,0.5489243027888446
Application_488502263,1,1,0.5489243027888446
Application_429020300,0,1,0.5489243027888446
Application_1578640551,0,1,0.5489243027888446
Application_1641979166,1,1,0.5489243027888446
Application_295621979,1,1,0.5489243027888446
Application_1036492833,0,1,0.5489243027888446
Application_1771326157,1,1,0.5489243027888446
Application_1360599225,0,1,0.5489243027888446
Application_467208365,1,1,0.5489243027888446
Application_1099364481,1,1,0.5489243027888446
Application_1162568399,0,1,0.5489243027888446
Application_1847389115,0,1,0.5489243027888446
Application_1665277555,0,1,0.5489243027888446
Application_355591291,0,1,0.5489243027888446
Application_999464866,0,1,0.5489243027888446
Application_74945240,1,1,0.5489243027888446
Application_569685100,1,1,0.5489243027888446
Application_432789106,0,1,0.5489243027888446
Application_1290126676,1,1,0.5489243027888446
Application_800651640,0,1,0.5489243027888446
Application_77752533,0,1,0.5489243027888446
Application_1815373434,0,1,0.5489243027888446
Application_1780516109,0,1,0.5489243027888446
Application_789848416,1,1,0.5489243027888446
Application_1038389815,0,1,0.5489243027888446
Application_1624434007,1,1,0.5489243027888446
Application_148777979,1,1,0.5489243027888446
Application_1999120078,0,1,0.5489243027888446
Application_1983041428,0,1,0.5489243027888446
Application_576248321,1,1,0.5489243027888446
Application_1667186103,1,1,0.5489243027888446
Application_364322589,0,1,0.5489243027888446
Application_1004853526,1,1,0.5489243027888446
Application_1661574532,0,1,0.5489243027888446
Application_66116892,0,1,0.5489243027888446
Application_1279676331,1,1,0.5489243027888446
Application_972636630,1,1,0.5489243027888446
Application_1797886138,1,1,0.5489243027888446
Application_1616850980,0,1,0.5489243027888446
Application_277122874,0,1,0.5489243027888446
Application_841851350,1,1,0.5489243027888446
Application_1908851243,1,1,0.5489243027888446
Application_2137411951,1,1,0.5489243027888446
Application_7606451,1,1,0.5489243027888446
Application_1339754223,0,1,0.5489243027888446
Application_257109989,1,1,0.5489243027888446
Application_936392619,0,1,0.5489243027888446
Application_645533161,1,1,0.5489243027888446
Application_1655319212,1,1,0.5489243027888446
Application_1971957937,0,1,0.5489243027888446
Application_1421090029,1,1,0.5489243027888446
Application_1213195413,1,1,0.5489243027888446
Application_2007540464,0,1,0.5489243027888446
Application_1592408197,1,1,0.5489243027888446
Application_129957359,1,1,0.5489243027888446
Application_834563183,0,1,0.5489243027888446
Application_238984243,0,1,0.5489243027888446
Application_131503089,0,1,0.5489243027888446
Application_1024372028,0,1,0.5489243027888446
Application_1454314920,1,1,0.5489243027888446
Application_1205649880,1,1,0.5489243027888446
Application_1248765312,0,1,0.5489243027888446
Application_705749409,0,1,0.5489243027888446
Application_48850720,0,1,0.5489243027888446
Application_886547471,1,1,0.5489243027888446
Application_2107939979,0,1,0.5489243027888446
Application_1591371681,1,1,0.5489243027888446
Application_1966302326,1,1,0.5489243027888446
Application_345709580,0,1,0.5489243027888446
Application_511350922,0,1,0.5489243027888446
Application_1962542067,0,1,0.5489243027888446
Application_888740551,0,1,0.5489243027888446
Application_1195912965,0,1,0.5489243027888446
Application_1773249073,1,1,0.5489243027888446
Application_952227386,0,1,0.5489243027888446
Application_2143102476,1,1,0.5489243027888446
Application_1583027757,0,1,0.5489243027888446
Application_1639833431,0,1,0.5489243027888446
Application_1015843971,0,1,0.5489243027888446
Application_529398103,0,1,0.5489243027888446
Application_1568951817,1,1,0.5489243027888446
Application_924638731,0,1,0.5489243027888446
Application_64246554,1,1,0.5489243027888446
Application_1956927270,1,1,0.5489243027888446
Application_1603047177,0,1,0.5489243027888446
Application_1927415133,0,1,0.5489243027888446
Application_2042454883,0,1,0.5489243027888446
Application_654096412,1,1,0.5489243027888446
Application_1493485488,1,1,0.5489243027888446
Application_663554342,1,1,0.5489243027888446
Application_2120459067,1,1,0.5489243027888446
Application_416216061,1,1,0.5489243027888446
Application_295059389,0,1,0.5489243027888446
Application_1164113596,0,1,0.5489243027888446
Application_1827376481,1,1,0.5489243027888446
Application_2117346170,1,1,0.5489243027888446
Application_302452407,0,1,0.5489243027888446
Application_1609732331,0,1,0.5489243027888446
Application_2051690593,0,1,0.5489243027888446
Application_1128268161,1,1,0.5489243027888446
Application_661165121,1,1,0.5489243027888446
Application_722650830,1,1,0.5489243027888446
Application_2055926405,1,1,0.5489243027888446
Application_1219509855,0,1,0.5489243027888446
Application_1866614061,1,1,0.5489243027888446
Application_317144905,0,1,0.5489243027888446
Application_1342529425,0,1,0.5489243027888446
Application_618229289,1,1,0.5489243027888446
Application_312442939,0,1,0.5489243027888446
Application_403539418,0,1,0.5489243027888446
Application_483982092,0,1,0.5489243027888446
Application_1037039544,1,1,0.5489243027888446
Application_1664621088,0,1,0.5489243027888446
Application_590377898,0,1,0.5489243027888446
Application_1249411801,0,1,0.5489243027888446
Application_1705931507,1,1,0.5489243027888446
Application_276171401,0,1,0.5489243027888446
Application_1358966881,1,1,0.5489243027888446
Application_1367573970,0,1,0.5489243027888446
Application_799781255,0,1,0.5489243027888446
Application_66537879,0,1,0.5489243027888446
Application_1443913959,0,1,0.5489243027888446
Application_1229045331,0,1,0.5489243027888446
Application_1553960104,0,1,0.5489243027888446
Application_1170631454,1,1,0.5489243027888446
Application_1848644842,0,1,0.5489243027888446
Application_1364263035,1,1,0.5489243027888446
Application_264373481,1,1,0.5489243027888446
Application_1157307010,1,1,0.5489243027888446
Application_2134836084,0,1,0.5489243027888446
Application_486324246,0,1,0.5489243027888446
Application_970965406,0,1,0.5489243027888446
Application_273199649,0,1,0.5489243027888446
Application_107556729,0,1,0.5489243027888446
Application_802643457,0,1,0.5489243027888446
Application_1266010499,0,1,0.5489243027888446
Application_1696760888,0,1,0.5489243027888446
Application_489281993,0,1,0.5489243027888446
Application_432596360,0,1,0.5489243027888446
Application_1948065851,0,1,0.5489243027888446
Application_1522555361,1,1,0.5489243027888446
Application_2139497576,0,1,0.5489243027888446
Application_630861561,0,1,0.5489243027888446
Application_1590359938,1,1,0.5489243027888446
Application_263206383,0,1,0.5489243027888446
Application_1804015364,0,1,0.5489243027888446
Application_1155107642,1,1,0.5489243027888446
Application_2055536976,0,1,0.5489243027888446
Application_1877732225,0,1,0.5489243027888446
Application_794921244,1,1,0.5489243027888446
Application_1152946944,1,1,0.5489243027888446
Application_224241639,0,1,0.5489243027888446
Application_251776757,0,1,0.5489243027888446
Application_1327286359,1,1,0.5489243027888446
Application_977695424,1,1,0.5489243027888446
Application_276445174,1,1,0.5489243027888446
Application_633961814,0,1,0.5489243027888446
Application_795526517,1,1,0.5489243027888446
Application_1335070161,1,1,0.5489243027888446
Application_635829958,1,1,0.5489243027888446
Application_61792329,0,1,0.5489243027888446
Application_254178417,1,1,0.5489243027888446
Application_634740343,0,1,0.5489243027888446
Application_1562493713,0,1,0.5489243027888446
Application_1768971882,1,1,0.5489243027888446
Application_1441743982,1,1,0.5489243027888446
Application_1799899920,0,1,0.5489243027888446
Application_1151018525,1,1,0.5489243027888446
Application_1237245886,0,1,0.5489243027888446
Application_1023366085,0,1,0.5489243027888446
Application_1451184688,1,1,0.5489243027888446
Application_2127436939,1,1,0.5489243027888446
Application_1411148727,1,1,0.5489243027888446
Application_2092956119,1,1,0.5489243027888446
Application_1877345729,1,1,0.5489243027888446
Application_215908767,1,1,0.5489243027888446
Application_395018530,0,1,0.5489243027888446
Application_1234532723,1,1,0.5489243027888446
Application_1223688517,1,1,0.5489243027888446
Application_2129515607,1,1,0.5489243027888446
Application_622978094,1,1,0.5489243027888446
Application_1412847046,0,1,0.5489243027888446
Application_2130655155,1,1,0.5489243027888446
Application_766473476,0,1,0.5489243027888446
Application_1590235235,0,1,0.5489243027888446
Application_1399166331,0,1,0.5489243027888446
Application_1769401425,0,1,0.5489243027888446
Application_1445348248,0,1,0.5489243027888446
Application_858142548,0,1,0.5489243027888446
Application_223837496,0,1,0.5489243027888446
Application_666870643,0,1,0.5489243027888446
Application_1233198025,0,1,0.5489243027888446
Application_2123334132,1,1,0.5489243027888446
Application_1270175388,0,1,0.5489243027888446
Application_536907652,1,1,0.5489243027888446
Application_313695465,1,1,0.5489243027888446
Application_768808611,1,1,0.5489243027888446
Application_760550782,1,1,0.5489243027888446
Application_401803713,1,1,0.5489243027888446
Application_680978499,1,1,0.5489243027888446
Application_322796669,1,1,0.5489243027888446
Application_2126586609,0,1,0.5489243027888446
Application_1806079752,0,1,0.5489243027888446
Application_1444349875,1,1,0.5489243027888446
Application_533966981,1,1,0.5489243027888446
Application_849701067,1,1,0.5489243027888446
Application_692252700,1,1,0.5489243027888446
Application_1044938448,0,1,0.5489243027888446
Application_24406425,1,1,0.5489243027888446
Application_605659934,1,1,0.5489243027888446
Application_1455822776,1,1,0.5489243027888446
Application_1097699720,0,1,0.5489243027888446
Application_1902601657,0,1,0.5489243027888446
Application_1541826188,1,1,0.5489243027888446
Application_1765017489,1,1,0.5489243027888446
Application_1095112381,1,1,0.5489243027888446
Application_1318334365,0,1,0.5489243027888446
Application_847860705,1,1,0.5489243027888446
Application_639055240,1,1,0.5489243027888446
Application_348193355,1,1,0.5489243027888446
Application_1296453540,0,1,0.5489243027888446
Application_1924578239,0,1,0.5489243027888446
Application_1742568771,0,1,0.5489243027888446
Application_1478185792,1,1,0.5489243027888446
Application_1566541695,0,1,0.5489243027888446
Application_1120157210,1,1,0.5489243027888446
Application_1110591903,1,1,0.5489243027888446
Application_743918944,0,1,0.5489243027888446
Application_1101177535,0,1,0.5489243027888446
Application_338944736,0,1,0.5489243027888446
Application_1332266263,1,1,0.5489243027888446
Application_1210336267,1,1,0.5489243027888446
Application_1568090978,0,1,0.5489243027888446
Application_1151479099,1,1,0.5489243027888446
Application_1209989055,0,1,0.5489243027888446
Application_292415091,0,1,0.5489243027888446
Application_566948279,1,1,0.5489243027888446
Application_790167194,0,1,0.5489243027888446
Application_2104100621,0,1,0.5489243027888446
Application_1388302229,1,1,0.5489243027888446
Application_82461480,1,1,0.5489243027888446
Application_713608338,0,1,0.5489243027888446
Application_676078634,1,1,0.5489243027888446
Application_1000386745,1,1,0.5489243027888446
Application_368291286,1,1,0.5489243027888446
Application_1030996,1,1,0.5489243027888446
Application_898181445,0,1,0.5489243027888446
Application_1072284879,0,1,0.5489243027888446
Application_2073946665,1,1,0.5489243027888446
Application_1731633392,1,1,0.5489243027888446
Application_1370133696,1,1,0.5489243027888446
Application_2002318127,1,1,0.5489243027888446
Application_1147011434,0,1,0.5489243027888446
Application_722965319,0,1,0.5489243027888446
Application_1081966829,0,1,0.5489243027888446
Application_1778537715,1,1,0.5489243027888446
Application_1063130816,1,1,0.5489243027888446
Application_80880051,0,1,0.5489243027888446
Application_1067894025,1,1,0.5489243027888446
Application_1777257181,1,1,0.5489243027888446
Application_1384821775,1,1,0.5489243027888446
Application_127639994,0,1,0.5489243027888446
Application_368899409,1,1,0.5489243027888446
Application_44239326,1,1,0.5489243027888446
Application_1270439259,1,1,0.5489243027888446
Application_945899913,0,1,0.5489243027888446
Application_1146466172,1,1,0.5489243027888446
Application_1470819740,0,1,0.5489243027888446
Application_1084818261,0,1,0.5489243027888446
Application_2144108594,0,1,0.5489243027888446
Application_1533701290,1,1,0.5489243027888446
Application_217025274,1,1,0.5489243027888446
Application_381339861,0,1,0.5489243027888446
Application_943060504,1,1,0.5489243027888446
Application_1791241142,1,1,0.5489243027888446
Application_1142354661,1,1,0.5489243027888446
Application_1579221526,1,1,0.5489243027888446
Application_13482285,0,1,0.5489243027888446
Application_1005568510,0,1,0.5489243027888446
Application_397384889,1,1,0.5489243027888446
Application_306357665,1,1,0.5489243027888446
Application_465329305,0,1,0.5489243027888446
Application_84921509,1,1,0.5489243027888446
Application_1176095926,1,1,0.5489243027888446
Application_1745617065,1,1,0.5489243027888446
Application_199184776,0,1,0.5489243027888446
Application_525329368,1,1,0.5489243027888446
Application_491957667,1,1,0.5489243027888446
Application_809842364,1,1,0.5489243027888446
Application_76843824,0,1,0.5489243027888446
Application_1430619837,1,1,0.5489243027888446
Application_1638189515,1,1,0.5489243027888446
Application_806858853,1,1,0.5489243027888446
Application_1813380390,0,1,0.5489243027888446
Application_1369206272,1,1,0.5489243027888446
Application_561867924,1,1,0.5489243027888446
Application_19080728,0,1,0.5489243027888446
Application_368924590,1,1,0.5489243027888446
Application_959242917,1,1,0.5489243027888446
Application_2127105351,1,1,0.5489243027888446
Application_1777454448,0,1,0.5489243027888446
Application_1359639481,0,1,0.5489243027888446
Application_590885667,1,1,0.5489243027888446
Application_73130035,1,1,0.5489243027888446
Application_276561013,1,1,0.5489243027888446
Application_587158528,0,1,0.5489243027888446
Application_330426541,1,1,0.5489243027888446
Application_1404323685,1,1,0.5489243027888446
Application_1526558485,0,1,0.5489243027888446
Application_1459981505,1,1,0.5489243027888446
Application_1034800486,0,1,0.5489243027888446
Application_600869793,0,1,0.5489243027888446
Application_608181227,1,1,0.5489243027888446
Application_1817477268,0,1,0.5489243027888446
Application_2098216717,0,1,0.5489243027888446
Application_423893885,1,1,0.5489243027888446
Application_1313071265,1,1,0.5489243027888446
Application_1112696012,0,1,0.5489243027888446
Application_1364517552,0,1,0.5489243027888446
Application_1022411160,1,1,0.5489243027888446
Application_413306143,1,1,0.5489243027888446
Application_729207835,1,1,0.5489243027888446
Application_1486481420,0,1,0.5489243027888446
Application_1480184247,1,1,0.5489243027888446
Application_39161984,1,1,0.5489243027888446
Application_588418009,1,1,0.5489243027888446
Application_798973991,0,1,0.5489243027888446
Application_167026411,0,1,0.5489243027888446
Application_1556896276,1,1,0.5489243027888446
Application_1333464585,0,1,0.5489243027888446
Application_405187583,1,1,0.5489243027888446
Application_2023685616,1,1,0.5489243027888446
Application_161865777,1,1,0.5489243027888446
Application_409611296,1,1,0.5489243027888446
Application_1197487517,0,1,0.5489243027888446
Application_152697057,1,1,0.5489243027888446
Application_481145471,1,1,0.5489243027888446
Application_2025342600,0,1,0.5489243027888446
Application_1338704516,1,1,0.5489243027888446
Application_399128694,1,1,0.5489243027888446
Application_1082816707,0,1,0.5489243027888446
Application_589847268,1,1,0.5489243027888446
Application_162500417,1,1,0.5489243027888446
Application_1047370810,1,1,0.5489243027888446
Application_1493484457,1,1,0.5489243027888446
Application_1236537862,0,1,0.5489243027888446
Application_2057199590,0,1,0.5489243027888446
Application_1972106715,1,1,0.5489243027888446
Application_1708743675,1,1,0.5489243027888446
Application_421485165,1,1,0.5489243027888446
Application_284749993,0,1,0.5489243027888446
Application_1853597293,0,1,0.5489243027888446
Application_1495588845,1,1,0.5489243027888446
Application_1344840884,0,1,0.5489243027888446
Application_1397721881,0,1,0.5489243027888446
Application_1017685010,1,1,0.5489243027888446
Application_416633628,0,1,0.5489243027888446
Application_1390442348,1,1,0.5489243027888446
Application_421333270,1,1,0.5489243027888446
Application_737251826,0,1,0.5489243027888446
Application_1020019812,0,1,0.5489243027888446
Application_1524653471,1,1,0.5489243027888446
Application_67563909,1,1,0.5489243027888446
Application_585494318,0,1,0.5489243027888446
Application_270623019,0,1,0.5489243027888446
Application_1096401729,0,1,0.5489243027888446
Application_1787045022,1,1,0.5489243027888446
Application_1605888035,1,1,0.5489243027888446
Application_1988650480,0,1,0.5489243027888446
Application_1097388913,0,1,0.5489243027888446
Application_713914859,1,1,0.5489243027888446
Application_459683568,1,1,0.5489243027888446
Application_79957873,0,1,0.5489243027888446
Application_1534175598,0,1,0.5489243027888446
Application_1155355584,1,1,0.5489243027888446
Application_1054392347,0,1,0.5489243027888446
Application_2062920725,1,1,0.5489243027888446
Application_150572905,1,1,0.5489243027888446
Application_64467309,1,1,0.5489243027888446
Application_1017053119,1,1,0.5489243027888446
Application_220891404,1,1,0.5489243027888446
Application_1716250296,1,1,0.5489243027888446
Application_1853348131,0,1,0.5489243027888446
Application_1638379755,0,1,0.5489243027888446
Application_1961302485,1,1,0.5489243027888446
Application_2051466803,1,1,0.5489243027888446
Application_1447516455,0,1,0.5489243027888446
Application_799419769,1,1,0.5489243027888446
Application_15984038,0,1,0.5489243027888446
Application_242124370,1,1,0.5489243027888446
Application_68213815,0,1,0.5489243027888446
Application_834614072,1,1,0.5489243027888446
Application_1715190498,1,1,0.5489243027888446
Application_1475071478,1,1,0.5489243027888446
Application_788568078,1,1,0.5489243027888446
Application_978200426,1,1,0.5489243027888446
Application_491922375,0,1,0.5489243027888446
Application_329445112,1,1,0.5489243027888446
Application_1347132009,1,1,0.5489243027888446
Application_102615973,1,1,0.5489243027888446
Application_1115113981,1,1,0.5489243027888446
Application_308814724,1,1,0.5489243027888446
Application_808374175,0,1,0.5489243027888446
Application_1780482603,1,1,0.5489243027888446
Application_1032230604,0,1,0.5489243027888446
Application_2070777076,1,1,0.5489243027888446
Application_4267974,1,1,0.5489243027888446
Application_311851403,1,1,0.5489243027888446
Application_274778692,1,1,0.5489243027888446
Application_776525776,1,1,0.5489243027888446
Application_1100944321,1,1,0.5489243027888446
Application_1114645548,1,1,0.5489243027888446
Application_1618792169,0,1,0.5489243027888446
Application_810081626,1,1,0.5489243027888446
Application_2094731703,1,1,0.5489243027888446
Application_1015413412,0,1,0.5489243027888446
Application_1394721737,1,1,0.5489243027888446
Application_1044941168,1,1,0.5489243027888446
Application_1518842217,0,1,0.5489243027888446
Application_596261331,1,1,0.5489243027888446
Application_172281488,0,1,0.5489243027888446
Application_1043190619,0,1,0.5489243027888446
Application_29159295,1,1,0.5489243027888446
Application_1103004057,1,1,0.5489243027888446
Application_1356784595,1,1,0.5489243027888446
Application_1741360610,0,1,0.5489243027888446
Application_1724016912,1,1,0.5489243027888446
Application_1109311467,1,1,0.5489243027888446
Application_1938975575,1,1,0.5489243027888446
Application_983527429,0,1,0.5489243027888446
Application_189410230,1,1,0.5489243027888446
Application_1039800233,0,1,0.5489243027888446
Application_1401953169,1,1,0.5489243027888446
Application_1671936252,1,1,0.5489243027888446
Application_2029945978,0,1,0.5489243027888446
Application_1821393246,0,1,0.5489243027888446
Application_1882241636,1,1,0.5489243027888446
Application_1895651075,1,1,0.5489243027888446
Application_1570000108,1,1,0.5489243027888446
Application_2104060084,1,1,0.5489243027888446
Application_1105710144,0,1,0.5489243027888446
Application_1320153688,1,1,0.5489243027888446
Application_676837330,0,1,0.5489243027888446
Application_109176319,1,1,0.5489243027888446
Application_181023175,0,1,0.5489243027888446
Application_1183609061,1,1,0.5489243027888446
Application_1552304409,1,1,0.5489243027888446
Application_1882563257,1,1,0.5489243027888446
Application_1659255564,0,1,0.5489243027888446
Application_1383670779,1,1,0.5489243027888446
Application_119108505,0,1,0.5489243027888446
Application_944859420,0,1,0.5489243027888446
Application_763402942,0,1,0.5489243027888446
Application_1644051138,0,1,0.5489243027888446
Application_90070020,1,1,0.5489243027888446
Application_596539843,1,1,0.5489243027888446
Application_1399113964,0,1,0.5489243027888446
Application_1018583202,0,1,0.5489243027888446
Application_1381657413,0,1,0.5489243027888446
Application_58822062,1,1,0.5489243027888446
Application_488753134,1,1,0.5489243027888446
Application_952594930,0,1,0.5489243027888446
Application_1310645919,1,1,0.5489243027888446
Application_129792384,1,1,0.5489243027888446
Application_1589624760,0,1,0.5489243027888446
Application_835326390,0,1,0.5489243027888446
Application_479355477,1,1,0.5489243027888446
Application_1128492937,1,1,0.5489243027888446
Application_1528113685,1,1,0.5489243027888446
Application_535108628,1,1,0.5489243027888446
Application_318776969,0,1,0.5489243027888446
Application_1543359526,0,1,0.5489243027888446
Application_1679215860,0,1,0.5489243027888446
Application_547285151,0,1,0.5489243027888446
Application_1654037961,1,1,0.5489243027888446
Application_1295832185,1,1,0.5489243027888446
Application_1751419807,0,1,0.5489243027888446
Application_430703608,1,1,0.5489243027888446
Application_116207051,1,1,0.5489243027888446
Application_616691734,0,1,0.5489243027888446
Application_2031031437,1,1,0.5489243027888446
Application_1564472847,1,1,0.5489243027888446
Application_1627432412,1,1,0.5489243027888446
Application_1782998013,0,1,0.5489243027888446
Application_2107465166,1,1,0.5489243027888446
Application_1593639164,1,1,0.5489243027888446
Application_474967319,1,1,0.5489243027888446
Application_824825338,0,1,0.5489243027888446
Application_1124052442,0,1,0.5489243027888446
Application_1473585870,0,1,0.5489243027888446
Application_521806599,0,1,0.5489243027888446
Application_1739097898,0,1,0.5489243027888446
Application_1389933200,1,1,0.5489243027888446
Application_1954046396,1,1,0.5489243027888446
Application_694825379,1,1,0.5489243027888446
Application_1044554836,0,1,0.5489243027888446
Application_38305454,1,1,0.5489243027888446
Application_699979563,1,1,0.5489243027888446
Application_1402434819,0,1,0.5489243027888446
Application_375246621,1,1,0.5489243027888446
Application_160303236,1,1,0.5489243027888446
Application_1458413157,1,1,0.5489243027888446
Application_1968616288,1,1,0.5489243027888446
Application_1970227571,1,1,0.5489243027888446
Application_66905401,1,1,0.5489243027888446
Application_1989155733,1,1,0.5489243027888446
Application_496748439,1,1,0.5489243027888446
Application_1631312288,1,1,0.5489243027888446
Application_133715808,1,1,0.5489243027888446
Application_148486446,1,1,0.5489243027888446
Application_1357696952,0,1,0.5489243027888446
Application_726080078,0,1,0.5489243027888446
Application_1721568336,1,1,0.5489243027888446
Application_1371829661,1,1,0.5489243027888446
Application_917194739,1,1,0.5489243027888446
Application_2134430711,1,1,0.5489243027888446
Application_774171312,1,1,0.5489243027888446
Application_1945196347,0,1,0.5489243027888446
Application_1149545371,0,1,0.5489243027888446
Application_1257836355,1,1,0.5489243027888446
Application_1165780533,0,1,0.5489243027888446
Application_887681298,0,1,0.5489243027888446
Application_83386929,1,1,0.5489243027888446
Application_1249769519,0,1,0.5489243027888446
Application_1612557107,0,1,0.5489243027888446
Application_1962303803,0,1,0.5489243027888446
Application_809891558,1,1,0.5489243027888446
Application_1390985286,1,1,0.5489243027888446
Application_8352800,1,1,0.5489243027888446
Application_891126700,0,1,0.5489243027888446
Application_937423447,0,1,0.5489243027888446
Application_1187942887,1,1,0.5489243027888446
Application_1029567692,1,1,0.5489243027888446
Application_1210820530,0,1,0.5489243027888446
Application_1388565428,0,1,0.5489243027888446
Application_381274116,0,1,0.5489243027888446
Application_739400593,1,1,0.5489243027888446
Application_1402092304,1,1,0.5489243027888446
Application_2033977705,1,1,0.5489243027888446
Application_450057471,1,1,0.5489243027888446
Application_1388824644,1,1,0.5489243027888446
Application_95461104,0,1,0.5489243027888446
Application_1755206432,0,1,0.5489243027888446
Application_2031504669,0,1,0.5489243027888446
Application_1817634000,0,1,0.5489243027888446
Application_1493091584,0,1,0.5489243027888446
Application_107207908,1,1,0.5489243027888446
Application_822603471,1,1,0.5489243027888446
Application_1574526252,0,1,0.5489243027888446
Application_1717449649,1,1,0.5489243027888446
Application_963481013,0,1,0.5489243027888446
Application_453112637,1,1,0.5489243027888446
Application_1164895484,0,1,0.5489243027888446
Application_2121891840,0,1,0.5489243027888446
Application_179812217,1,1,0.5489243027888446
Application_1675255697,1,1,0.5489243027888446
Application_1179073626,0,1,0.5489243027888446
Application_964109049,0,1,0.5489243027888446
Application_1680514270,1,1,0.5489243027888446
Application_2126475285,0,1,0.5489243027888446
Application_2029300358,1,1,0.5489243027888446
Application_1174558661,1,1,0.5489243027888446
Application_959893793,0,1,0.5489243027888446
Application_812506944,1,1,0.5489243027888446
Application_417332815,1,1,0.5489243027888446
Application_2111055752,1,1,0.5489243027888446
Application_535782889,1,1,0.5489243027888446
Application_1184507659,0,1,0.5489243027888446
Application_1532313179,1,1,0.5489243027888446
Application_646819130,0,1,0.5489243027888446
Application_963573698,0,1,0.5489243027888446
Application_268431474,1,1,0.5489243027888446
Application_449631390,1,1,0.5489243027888446
Application_1181332355,0,1,0.5489243027888446
Application_223017587,0,1,0.5489243027888446
Application_1107540872,0,1,0.5489243027888446
Application_1870730003,0,1,0.5489243027888446
Application_1675830729,0,1,0.5489243027888446
Application_957907246,0,1,0.5489243027888446
Application_591683505,1,1,0.5489243027888446
Application_1350665034,1,1,0.5489243027888446
Application_963957540,1,1,0.5489243027888446
Application_268903185,0,1,0.5489243027888446
Application_26668050,1,1,0.5489243027888446
Application_1103643884,0,1,0.5489243027888446
Application_1549825970,0,1,0.5489243027888446
Application_1673456670,0,1,0.5489243027888446
Application_1321092926,1,1,0.5489243027888446
Application_959292453,1,1,0.5489243027888446
Application_1420560825,1,1,0.5489243027888446
Application_1096250748,1,1,0.5489243027888446
Application_1120345453,1,1,0.5489243027888446
Application_2072468842,0,1,0.5489243027888446
Application_1921969224,1,1,0.5489243027888446
Application_1203606289,0,1,0.5489243027888446
Application_1471201542,0,1,0.5489243027888446
Application_619760598,1,1,0.5489243027888446
Application_834511232,0,1,0.5489243027888446
Application_229037664,1,1,0.5489243027888446
Application_1311928691,1,1,0.5489243027888446
Application_115875432,0,1,0.5489243027888446
Application_1325073852,1,1,0.5489243027888446
Application_1000610355,0,1,0.5489243027888446
Application_1742386048,0,1,0.5489243027888446
Application_232649243,0,1,0.5489243027888446
Application_1037467898,0,1,0.5489243027888446
Application_682126266,1,1,0.5489243027888446
Application_1031850261,1,1,0.5489243027888446
Application_28960323,0,1,0.5489243027888446
Application_516603717,1,1,0.5489243027888446
Application_1115199869,1,1,0.5489243027888446
Application_1814409422,1,1,0.5489243027888446
Application_1455055378,1,1,0.5489243027888446
Application_806506806,1,1,0.5489243027888446
Application_380711094,0,1,0.5489243027888446
Application_1755675083,0,1,0.5489243027888446
Application_538280852,1,1,0.5489243027888446
Application_1292203372,0,1,0.5489243027888446
Application_997398855,0,1,0.5489243027888446
Application_392537069,0,1,0.5489243027888446
Application_767198533,1,1,0.5489243027888446
Application_2114516423,1,1,0.5489243027888446
Application_1849672335,1,1,0.5489243027888446
Application_1326874644,1,1,0.5489243027888446
Application_1822579002,0,1,0.5489243027888446
Application_1127579449,1,1,0.5489243027888446
Application_56525493,1,1,0.5489243027888446
Application_1017620318,1,1,0.5489243027888446
Application_45900350,1,1,0.5489243027888446
Application_1820042021,1,1,0.5489243027888446
Application_493036402,1,1,0.5489243027888446
Application_2099075534,1,1,0.5489243027888446
Application_890472683,0,1,0.5489243027888446
Application_507124292,0,1,0.5489243027888446
Application_1451714555,1,1,0.5489243027888446
Application_45634864,1,1,0.5489243027888446
Application_403630678,0,1,0.5489243027888446
Application_1949069602,0,1,0.5489243027888446
Application_1494602337,1,1,0.5489243027888446
Application_1304759315,1,1,0.5489243027888446
Application_1402501923,0,1,0.5489243027888446
Application_1111014911,0,1,0.5489243027888446
Application_227804496,0,1,0.5489243027888446
Application_476285944,1,1,0.5489243027888446
Application_370470886,1,1,0.5489243027888446
Application_1309820423,1,1,0.5489243027888446
Application_480067192,1,1,0.5489243027888446
Application_1958949497,1,1,0.5489243027888446
Application_1263390157,1,1,0.5489243027888446
Application_188552988,1,1,0.5489243027888446
Application_1635698698,0,1,0.5489243027888446
Application_5257934,0,1,0.5489243027888446
Application_1259862735,1,1,0.5489243027888446
Application_654470447,1,1,0.5489243027888446
Application_1088706419,0,1,0.5489243027888446
Application_1736189273,1,1,0.5489243027888446
Application_1492232175,1,1,0.5489243027888446
Application_1774695082,1,1,0.5489243027888446
Application_195441309,0,1,0.5489243027888446
Application_1226041324,0,1,0.5489243027888446
Application_1762923723,0,1,0.5489243027888446
Application_1998502100,1,1,0.5489243027888446
Application_826894059,0,1,0.5489243027888446
Application_207191056,1,1,0.5489243027888446
Application_437287792,0,1,0.5489243027888446
Application_1957939247,1,1,0.5489243027888446
Application_946540113,1,1,0.5489243027888446
Application_630653306,0,1,0.5489243027888446
Application_504620785,1,1,0.5489243027888446
Application_1334425086,1,1,0.5489243027888446
Application_2130538842,1,1,0.5489243027888446
Application_1199526050,1,1,0.5489243027888446
Application_1562513686,0,1,0.5489243027888446
Application_1878585963,0,1,0.5489243027888446
Application_429633044,0,1,0.5489243027888446
Application_138690674,0,1,0.5489243027888446
Application_584878848,0,1,0.5489243027888446
Application_1676230455,1,1,0.5489243027888446
Application_1296338723,1,1,0.5489243027888446
Application_1646895413,0,1,0.5489243027888446
Application_453755052,1,1,0.5489243027888446
Application_1777350724,1,1,0.5489243027888446
Application_405637316,0,1,0.5489243027888446
Application_668679688,0,1,0.5489243027888446
Application_714818592,1,1,0.5489243027888446
Application_1905711892,1,1,0.5489243027888446
Application_1902185850,0,1,0.5489243027888446
Application_1721140061,1,1,0.5489243027888446
Application_545831438,1,1,0.5489243027888446
Application_140542545,1,1,0.5489243027888446
Application_1204431926,0,1,0.5489243027888446
Application_1251068642,0,1,0.5489243027888446
Application_2007487750,1,1,0.5489243027888446
Application_1646316879,0,1,0.5489243027888446
Application_1166955549,0,1,0.5489243027888446
Application_535372826,0,1,0.5489243027888446
Application_412322134,0,1,0.5489243027888446
Application_1273202358,1,1,0.5489243027888446
Application_1947537850,0,1,0.5489243027888446
Application_1445301194,0,1,0.5489243027888446
Application_200086367,1,1,0.5489243027888446
Application_522443860,1,1,0.5489243027888446
Application_113825560,0,1,0.5489243027888446
Application_872000062,1,1,0.5489243027888446
Application_973851961,0,1,0.5489243027888446
Application_1191906778,0,1,0.5489243027888446
Application_1908235422,1,1,0.5489243027888446
Application_53705750,1,1,0.5489243027888446
Application_1583874174,1,1,0.5489243027888446
Application_392859662,0,1,0.5489243027888446
Application_1454429781,1,1,0.5489243027888446
Application_506741540,1,1,0.5489243027888446
Application_1139089034,0,1,0.5489243027888446
Application_701552965,0,1,0.5489243027888446
Application_1995168124,0,1,0.5489243027888446
Application_1411383492,1,1,0.5489243027888446
Application_471678315,1,1,0.5489243027888446
Application_514416902,1,1,0.5489243027888446
Application_1007255451,0,1,0.5489243027888446
Application_1180537839,1,1,0.5489243027888446
Application_147324724,0,1,0.5489243027888446
Application_1160019646,0,1,0.5489243027888446
Application_747084251,1,1,0.5489243027888446
Application_944206598,0,1,0.5489243027888446
Application_1900413757,0,1,0.5489243027888446
Application_1413647211,1,1,0.5489243027888446
Application_402137039,0,1,0.5489243027888446
Application_751811746,1,1,0.5489243027888446
Application_1813196768,0,1,0.5489243027888446
Application_1589946896,1,1,0.5489243027888446
Application_1747457779,0,1,0.5489243027888446
Application_1972029705,0,1,0.5489243027888446
Application_1407908132,0,1,0.5489243027888446
Application_1495187612,0,1,0.5489243027888446
Application_2049934323,0,1,0.5489243027888446
Application_652119414,1,1,0.5489243027888446
Application_415528538,1,1,0.5489243027888446
Application_596823707,0,1,0.5489243027888446
Application_1908165167,0,1,0.5489243027888446
Application_1013194708,1,1,0.5489243027888446
Application_272717482,1,1,0.5489243027888446
Application_379598624,1,1,0.5489243027888446
Application_156118453,0,1,0.5489243027888446
Application_95886030,0,1,0.5489243027888446
Application_202695521,0,1,0.5489243027888446
Application_2039565789,1,1,0.5489243027888446
Application_1882772763,0,1,0.5489243027888446
Application_1659523402,1,1,0.5489243027888446
Application_958762299,0,1,0.5489243027888446
Application_301072428,0,1,0.5489243027888446
Application_1963851177,0,1,0.5489243027888446
Application_1973533961,1,1,0.5489243027888446
Application_397244752,0,1,0.5489243027888446
Application_81121528,1,1,0.5489243027888446
Application_1308628295,1,1,0.5489243027888446
Application_495074860,1,1,0.5489243027888446
Application_675914140,0,1,0.5489243027888446
Application_1750416539,0,1,0.5489243027888446
Application_749980393,1,1,0.5489243027888446
Application_1703969285,0,1,0.5489243027888446
Application_584887022,1,1,0.5489243027888446
Application_1253908388,1,1,0.5489243027888446
Application_1038953283,0,1,0.5489243027888446
Application_82678662,1,1,0.5489243027888446
Application_266918360,1,1,0.5489243027888446
Application_1107169322,0,1,0.5489243027888446
Application_246311204,0,1,0.5489243027888446
Application_674131289,0,1,0.5489243027888446
Application_1395028182,0,1,0.5489243027888446
Application_632579771,1,1,0.5489243027888446
Application_130601033,1,1,0.5489243027888446
Application_1002602375,1,1,0.5489243027888446
Application_260150735,1,1,0.5489243027888446
Application_70476991,1,1,0.5489243027888446
Application_1180991784,1,1,0.5489243027888446
Application_875812233,1,1,0.5489243027888446
Application_660773864,0,1,0.5489243027888446
Application_1295686698,0,1,0.5489243027888446
Application_1114361455,1,1,0.5489243027888446
Application_1862652828,0,1,0.5489243027888446
Application_1358070929,1,1,0.5489243027888446
Application_1429834706,0,1,0.5489243027888446
Application_1068062776,1,1,0.5489243027888446
Application_298135524,1,1,0.5489243027888446
Application_508396198,1,1,0.5489243027888446
Application_136107584,1,1,0.5489243027888446
Application_293590020,0,1,0.5489243027888446
Application_788455374,0,1,0.5489243027888446
Application_1215704539,1,1,0.5489243027888446
Application_476036438,1,1,0.5489243027888446
Application_705059143,0,1,0.5489243027888446
Application_496997843,1,1,0.5489243027888446
Application_471822932,1,1,0.5489243027888446
Application_1255489836,1,1,0.5489243027888446
Application_1428362322,0,1,0.5489243027888446
Application_995569000,1,1,0.5489243027888446
Application_640250593,0,1,0.5489243027888446
Application_1440106205,1,1,0.5489243027888446
Application_857889523,1,1,0.5489243027888446
Application_642433479,0,1,0.5489243027888446
Application_1716972964,1,1,0.5489243027888446
Application_1216179909,0,1,0.5489243027888446
Application_1904897225,1,1,0.5489243027888446
Application_1210607742,1,1,0.5489243027888446
Application_1243754559,0,1,0.5489243027888446
Application_358922437,0,1,0.5489243027888446
Application_457837294,1,1,0.5489243027888446
Application_1565641655,1,1,0.5489243027888446
Application_1654987414,1,1,0.5489243027888446
Application_1512229591,1,1,0.5489243027888446
Application_2004651610,0,1,0.5489243027888446
Application_1065460501,0,1,0.5489243027888446
Application_699543314,0,1,0.5489243027888446
Application_1656189522,1,1,0.5489243027888446
Application_491147322,1,1,0.5489243027888446
Application_2006710736,1,1,0.5489243027888446
Application_1211102759,1,1,0.5489243027888446
Application_1893489688,1,1,0.5489243027888446
Application_1685601249,1,1,0.5489243027888446
Application_2141808398,0,1,0.5489243027888446
Application_64771754,1,1,0.5489243027888446
Application_512315997,0,1,0.5489243027888446
Application_698131674,1,1,0.5489243027888446
Application_761317512,1,1,0.5489243027888446
Application_1827685541,1,1,0.5489243027888446
Application_2009274259,1,1,0.5489243027888446
Application_799442244,1,1,0.5489243027888446
Application_1770123129,1,1,0.5489243027888446
Application_1555178270,0,1,0.5489243027888446
Application_196846064,1,1,0.5489243027888446
Application_650411814,0,1,0.5489243027888446
Application_1269805846,0,1,0.5489243027888446
Application_2089218629,0,1,0.5489243027888446
Application_581457283,0,1,0.5489243027888446
Application_1196023569,0,1,0.5489243027888446
Application_905282795,0,1,0.5489243027888446
Application_1101931698,1,1,0.5489243027888446
Application_752586469,0,1,0.5489243027888446
Application_320595534,1,1,0.5489243027888446
Application_1452954952,0,1,0.5489243027888446
Application_1047194763,0,1,0.5489243027888446
Application_830859051,1,1,0.5489243027888446
Application_1020036346,0,1,0.5489243027888446
Application_557767583,1,1,0.5489243027888446
Application_747479812,0,1,0.5489243027888446
Application_80557353,0,1,0.5489243027888446
Application_228069219,0,1,0.5489243027888446
Application_1300319505,0,1,0.5489243027888446
Application_136002576,1,1,0.5489243027888446
Application_938297888,1,1,0.5489243027888446
Application_155555799,1,1,0.5489243027888446
Application_1229977722,1,1,0.5489243027888446
Application_298849877,1,1,0.5489243027888446
Application_880330136,1,1,0.5489243027888446
Application_1801180457,1,1,0.5489243027888446
Application_2009371128,1,1,0.5489243027888446
Application_937515890,1,1,0.5489243027888446
Application_1261868792,1,1,0.5489243027888446
Application_96540087,0,1,0.5489243027888446
Application_191922766,0,1,0.5489243027888446
Application_109712434,1,1,0.5489243027888446
Application_542599834,0,1,0.5489243027888446
Application_167825309,1,1,0.5489243027888446
Application_1954244581,0,1,0.5489243027888446
Application_1982448100,0,1,0.5489243027888446
Application_1552182273,0,1,0.5489243027888446
Application_966598082,1,1,0.5489243027888446
Application_1400467505,1,1,0.5489243027888446
Application_498594805,1,1,0.5489243027888446
Application_1959891562,1,1,0.5489243027888446
Application_1896576715,1,1,0.5489243027888446
Application_2019122599,0,1,0.5489243027888446
Application_820279576,0,1,0.5489243027888446
Application_1287950240,0,1,0.5489243027888446
Application_1505801050,1,1,0.5489243027888446
Application_1544580039,1,1,0.5489243027888446
Application_891430949,0,1,0.5489243027888446
Application_747928417,0,1,0.5489243027888446
Application_1473159696,1,1,0.5489243027888446
Application_1982999758,1,1,0.5489243027888446
Application_1113580705,1,1,0.5489243027888446
Application_39302544,0,1,0.5489243027888446
Application_1471829510,1,1,0.5489243027888446
Application_182692737,0,1,0.5489243027888446
Application_613891711,1,1,0.5489243027888446
Application_622688791,1,1,0.5489243027888446
Application_1081922748,1,1,0.5489243027888446
Application_512698300,0,1,0.5489243027888446
Application_458098005,1,1,0.5489243027888446
Application_40477267,1,1,0.5489243027888446
Application_566861080,1,1,0.5489243027888446
Application_1650070556,0,1,0.5489243027888446
Application_176502121,0,1,0.5489243027888446
Application_1722967892,1,1,0.5489243027888446
Application_2126583947,1,1,0.5489243027888446
Application_424329054,0,1,0.5489243027888446
Application_793376272,0,1,0.5489243027888446
Application_639333261,0,1,0.5489243027888446
Application_1081779435,1,1,0.5489243027888446
Application_216273399,0,1,0.5489243027888446
Application_1290488002,1,1,0.5489243027888446
Application_2033874050,0,1,0.5489243027888446
Application_1407692539,1,1,0.5489243027888446
Application_2074202194,1,1,0.5489243027888446
Application_1146099400,1,1,0.5489243027888446
Application_451813045,1,1,0.5489243027888446
Application_1223590063,1,1,0.5489243027888446
Application_913654136,1,1,0.5489243027888446
Application_1035739361,1,1,0.5489243027888446
Application_589219094,1,1,0.5489243027888446
Application_878238256,1,1,0.5489243027888446
Application_1952549224,0,1,0.5489243027888446
Application_1366905703,1,1,0.5489243027888446
Application_1716488937,1,1,0.5489243027888446
Application_1235123682,0,1,0.5489243027888446
Application_1989128442,0,1,0.5489243027888446
Application_876478835,0,1,0.5489243027888446
Application_2118959355,1,1,0.5489243027888446
Application_37978891,1,1,0.5489243027888446
Application_620584761,0,1,0.5489243027888446
Application_1357127846,0,1,0.5489243027888446
Application_1364190015,1,1,0.5489243027888446
Application_2064405187,1,1,0.5489243027888446
Application_471904357,1,1,0.5489243027888446
Application_164281407,0,1,0.5489243027888446
Application_863470764,0,1,0.5489243027888446
Application_278286722,1,1,0.5489243027888446
Application_910355851,1,1,0.5489243027888446
Application_434445330,1,1,0.5489243027888446
Application_701033782,0,1,0.5489243027888446
Application_1783531743,0,1,0.5489243027888446
Application_1353762934,0,1,0.5489243027888446
Application_1998480538,0,1,0.5489243027888446
Application_1463666597,0,1,0.5489243027888446
Application_865137936,1,1,0.5489243027888446
Application_100930614,0,1,0.5489243027888446
Application_537232908,0,1,0.5489243027888446
Application_238582681,0,1,0.5489243027888446
Application_1359020658,1,1,0.5489243027888446
Application_1926453434,0,1,0.5489243027888446
Application_232321104,1,1,0.5489243027888446
Application_1356472998,1,1,0.5489243027888446
Application_1361162937,1,1,0.5489243027888446
Application_1458483878,0,1,0.5489243027888446
Application_928156547,0,1,0.5489243027888446
Application_705051999,1,1,0.5489243027888446
Application_223074907,0,1,0.5489243027888446
Application_653726659,1,1,0.5489243027888446
Application_834709723,0,1,0.5489243027888446
Application_1905561540,0,1,0.5489243027888446
Application_2019817059,0,1,0.5489243027888446
Application_937212077,1,1,0.5489243027888446
Application_868540202,0,1,0.5489243027888446
Application_1323867616,1,1,0.5489243027888446
Application_1592706393,0,1,0.5489243027888446
Application_1279531338,0,1,0.5489243027888446
Application_1658899086,0,1,0.5489243027888446
Application_517198185,1,1,0.5489243027888446
Application_694199032,1,1,0.5489243027888446
Application_1667746075,1,1,0.5489243027888446
Application_1388864560,0,1,0.5489243027888446
Application_819550615,1,1,0.5489243027888446
Application_128524933,1,1,0.5489243027888446
Application_621309500,1,1,0.5489243027888446
Application_528553820,1,1,0.5489243027888446
Application_419328742,0,1,0.5489243027888446
Application_368259393,0,1,0.5489243027888446
Application_1899255652,0,1,0.5489243027888446
Application_1575691668,1,1,0.5489243027888446
Application_1449083066,1,1,0.5489243027888446
Application_750712023,1,1,0.5489243027888446
Application_561182430,1,1,0.5489243027888446
Application_378614367,1,1,0.5489243027888446
Application_340703406,0,1,0.5489243027888446
Application_2021247694,1,1,0.5489243027888446
Application_2072387574,1,1,0.5489243027888446
Application_1840222468,1,1,0.5489243027888446
Application_901150708,1,1,0.5489243027888446
Application_362852963,1,1,0.5489243027888446
Application_281607427,0,1,0.5489243027888446
Application_2037088925,1,1,0.5489243027888446
Application_1882893523,1,1,0.5489243027888446
Application_1337491799,0,1,0.5489243027888446
Application_1712513447,1,1,0.5489243027888446
Application_2075356216,1,1,0.5489243027888446
Application_1587233128,1,1,0.5489243027888446
Application_1965849532,1,1,0.5489243027888446
Application_1262324843,0,1,0.5489243027888446
Application_938425131,1,1,0.5489243027888446
Application_1641576878,1,1,0.5489243027888446
Application_504905109,1,1,0.5489243027888446
Application_138336932,1,1,0.5489243027888446
Application_935686626,0,1,0.5489243027888446
Application_291431226,1,1,0.5489243027888446
Application_720903786,1,1,0.5489243027888446
Application_1656801440,1,1,0.5489243027888446
Application_1150497363,1,1,0.5489243027888446
Application_508861682,1,1,0.5489243027888446
Application_1571300931,1,1,0.5489243027888446
Application_1600658059,0,1,0.5489243027888446
Application_1620041366,1,1,0.5489243027888446
Application_1221443804,0,1,0.5489243027888446
Application_1768567221,1,1,0.5489243027888446
Application_828015798,0,1,0.5489243027888446
Application_528984196,1,1,0.5489243027888446
Application_545440810,0,1,0.5489243027888446
Application_638199657,1,1,0.5489243027888446
Application_223400033,1,1,0.5489243027888446
Application_1048060037,1,1,0.5489243027888446
Application_472844290,1,1,0.5489243027888446
Application_601594697,0,1,0.5489243027888446
Application_285811325,0,1,0.5489243027888446
Application_1218176080,0,1,0.5489243027888446
Application_1660566754,1,1,0.5489243027888446
Application_1551643269,1,1,0.5489243027888446
Application_1862264307,0,1,0.5489243027888446
Application_562473232,1,1,0.5489243027888446
Application_1612901949,1,1,0.5489243027888446
Application_1250773885,1,1,0.5489243027888446
Application_8039711,0,1,0.5489243027888446
Application_435700999,1,1,0.5489243027888446
Application_1853671913,0,1,0.5489243027888446
Application_1509724255,0,1,0.5489243027888446
Application_1780975856,0,1,0.5489243027888446
Application_1580503830,1,1,0.5489243027888446
Application_297860033,1,1,0.5489243027888446
Application_974575173,1,1,0.5489243027888446
Application_532043630,1,1,0.5489243027888446
Application_1849495113,0,1,0.5489243027888446
Application_1272241720,1,1,0.5489243027888446
Application_1195247550,1,1,0.5489243027888446
Application_1669784380,0,1,0.5489243027888446
Application_65199173,0,1,0.5489243027888446
Application_1017644369,0,1,0.5489243027888446
Application_1931690466,0,1,0.5489243027888446
Application_1727628752,1,1,0.5489243027888446
Application_1484955476,1,1,0.5489243027888446
Application_1705571424,1,1,0.5489243027888446
Application_515101580,1,1,0.5489243027888446
Application_435518705,1,1,0.5489243027888446
Application_969888320,0,1,0.5489243027888446
Application_424363323,0,1,0.5489243027888446
Application_1159585631,1,1,0.5489243027888446
Application_1674012141,0,1,0.5489243027888446
Application_353397724,0,1,0.5489243027888446
Application_2057919760,0,1,0.5489243027888446
Application_568941744,1,1,0.5489243027888446
Application_932953546,0,1,0.5489243027888446
Application_168568235,0,1,0.5489243027888446
Application_205456732,1,1,0.5489243027888446
Application_1336309549,1,1,0.5489243027888446
Application_462387356,1,1,0.5489243027888446
Application_620674374,1,1,0.5489243027888446
Application_1355747901,1,1,0.5489243027888446
Application_222189951,0,1,0.5489243027888446
Application_2077817650,1,1,0.5489243027888446
Application_1694062959,1,1,0.5489243027888446
Application_455023384,1,1,0.5489243027888446
Application_1627526150,0,1,0.5489243027888446
Application_1879667666,1,1,0.5489243027888446
Application_807155180,1,1,0.5489243027888446
Application_1694434637,1,1,0.5489243027888446
Application_286309155,0,1,0.5489243027888446
Application_198091646,1,1,0.5489243027888446
Application_2092061065,1,1,0.5489243027888446
Application_1630475769,0,1,0.5489243027888446
Application_1865804738,1,1,0.5489243027888446
Application_1731122486,1,1,0.5489243027888446
Application_1692002404,1,1,0.5489243027888446
Application_944419573,1,1,0.5489243027888446
Application_1506721954,1,1,0.5489243027888446
Application_1899237950,1,1,0.5489243027888446
Application_946583171,1,1,0.5489243027888446
Application_1696668995,1,1,0.5489243027888446
Application_516260428,0,1,0.5489243027888446
Application_351447593,1,1,0.5489243027888446
Application_301476952,1,1,0.5489243027888446
Application_701032854,1,1,0.5489243027888446
Application_1649116695,0,1,0.5489243027888446
Application_1131149871,0,1,0.5489243027888446
Application_494333708,1,1,0.5489243027888446
Application_422742047,1,1,0.5489243027888446
Application_1362011526,0,1,0.5489243027888446
Application_226313055,1,1,0.5489243027888446
Application_982697253,1,1,0.5489243027888446
Application_1635754210,1,1,0.5489243027888446
Application_1206779440,0,1,0.5489243027888446
Application_1939640271,0,1,0.5489243027888446
Application_1159445220,1,1,0.5489243027888446
Application_694377004,1,1,0.5489243027888446
Application_636211698,1,1,0.5489243027888446
Application_1394633662,1,1,0.5489243027888446
Application_1016809148,0,1,0.5489243027888446
Application_1438619325,1,1,0.5489243027888446
Application_804976669,1,1,0.5489243027888446
Application_581494514,0,1,0.5489243027888446
Application_15275072,0,1,0.5489243027888446
Application_1058972301,0,1,0.5489243027888446
Application_377544827,1,1,0.5489243027888446
Application_695083820,0,1,0.5489243027888446
Application_1965599410,0,1,0.5489243027888446
Application_1750129865,0,1,0.5489243027888446
Application_1484214444,0,1,0.5489243027888446
Application_1252333862,1,1,0.5489243027888446
Application_808162283,1,1,0.5489243027888446
Application_165345006,0,1,0.5489243027888446
Application_2059656186,0,1,0.5489243027888446
Application_1919468152,0,1,0.5489243027888446
Application_1928513473,0,1,0.5489243027888446
Application_1292292431,1,1,0.5489243027888446
Application_1920008336,0,1,0.5489243027888446
Application_846668143,0,1,0.5489243027888446
Application_165310345,0,1,0.5489243027888446
Application_1052506814,0,1,0.5489243027888446
Application_559623520,0,1,0.5489243027888446
Application_949702714,0,1,0.5489243027888446
Application_1094834620,1,1,0.5489243027888446
Application_1201359633,0,1,0.5489243027888446
Application_1767906244,1,1,0.5489243027888446
Application_1050628695,1,1,0.5489243027888446
Application_283917402,1,1,0.5489243027888446
Application_381116619,1,1,0.5489243027888446
Application_523083441,0,1,0.5489243027888446
Application_1140236377,0,1,0.5489243027888446
Application_2085455067,0,1,0.5489243027888446
Application_699126971,1,1,0.5489243027888446
Application_1128851023,1,1,0.5489243027888446
Application_235493091,1,1,0.5489243027888446
Application_962505423,1,1,0.5489243027888446
Application_1971831087,1,1,0.5489243027888446
Application_2131766598,1,1,0.5489243027888446
Application_800066706,1,1,0.5489243027888446
Application_145683841,0,1,0.5489243027888446
Application_713830240,1,1,0.5489243027888446
Application_1459684566,0,1,0.5489243027888446
Application_1851874120,0,1,0.5489243027888446
Application_2030985552,1,1,0.5489243027888446
Application_1901687072,0,1,0.5489243027888446
Application_181522494,0,1,0.5489243027888446
Application_1132528029,0,1,0.5489243027888446
Application_1671598539,0,1,0.5489243027888446
Application_1894559551,0,1,0.5489243027888446
Application_723918543,0,1,0.5489243027888446
Application_159963009,0,1,0.5489243027888446
Application_564937473,0,1,0.5489243027888446
Application_289350668,0,1,0.5489243027888446
Application_1885551119,1,1,0.5489243027888446
Application_1710821500,1,1,0.5489243027888446
Application_2026733199,0,1,0.5489243027888446
Application_1462194619,0,1,0.5489243027888446
Application_455209625,0,1,0.5489243027888446
Application_1855681221,0,1,0.5489243027888446
Application_1413250805,1,1,0.5489243027888446
Application_183528099,0,1,0.5489243027888446
Application_790236241,0,1,0.5489243027888446
Application_292461471,0,1,0.5489243027888446
Application_938184987,1,1,0.5489243027888446
Application_1119306976,0,1,0.5489243027888446
Application_2061810096,1,1,0.5489243027888446
Application_935269154,1,1,0.5489243027888446
Application_71649767,0,1,0.5489243027888446
Application_1575570277,0,1,0.5489243027888446
Application_1680315596,1,1,0.5489243027888446
Application_1993290049,1,1,0.5489243027888446
Application_1652374080,0,1,0.5489243027888446
Application_1942946338,1,1,0.5489243027888446
Application_1294550702,1,1,0.5489243027888446
Application_476454760,1,1,0.5489243027888446
Application_83385957,1,1,0.5489243027888446
Application_1337748196,1,1,0.5489243027888446
Application_12324686,1,1,0.5489243027888446
Application_1093058248,0,1,0.5489243027888446
Application_2127831807,1,1,0.5489243027888446
Application_735555779,1,1,0.5489243027888446
Application_2119963425,0,1,0.5489243027888446
Application_929827604,0,1,0.5489243027888446
Application_1471510503,0,1,0.5489243027888446
Application_1111235083,1,1,0.5489243027888446
Application_732428362,1,1,0.5489243027888446
Application_341808795,1,1,0.5489243027888446
Application_657716944,1,1,0.5489243027888446
Application_1146014097,0,1,0.5489243027888446
Application_1505912637,1,1,0.5489243027888446
Application_1212971337,1,1,0.5489243027888446
Application_1983689717,0,1,0.5489243027888446
Application_1612004507,1,1,0.5489243027888446
Application_931609833,0,1,0.5489243027888446
Application_502308903,1,1,0.5489243027888446
Application_548417596,1,1,0.5489243027888446
Application_714861923,0,1,0.5489243027888446
Application_1374482966,1,1,0.5489243027888446
Application_1625271956,1,1,0.5489243027888446
Application_431263829,1,1,0.5489243027888446
Application_578567461,0,1,0.5489243027888446
Application_1000604502,0,1,0.5489243027888446
Application_1905959046,1,1,0.5489243027888446
Application_1493156036,0,1,0.5489243027888446
Application_435221277,0,1,0.5489243027888446
Application_110914214,0,1,0.5489243027888446
Application_213182586,1,1,0.5489243027888446
Application_1904961288,0,1,0.5489243027888446
Application_1442097997,0,1,0.5489243027888446
Application_1883784032,1,1,0.5489243027888446
Application_63932076,0,1,0.5489243027888446
Application_570793200,0,1,0.5489243027888446
Application_212653287,0,1,0.5489243027888446
Application_1233149304,0,1,0.5489243027888446
Application_1861250409,1,1,0.5489243027888446
Application_546700899,1,1,0.5489243027888446
Application_1938715121,1,1,0.5489243027888446
Application_1001484676,1,1,0.5489243027888446
Application_675032963,0,1,0.5489243027888446
Application_458524875,1,1,0.5489243027888446
Application_1162627178,0,1,0.5489243027888446
Application_1890915392,0,1,0.5489243027888446
Application_1758983925,1,1,0.5489243027888446
Application_1242764622,1,1,0.5489243027888446
Application_1834562586,1,1,0.5489243027888446
Application_1687097579,1,1,0.5489243027888446
Application_1124966685,0,1,0.5489243027888446
Application_43601953,0,1,0.5489243027888446
Application_1275152820,1,1,0.5489243027888446
Application_655546228,1,1,0.5489243027888446
Application_1838351905,1,1,0.5489243027888446
Application_2132219362,0,1,0.5489243027888446
Application_1088621827,1,1,0.5489243027888446
Application_1278282603,0,1,0.5489243027888446
Application_629753510,0,1,0.5489243027888446
Application_930390995,0,1,0.5489243027888446
Application_42873866,1,1,0.5489243027888446
Application_214000838,0,1,0.5489243027888446
Application_536044692,0,1,0.5489243027888446
Application_1087137354,1,1,0.5489243027888446
Application_438124674,0,1,0.5489243027888446
Application_88534754,1,1,0.5489243027888446
Application_12716824,0,1,0.5489243027888446
Application_1942375524,0,1,0.5489243027888446
Application_1752993054,1,1,0.5489243027888446
Application_904225542,0,1,0.5489243027888446
Application_1191708035,0,1,0.5489243027888446
Application_1549644894,1,1,0.5489243027888446
Application_2046609381,0,1,0.5489243027888446
Application_681692432,1,1,0.5489243027888446
Application_259817176,1,1,0.5489243027888446
Application_908586068,1,1,0.5489243027888446
Application_599524194,0,1,0.5489243027888446
Application_1767731218,1,1,0.5489243027888446
Application_2084882126,0,1,0.5489243027888446
Application_1143978311,1,1,0.5489243027888446
Application_820046936,1,1,0.5489243027888446
Application_1220307410,0,1,0.5489243027888446
Application_1401605203,0,1,0.5489243027888446
Application_95535126,0,1,0.5489243027888446
Application_1467650398,1,1,0.5489243027888446
Application_1623607293,0,1,0.5489243027888446
Application_2103006676,0,1,0.5489243027888446
Application_1745004593,1,1,0.5489243027888446
Application_1312457363,0,1,0.5489243027888446
Application_1695688535,1,1,0.5489243027888446
Application_409843902,1,1,0.5489243027888446
Application_1030783985,1,1,0.5489243027888446
Application_1811976667,1,1,0.5489243027888446
Application_1428804895,1,1,0.5489243027888446
Application_1113024793,0,1,0.5489243027888446
Application_1885602665,1,1,0.5489243027888446
Application_1493733461,1,1,0.5489243027888446
Application_1844911312,1,1,0.5489243027888446
Application_2034581042,1,1,0.5489243027888446
Application_1140209320,1,1,0.5489243027888446
Application_274633120,1,1,0.5489243027888446
Application_36547175,1,1,0.5489243027888446
Application_988366578,1,1,0.5489243027888446
Application_826854912,1,1,0.5489243027888446
Application_464098432,1,1,0.5489243027888446
Application_610034914,0,1,0.5489243027888446
Application_1682029053,0,1,0.5489243027888446
Application_1458852944,1,1,0.5489243027888446
Application_949514127,0,1,0.5489243027888446
Application_1833857395,1,1,0.5489243027888446
Application_1914051970,1,1,0.5489243027888446
Application_1014628070,0,1,0.5489243027888446
Application_575050679,0,1,0.5489243027888446
Application_107058559,1,1,0.5489243027888446
Application_2041204599,1,1,0.5489243027888446
Application_64965901,0,1,0.5489243027888446
Application_419232141,1,1,0.5489243027888446
Application_1729824097,1,1,0.5489243027888446
Application_1911030393,1,1,0.5489243027888446
Application_1175375112,0,1,0.5489243027888446
Application_1491072794,1,1,0.5489243027888446
Application_708067308,0,1,0.5489243027888446
Application_2048466456,1,1,0.5489243027888446
Application_2023401888,0,1,0.5489243027888446
Application_1825060181,0,1,0.5489243027888446
Application_750561726,0,1,0.5489243027888446
Application_839069643,0,1,0.5489243027888446
Application_392314150,1,1,0.5489243027888446
Application_322674067,0,1,0.5489243027888446
Application_727760467,0,1,0.5489243027888446
Application_1469294844,0,1,0.5489243027888446
Application_1953029550,1,1,0.5489243027888446
Application_1831134059,1,1,0.5489243027888446
Application_1399762813,0,1,0.5489243027888446
Application_575931876,1,1,0.5489243027888446
Application_213664539,0,1,0.5489243027888446
Application_1468495573,1,1,0.5489243027888446
Application_1106464121,1,1,0.5489243027888446
Application_1128945225,0,1,0.5489243027888446
Application_678219364,1,1,0.5489243027888446
Application_970172259,1,1,0.5489243027888446
Application_1685418490,1,1,0.5489243027888446
Application_109999371,0,1,0.5489243027888446
Application_826353357,1,1,0.5489243027888446
Application_459955569,1,1,0.5489243027888446
Application_1882783264,1,1,0.5489243027888446
Application_492470670,1,1,0.5489243027888446
Application_2087521978,0,1,0.5489243027888446
Application_1124562062,0,1,0.5489243027888446
Application_1181412903,1,1,0.5489243027888446
Application_967577338,1,1,0.5489243027888446
Application_1683592982,0,1,0.5489243027888446
Application_1721513096,0,1,0.5489243027888446
Application_647329744,0,1,0.5489243027888446
Application_280797942,1,1,0.5489243027888446
Application_844605700,1,1,0.5489243027888446
Application_156660458,1,1,0.5489243027888446
Application_299054642,1,1,0.5489243027888446
Application_1571452825,1,1,0.5489243027888446
Application_1954175744,0,1,0.5489243027888446
Application_1419458810,1,1,0.5489243027888446
Application_194208452,1,1,0.5489243027888446
Application_121612402,1,1,0.5489243027888446
Application_716501244,0,1,0.5489243027888446
Application_530444177,0,1,0.5489243027888446
Application_1605593231,0,1,0.5489243027888446
Application_1919629146,0,1,0.5489243027888446
Application_1989416782,1,1,0.5489243027888446
Application_917476215,1,1,0.5489243027888446
Application_2035483447,1,1,0.5489243027888446
Application_1610596108,0,1,0.5489243027888446
Application_1963113833,0,1,0.5489243027888446
Application_1400832878,1,1,0.5489243027888446
Application_1685553482,1,1,0.5489243027888446
Application_1369571234,1,1,0.5489243027888446
Application_287357474,1,1,0.5489243027888446
Application_1513321238,1,1,0.5489243027888446
Application_110384193,1,1,0.5489243027888446
Application_619819743,1,1,0.5489243027888446
Application_1669984193,0,1,0.5489243027888446
Application_1693259722,0,1,0.5489243027888446
Application_1384990566,0,1,0.5489243027888446
Application_1170931347,0,1,0.5489243027888446
Application_1254769573,1,1,0.5489243027888446
Application_905022889,0,1,0.5489243027888446
Application_1199714746,1,1,0.5489243027888446
Application_1010390571,0,1,0.5489243027888446
Application_1562532315,0,1,0.5489243027888446
Application_1372997016,1,1,0.5489243027888446
Application_442169489,0,1,0.5489243027888446
Application_117667027,0,1,0.5489243027888446
Application_775689800,0,1,0.5489243027888446
Application_766537064,0,1,0.5489243027888446
Application_1999345768,0,1,0.5489243027888446
Application_40026814,0,1,0.5489243027888446
Application_402090966,1,1,0.5489243027888446
Application_625287642,0,1,0.5489243027888446
Application_1699165633,0,1,0.5489243027888446
Application_759582319,0,1,0.5489243027888446
Application_983073417,0,1,0.5489243027888446
Application_43195645,1,1,0.5489243027888446
Application_807788459,0,1,0.5489243027888446
Application_896367681,0,1,0.5489243027888446
Application_1965696946,1,1,0.5489243027888446
Application_1017777344,1,1,0.5489243027888446
Application_1290492777,1,1,0.5489243027888446
Application_623063857,1,1,0.5489243027888446
Application_109019861,1,1,0.5489243027888446
Application_332230732,0,1,0.5489243027888446
Application_606748316,0,1,0.5489243027888446
Application_325370159,1,1,0.5489243027888446
Application_102041449,0,1,0.5489243027888446
Application_1399254000,0,1,0.5489243027888446
Application_1997885144,1,1,0.5489243027888446
Application_1568049809,0,1,0.5489243027888446
Application_261962420,1,1,0.5489243027888446
Application_399381230,0,1,0.5489243027888446
Application_667274829,1,1,0.5489243027888446
Application_346181860,1,1,0.5489243027888446
Application_356588813,1,1,0.5489243027888446
Application_272415884,1,1,0.5489243027888446
Application_2014464461,1,1,0.5489243027888446
Application_914960694,0,1,0.5489243027888446
Application_1854102565,1,1,0.5489243027888446
Application_1251055212,1,1,0.5489243027888446
Application_581329093,1,1,0.5489243027888446
Application_103473608,0,1,0.5489243027888446
Application_982136058,1,1,0.5489243027888446
Application_1091165384,0,1,0.5489243027888446
Application_2064250769,1,1,0.5489243027888446
Application_1184500047,1,1,0.5489243027888446
Application_805627056,1,1,0.5489243027888446
Application_943624516,0,1,0.5489243027888446
Application_2015936535,1,1,0.5489243027888446
Application_1758727131,1,1,0.5489243027888446
Application_1579902110,1,1,0.5489243027888446
Application_880950366,0,1,0.5489243027888446
Application_1205215421,1,1,0.5489243027888446
Application_978512250,0,1,0.5489243027888446
Application_1559634770,1,1,0.5489243027888446
Application_2086684889,1,1,0.5489243027888446
Application_562228671,1,1,0.5489243027888446
Application_212775744,0,1,0.5489243027888446
Application_1857316370,0,1,0.5489243027888446
Application_2017829434,1,1,0.5489243027888446
Application_1927683874,0,1,0.5489243027888446
Application_388550314,0,1,0.5489243027888446
Application_1076724533,0,1,0.5489243027888446
Application_539906487,1,1,0.5489243027888446
Application_1035232735,1,1,0.5489243027888446
Application_333737479,0,1,0.5489243027888446
Application_531296723,0,1,0.5489243027888446
Application_1848685618,0,1,0.5489243027888446
Application_1562508102,1,1,0.5489243027888446
Application_774509847,0,1,0.5489243027888446
Application_1395900304,1,1,0.5489243027888446
Application_1619262727,0,1,0.5489243027888446
Application_764749022,1,1,0.5489243027888446
Application_987372681,1,1,0.5489243027888446
Application_2106803691,1,1,0.5489243027888446
Application_1816208063,1,1,0.5489243027888446
Application_177678443,1,1,0.5489243027888446
Application_1847020617,0,1,0.5489243027888446
Application_503919356,0,1,0.5489243027888446
Application_1070094567,0,1,0.5489243027888446
Application_1971384449,1,1,0.5489243027888446
Application_568907714,1,1,0.5489243027888446
Application_379321877,1,1,0.5489243027888446
Application_189605659,1,1,0.5489243027888446
Application_901390041,0,1,0.5489243027888446
Application_2129809170,1,1,0.5489243027888446
Application_751071872,0,1,0.5489243027888446
Application_755691679,0,1,0.5489243027888446
Application_399569642,1,1,0.5489243027888446
Application_389282611,1,1,0.5489243027888446
Application_980700134,1,1,0.5489243027888446
Application_1706556182,1,1,0.5489243027888446
Application_2064700670,1,1,0.5489243027888446
Application_639140332,1,1,0.5489243027888446
Application_988769752,0,1,0.5489243027888446
Application_8860825,1,1,0.5489243027888446
Application_1279139907,0,1,0.5489243027888446
Application_322832249,0,1,0.5489243027888446
Application_580207746,1,1,0.5489243027888446
Application_376690381,1,1,0.5489243027888446
Application_2015410281,1,1,0.5489243027888446
Application_2074520281,1,1,0.5489243027888446
Application_988274349,0,1,0.5489243027888446
Application_780296156,1,1,0.5489243027888446
Application_2077996229,0,1,0.5489243027888446
Application_1568109043,1,1,0.5489243027888446
Application_2142018582,0,1,0.5489243027888446
Application_1084424128,1,1,0.5489243027888446
Application_704139340,0,1,0.5489243027888446
Application_399854442,0,1,0.5489243027888446
Application_1034454,0,1,0.5489243027888446
Application_3614173,0,1,0.5489243027888446
Application_2091895631,0,1,0.5489243027888446
Application_1442980784,1,1,0.5489243027888446
Application_1731907819,1,1,0.5489243027888446
Application_973645066,1,1,0.5489243027888446
Application_649420116,0,1,0.5489243027888446
Application_839751740,1,1,0.5489243027888446
Application_2057771265,0,1,0.5489243027888446
Application_1408549067,0,1,0.5489243027888446
Application_1733134376,0,1,0.5489243027888446
Application_482965445,0,1,0.5489243027888446
Application_722944980,1,1,0.5489243027888446
Application_912680237,1,1,0.5489243027888446
Application_2128190681,1,1,0.5489243027888446
Application_1349452827,0,1,0.5489243027888446
Application_52511126,1,1,0.5489243027888446
Application_796519168,0,1,0.5489243027888446
Application_612914602,1,1,0.5489243027888446
Application_147809631,0,1,0.5489243027888446
Application_876488558,0,1,0.5489243027888446
Application_23575323,1,1,0.5489243027888446
Application_199519930,0,1,0.5489243027888446
Application_872601561,0,1,0.5489243027888446
Application_1167079577,1,1,0.5489243027888446
Application_2124106051,0,1,0.5489243027888446
Application_12818310,1,1,0.5489243027888446
Application_1130845322,1,1,0.5489243027888446
Application_435802321,1,1,0.5489243027888446
Application_56315967,1,1,0.5489243027888446
Application_991440803,1,1,0.5489243027888446
Application_1774968610,0,1,0.5489243027888446
Application_1712822769,1,1,0.5489243027888446
Application_1708773132,0,1,0.5489243027888446
Application_1346081876,0,1,0.5489243027888446
Application_125944151,1,1,0.5489243027888446
Application_352224008,0,1,0.5489243027888446
Application_2038392140,0,1,0.5489243027888446
Application_1434923894,0,1,0.5489243027888446
Application_725147343,0,1,0.5489243027888446
Application_1049619167,1,1,0.5489243027888446
Application_1361510669,0,1,0.5489243027888446
Application_13850224,1,1,0.5489243027888446
Application_726154989,0,1,0.5489243027888446
Application_1847062642,0,1,0.5489243027888446
Application_1556952402,1,1,0.5489243027888446
Application_373109848,1,1,0.5489243027888446
Application_988067784,1,1,0.5489243027888446
Application_1017445442,0,1,0.5489243027888446
Application_552268672,0,1,0.5489243027888446
Application_922063750,1,1,0.5489243027888446
Application_475818880,1,1,0.5489243027888446
Application_1403714641,0,1,0.5489243027888446
Application_1581096487,1,1,0.5489243027888446
Application_1905422139,0,1,0.5489243027888446
Application_1943247002,1,1,0.5489243027888446
Application_1497050490,0,1,0.5489243027888446
Application_1999348863,0,1,0.5489243027888446
Application_1663711273,1,1,0.5489243027888446
Application_1031666995,1,1,0.5489243027888446
Application_1446591622,1,1,0.5489243027888446
Application_1997224474,0,1,0.5489243027888446
Application_1054590917,1,1,0.5489243027888446
Application_1277946786,0,1,0.5489243027888446
Application_1660154570,1,1,0.5489243027888446
Application_54309881,1,1,0.5489243027888446
Application_235293683,0,1,0.5489243027888446
Application_1737595763,1,1,0.5489243027888446
Application_2111897411,1,1,0.5489243027888446
Application_337794163,1,1,0.5489243027888446
Application_1100925770,1,1,0.5489243027888446
Application_161489406,0,1,0.5489243027888446
Application_2129089731,1,1,0.5489243027888446
Application_1481302660,0,1,0.5489243027888446
Application_115695512,1,1,0.5489243027888446
Application_1708208710,1,1,0.5489243027888446
Application_867048229,1,1,0.5489243027888446
Application_1367761225,1,1,0.5489243027888446
Application_1009741271,0,1,0.5489243027888446
Application_1852368370,1,1,0.5489243027888446
Application_1480712559,1,1,0.5489243027888446
Application_313920006,0,1,0.5489243027888446
Application_729340980,0,1,0.5489243027888446
Application_331396477,0,1,0.5489243027888446
Application_60615076,1,1,0.5489243027888446
Application_988854237,0,1,0.5489243027888446
Application_1780999556,0,1,0.5489243027888446
Application_1124845188,0,1,0.5489243027888446
Application_185493618,1,1,0.5489243027888446
Application_1486848512,0,1,0.5489243027888446
Application_547422624,1,1,0.5489243027888446
Application_307606890,0,1,0.5489243027888446
Application_702829933,0,1,0.5489243027888446
Application_121254132,1,1,0.5489243027888446
Application_1523593634,0,1,0.5489243027888446
Application_700094592,0,1,0.5489243027888446
Application_1995611254,1,1,0.5489243027888446
Application_1459114131,1,1,0.5489243027888446
Application_439060282,1,1,0.5489243027888446
Application_375799252,1,1,0.5489243027888446
Application_488434326,0,1,0.5489243027888446
Application_1753681160,0,1,0.5489243027888446
Application_1454660257,1,1,0.5489243027888446
Application_421585404,1,1,0.5489243027888446
Application_1496148798,1,1,0.5489243027888446
Application_8118144,0,1,0.5489243027888446
Application_1820165451,0,1,0.5489243027888446
Application_1290334354,0,1,0.5489243027888446
Application_413628206,1,1,0.5489243027888446
Application_431307591,1,1,0.5489243027888446
Application_63947631,1,1,0.5489243027888446
Application_634382665,1,1,0.5489243027888446
Application_149980465,1,1,0.5489243027888446
Application_847278478,0,1,0.5489243027888446
Application_342828964,0,1,0.5489243027888446
Application_422558572,1,1,0.5489243027888446
Application_1496728399,0,1,0.5489243027888446
Application_1281064164,1,1,0.5489243027888446
Application_1709020414,1,1,0.5489243027888446
Application_634404760,1,1,0.5489243027888446
Application_1902619812,1,1,0.5489243027888446
Application_830170446,0,1,0.5489243027888446
Application_312082194,0,1,0.5489243027888446
Application_1462132978,0,1,0.5489243027888446
Application_1426681137,1,1,0.5489243027888446
Application_344085083,1,1,0.5489243027888446
Application_1359786959,1,1,0.5489243027888446
Application_666941036,1,1,0.5489243027888446
Application_2093027855,0,1,0.5489243027888446
Application_419724347,1,1,0.5489243027888446
Application_722567623,0,1,0.5489243027888446
Application_27100045,0,1,0.5489243027888446
Application_709688339,1,1,0.5489243027888446
Application_1791944136,1,1,0.5489243027888446
Application_1786918756,1,1,0.5489243027888446
Application_1343814701,1,1,0.5489243027888446
Application_354402076,1,1,0.5489243027888446
Application_47029740,1,1,0.5489243027888446
Application_1708393332,0,1,0.5489243027888446
Application_420669904,0,1,0.5489243027888446
Application_258749628,1,1,0.5489243027888446
Application_18547553,1,1,0.5489243027888446
Application_1146810684,1,1,0.5489243027888446
Application_1619793657,0,1,0.5489243027888446
Application_1905206825,1,1,0.5489243027888446
Application_1173080063,0,1,0.5489243027888446
Application_1809362004,0,1,0.5489243027888446
Application_1995092888,1,1,0.5489243027888446
Application_1931880339,0,1,0.5489243027888446
Application_152088581,1,1,0.5489243027888446
Application_164152579,1,1,0.5489243027888446
Application_1496751218,0,1,0.5489243027888446
Application_2064931341,0,1,0.5489243027888446
Application_696705115,1,1,0.5489243027888446
Application_1037792917,0,1,0.5489243027888446
Application_1416971836,1,1,0.5489243027888446
Application_1795530227,0,1,0.5489243027888446
Application_802854661,1,1,0.5489243027888446
Application_731053814,0,1,0.5489243027888446
Application_128895870,0,1,0.5489243027888446
Application_912571590,0,1,0.5489243027888446
Application_270600793,0,1,0.5489243027888446
Application_47358462,0,1,0.5489243027888446
Application_1589590132,0,1,0.5489243027888446
Application_906393285,1,1,0.5489243027888446
Application_1988628098,1,1,0.5489243027888446
Application_1405116066,0,1,0.5489243027888446
Application_1223354907,0,1,0.5489243027888446
Application_156205308,1,1,0.5489243027888446
Application_917640298,1,1,0.5489243027888446
Application_1233625625,0,1,0.5489243027888446
Application_690050804,1,1,0.5489243027888446
Application_2131158409,1,1,0.5489243027888446
Application_1671183664,0,1,0.5489243027888446
Application_453337956,1,1,0.5489243027888446
Application_1439034221,0,1,0.5489243027888446
Application_811493670,0,1,0.5489243027888446
Application_1041474698,0,1,0.5489243027888446
Application_157617137,0,1,0.5489243027888446
Application_506387829,1,1,0.5489243027888446
Application_1589109398,0,1,0.5489243027888446
Application_1658869403,1,1,0.5489243027888446
Application_1735390692,1,1,0.5489243027888446
Application_1477327683,1,1,0.5489243027888446
Application_1296990203,0,1,0.5489243027888446
Application_580245327,1,1,0.5489243027888446
Application_1621312451,0,1,0.5489243027888446
Application_904451412,1,1,0.5489243027888446
Application_474011024,0,1,0.5489243027888446
Application_1224592697,0,1,0.5489243027888446
Application_1958977845,0,1,0.5489243027888446
Application_1615711427,1,1,0.5489243027888446
Application_2107633163,1,1,0.5489243027888446
Application_1829485980,1,1,0.5489243027888446
Application_1391641676,1,1,0.5489243027888446
Application_1749792883,1,1,0.5489243027888446
Application_2064387905,1,1,0.5489243027888446
Application_1432396679,1,1,0.5489243027888446
Application_980593207,1,1,0.5489243027888446
Application_186667038,1,1,0.5489243027888446
Application_1077356396,0,1,0.5489243027888446
Application_895880399,0,1,0.5489243027888446
Application_752129547,0,1,0.5489243027888446
Application_1068144226,0,1,0.5489243027888446
Application_1468251260,0,1,0.5489243027888446
Application_390614305,0,1,0.5489243027888446
Application_753005548,1,1,0.5489243027888446
Application_683749311,1,1,0.5489243027888446
Application_1469289455,1,1,0.5489243027888446
Application_576893560,0,1,0.5489243027888446
Application_1571228698,1,1,0.5489243027888446
Application_1194598473,0,1,0.5489243027888446
Application_147095816,1,1,0.5489243027888446
Application_593935959,0,1,0.5489243027888446
Application_673828188,1,1,0.5489243027888446
Application_670770300,1,1,0.5489243027888446
Application_1899152730,1,1,0.5489243027888446
Application_2110656628,0,1,0.5489243027888446
Application_1609788234,1,1,0.5489243027888446
Application_2041624603,1,1,0.5489243027888446
Application_1543521670,1,1,0.5489243027888446
Application_123785844,0,1,0.5489243027888446
Application_1181289999,1,1,0.5489243027888446
Application_1386927037,1,1,0.5489243027888446
Application_1197789168,1,1,0.5489243027888446
Application_2006398286,1,1,0.5489243027888446
Application_1968486052,1,1,0.5489243027888446
Application_671852829,0,1,0.5489243027888446
Application_1888687616,0,1,0.5489243027888446
Application_1711249494,0,1,0.5489243027888446
Application_2027016208,1,1,0.5489243027888446
Application_810347380,1,1,0.5489243027888446
Application_485042805,1,1,0.5489243027888446
Application_261823208,0,1,0.5489243027888446
Application_668992760,0,1,0.5489243027888446
Application_2131674188,0,1,0.5489243027888446
Application_1782240690,0,1,0.5489243027888446
Application_1716865791,0,1,0.5489243027888446
Application_1216511082,0,1,0.5489243027888446
Application_576907537,0,1,0.5489243027888446
Application_216754029,1,1,0.5489243027888446
Application_1286860918,0,1,0.5489243027888446
Application_524435127,0,1,0.5489243027888446
Application_1716698141,0,1,0.5489243027888446
Application_954830822,0,1,0.5489243027888446
Application_2115637548,0,1,0.5489243027888446
Application_1686152726,1,1,0.5489243027888446
Application_1296679854,1,1,0.5489243027888446
Application_538667985,1,1,0.5489243027888446
Application_785051963,0,1,0.5489243027888446
Application_1270199280,1,1,0.5489243027888446
Application_1859157542,1,1,0.5489243027888446
Application_274583570,1,1,0.5489243027888446
Application_489522386,1,1,0.5489243027888446
Application_1732322692,1,1,0.5489243027888446
Application_1210328211,1,1,0.5489243027888446
Application_1858818143,1,1,0.5489243027888446
Application_595612823,0,1,0.5489243027888446
Application_1461654162,1,1,0.5489243027888446
Application_1891223976,0,1,0.5489243027888446
Application_2079011186,0,1,0.5489243027888446
Application_432545630,1,1,0.5489243027888446
Application_816701109,0,1,0.5489243027888446
Application_238988465,0,1,0.5489243027888446
Application_85776840,1,1,0.5489243027888446
Application_1696233759,0,1,0.5489243027888446
Application_1506673860,0,1,0.5489243027888446
Application_1427125327,1,1,0.5489243027888446
Application_1855047203,0,1,0.5489243027888446
Application_1641972620,0,1,0.5489243027888446
Application_1248150861,0,1,0.5489243027888446
Application_1056628969,0,1,0.5489243027888446
Application_1627130886,0,1,0.5489243027888446
Application_1437532627,0,1,0.5489243027888446
Application_771286338,1,1,0.5489243027888446
Application_421841965,1,1,0.5489243027888446
Application_73738380,0,1,0.5489243027888446
Application_1282312320,1,1,0.5489243027888446
Application_418638674,1,1,0.5489243027888446
Application_1661566238,0,1,0.5489243027888446
Application_704673299,0,1,0.5489243027888446
Application_515232769,0,1,0.5489243027888446
Application_1231420166,1,1,0.5489243027888446
Application_1778559212,0,1,0.5489243027888446
Application_16362248,0,1,0.5489243027888446
Application_2030168144,0,1,0.5489243027888446
Application_2122659093,1,1,0.5489243027888446
Application_913238444,0,1,0.5489243027888446
Application_1355715243,0,1,0.5489243027888446
Application_1172380323,1,1,0.5489243027888446
Application_583743819,0,1,0.5489243027888446
Application_1727040001,1,1,0.5489243027888446
Application_1265200930,0,1,0.5489243027888446
Application_1848065299,0,1,0.5489243027888446
Application_332549605,1,1,0.5489243027888446
Application_333758826,1,1,0.5489243027888446
Application_113084488,1,1,0.5489243027888446
Application_1522272001,1,1,0.5489243027888446
Application_1836314441,1,1,0.5489243027888446
Application_592450149,1,1,0.5489243027888446
Application_2096597980,1,1,0.5489243027888446
Application_1452593339,0,1,0.5489243027888446
Application_377998077,0,1,0.5489243027888446
Application_679723515,1,1,0.5489243027888446
Application_92831750,1,1,0.5489243027888446
Application_800393339,0,1,0.5489243027888446
Application_2127123557,0,1,0.5489243027888446
Application_1681194502,0,1,0.5489243027888446
Application_1942456208,0,1,0.5489243027888446
Application_445562509,1,1,0.5489243027888446
Application_680162255,0,1,0.5489243027888446
Application_389299871,1,1,0.5489243027888446
Application_1839878297,0,1,0.5489243027888446
Application_1535887425,1,1,0.5489243027888446
Application_1157629544,1,1,0.5489243027888446
Application_36439873,0,1,0.5489243027888446
Application_612404359,0,1,0.5489243027888446
Application_209142304,0,1,0.5489243027888446
Application_1207241892,1,1,0.5489243027888446
Application_503299627,1,1,0.5489243027888446
Application_288379803,1,1,0.5489243027888446
Application_224662530,1,1,0.5489243027888446
Application_793939885,1,1,0.5489243027888446
Application_1921072973,1,1,0.5489243027888446
Application_1622141165,1,1,0.5489243027888446
Application_1802121036,1,1,0.5489243027888446
Application_871215308,1,1,0.5489243027888446
Application_1372339201,1,1,0.5489243027888446
Application_1561692075,1,1,0.5489243027888446
Application_1992130871,0,1,0.5489243027888446
Application_508299436,0,1,0.5489243027888446
Application_937048157,1,1,0.5489243027888446
Application_1585721321,0,1,0.5489243027888446
Application_1834669009,1,1,0.5489243027888446
Application_1190091553,0,1,0.5489243027888446
Application_1377182882,1,1,0.5489243027888446
Application_1949935692,1,1,0.5489243027888446
Application_579964835,1,1,0.5489243027888446
Application_1280729591,1,1,0.5489243027888446
Application_851079180,1,1,0.5489243027888446
Application_197286762,1,1,0.5489243027888446
Application_152396051,0,1,0.5489243027888446
Application_583032151,1,1,0.5489243027888446
Application_806234153,0,1,0.5489243027888446
Application_1059867108,0,1,0.5489243027888446
Application_499343172,0,1,0.5489243027888446
Application_1988789101,0,1,0.5489243027888446
Application_1083132746,1,1,0.5489243027888446
Application_1276950247,1,1,0.5489243027888446
Application_1018249155,0,1,0.5489243027888446
Application_1376161196,1,1,0.5489243027888446
Application_202743024,0,1,0.5489243027888446
Application_578480581,0,1,0.5489243027888446
Application_500901648,1,1,0.5489243027888446
Application_1944171441,1,1,0.5489243027888446
Application_1990285970,0,1,0.5489243027888446
Application_1294741511,1,1,0.5489243027888446
Application_1268235401,1,1,0.5489243027888446
Application_1087053459,1,1,0.5489243027888446
Application_2063746491,0,1,0.5489243027888446
Application_1982638542,1,1,0.5489243027888446
Application_514153976,1,1,0.5489243027888446
Application_434150091,1,1,0.5489243027888446
Application_1633005310,0,1,0.5489243027888446
Application_2062813997,0,1,0.5489243027888446
Application_1742086313,0,1,0.5489243027888446
Application_1312322500,0,1,0.5489243027888446
Application_947700835,0,1,0.5489243027888446
Application_429482627,1,1,0.5489243027888446
Application_135180486,1,1,0.5489243027888446
Application_834650046,1,1,0.5489243027888446
Application_816376942,0,1,0.5489243027888446
Application_456606586,1,1,0.5489243027888446
Application_483057784,0,1,0.5489243027888446
Application_624994443,0,1,0.5489243027888446
Application_465060650,1,1,0.5489243027888446
Application_322806868,1,1,0.5489243027888446
Application_1022069965,0,1,0.5489243027888446
Application_1289132611,1,1,0.5489243027888446
Application_1899900881,0,1,0.5489243027888446
Application_319276505,1,1,0.5489243027888446
Application_96304459,0,1,0.5489243027888446
Application_1576985623,1,1,0.5489243027888446
Application_1635482301,0,1,0.5489243027888446
Application_1319602969,0,1,0.5489243027888446
Application_125718857,0,1,0.5489243027888446
Application_826791651,0,1,0.5489243027888446
Application_406572229,0,1,0.5489243027888446
Application_419116262,1,1,0.5489243027888446
Application_103087302,1,1,0.5489243027888446
Application_1542605425,1,1,0.5489243027888446
Application_1670458395,0,1,0.5489243027888446
Application_1826685201,0,1,0.5489243027888446
Application_248613166,0,1,0.5489243027888446
Application_606587496,1,1,0.5489243027888446
Application_1259751461,1,1,0.5489243027888446
Application_2104220031,0,1,0.5489243027888446
Application_620031665,0,1,0.5489243027888446
Application_459407663,1,1,0.5489243027888446
Application_1747757725,0,1,0.5489243027888446
Application_1295203711,1,1,0.5489243027888446
Application_1619735813,0,1,0.5489243027888446
Application_1102726494,1,1,0.5489243027888446
Application_1612667171,1,1,0.5489243027888446
Application_773635043,0,1,0.5489243027888446
Application_963069606,1,1,0.5489243027888446
Application_805043529,1,1,0.5489243027888446
Application_1974968061,0,1,0.5489243027888446
Application_461492498,1,1,0.5489243027888446
Application_1958282351,0,1,0.5489243027888446
Application_1486078982,0,1,0.5489243027888446
Application_221786502,1,1,0.5489243027888446
Application_869220020,1,1,0.5489243027888446
Application_1568412373,1,1,0.5489243027888446
Application_213538350,1,1,0.5489243027888446
Application_1248680314,0,1,0.5489243027888446
Application_671488964,0,1,0.5489243027888446
Application_1934534935,1,1,0.5489243027888446
Application_1130621069,1,1,0.5489243027888446
Application_43229443,0,1,0.5489243027888446
Application_271787481,0,1,0.5489243027888446
Application_844845235,0,1,0.5489243027888446
Application_1476900236,0,1,0.5489243027888446
Application_1756652661,0,1,0.5489243027888446
Application_1962983064,0,1,0.5489243027888446
Application_2118883861,1,1,0.5489243027888446
Application_847875764,1,1,0.5489243027888446
Application_682347878,1,1,0.5489243027888446
Application_1613537882,1,1,0.5489243027888446
Application_1398322102,0,1,0.5489243027888446
Application_564808529,1,1,0.5489243027888446
Application_1761486530,0,1,0.5489243027888446
Application_1816863492,1,1,0.5489243027888446
Application_1003146166,0,1,0.5489243027888446
Application_1395107445,1,1,0.5489243027888446
Application_1719507589,1,1,0.5489243027888446
Application_1688063211,1,1,0.5489243027888446
Application_2067335172,1,1,0.5489243027888446
Application_1364013859,1,1,0.5489243027888446
Application_999632431,0,1,0.5489243027888446
Application_384277580,1,1,0.5489243027888446
Application_1758193094,1,1,0.5489243027888446
Application_1395990857,0,1,0.5489243027888446
Application_674467574,0,1,0.5489243027888446
Application_238430644,1,1,0.5489243027888446
Application_429161933,1,1,0.5489243027888446
Application_391897610,1,1,0.5489243027888446
Application_842716286,1,1,0.5489243027888446
Application_1474356920,1,1,0.5489243027888446
Application_1207703232,0,1,0.5489243027888446
Application_1656558410,1,1,0.5489243027888446
Application_1913610903,1,1,0.5489243027888446
Application_1190841805,0,1,0.5489243027888446
Application_1001114274,1,1,0.5489243027888446
Application_511603944,0,1,0.5489243027888446
Application_69913766,0,1,0.5489243027888446
Application_241443069,0,1,0.5489243027888446
Application_390816288,0,1,0.5489243027888446
Application_74441301,0,1,0.5489243027888446
Application_1028335742,1,1,0.5489243027888446
Application_2102194190,1,1,0.5489243027888446
Application_1176335358,0,1,0.5489243027888446
Application_420715176,0,1,0.5489243027888446
Application_228318739,0,1,0.5489243027888446
Application_807384853,1,1,0.5489243027888446
Application_1123235662,0,1,0.5489243027888446
Application_1186617043,1,1,0.5489243027888446
Application_48616900,0,1,0.5489243027888446
Application_229840349,0,1,0.5489243027888446
Application_1305073860,1,1,0.5489243027888446
Application_1763494631,0,1,0.5489243027888446
Application_1691653218,0,1,0.5489243027888446
Application_1882655907,0,1,0.5489243027888446
Application_1597138122,0,1,0.5489243027888446
Application_131965778,1,1,0.5489243027888446
Application_601219508,0,1,0.5489243027888446
Application_1206133916,1,1,0.5489243027888446
Application_856341410,1,1,0.5489243027888446
Application_472770940,1,1,0.5489243027888446
Application_1023646798,1,1,0.5489243027888446
Application_1539865472,1,1,0.5489243027888446
Application_2106009667,0,1,0.5489243027888446
Application_1399403690,1,1,0.5489243027888446
Application_1631604760,0,1,0.5489243027888446
Application_228538500,1,1,0.5489243027888446
Application_2093502340,0,1,0.5489243027888446
Application_1235145497,1,1,0.5489243027888446
Application_236577693,0,1,0.5489243027888446
Application_737606033,1,1,0.5489243027888446
Application_125959990,0,1,0.5489243027888446
Application_488752245,1,1,0.5489243027888446
Application_1200079309,0,1,0.5489243027888446
Application_1167248095,1,1,0.5489243027888446
Application_817508008,1,1,0.5489243027888446
Application_1859548293,0,1,0.5489243027888446
Application_91776621,0,1,0.5489243027888446
Application_1921145636,1,1,0.5489243027888446
Application_1355696450,0,1,0.5489243027888446
Application_550891135,0,1,0.5489243027888446
Application_105434929,0,1,0.5489243027888446
Application_539113630,0,1,0.5489243027888446
Application_390553107,1,1,0.5489243027888446
Application_258023934,1,1,0.5489243027888446
Application_1043739510,1,1,0.5489243027888446
Application_1817506213,0,1,0.5489243027888446
Application_1907801928,1,1,0.5489243027888446
Application_1085661880,1,1,0.5489243027888446
Application_744357049,1,1,0.5489243027888446
Application_1464798669,1,1,0.5489243027888446
Application_208251490,1,1,0.5489243027888446
Application_2099935440,1,1,0.5489243027888446
Application_158145312,1,1,0.5489243027888446
Application_157200774,1,1,0.5489243027888446
Application_473241090,0,1,0.5489243027888446
Application_839319778,0,1,0.5489243027888446
Application_769670015,1,1,0.5489243027888446
Application_401991590,1,1,0.5489243027888446
Application_313331619,1,1,0.5489243027888446
Application_44606820,0,1,0.5489243027888446
Application_1600840489,1,1,0.5489243027888446
Application_884534601,1,1,0.5489243027888446
Application_389338691,1,1,0.5489243027888446
Application_242423863,0,1,0.5489243027888446
Application_1529898946,0,1,0.5489243027888446
Application_2026840687,1,1,0.5489243027888446
Application_1669077820,0,1,0.5489243027888446
Application_1905583805,0,1,0.5489243027888446
Application_547388165,0,1,0.5489243027888446
Application_1301399748,0,1,0.5489243027888446
Application_227911113,1,1,0.5489243027888446
Application_1251406798,1,1,0.5489243027888446
Application_926747574,0,1,0.5489243027888446
Application_294970768,0,1,0.5489243027888446
Application_146467601,0,1,0.5489243027888446
Application_1254258895,1,1,0.5489243027888446
Application_1469190095,0,1,0.5489243027888446
Application_622759609,1,1,0.5489243027888446
Application_837217041,1,1,0.5489243027888446
Application_1002567868,0,1,0.5489243027888446
Application_1691340094,0,1,0.5489243027888446
Application_1914064930,0,1,0.5489243027888446
Application_1601588285,1,1,0.5489243027888446
Application_948445207,0,1,0.5489243027888446
Application_1198234313,1,1,0.5489243027888446
Application_183519926,1,1,0.5489243027888446
Application_1616490044,0,1,0.5489243027888446
Application_1690576895,0,1,0.5489243027888446
Application_304214284,0,1,0.5489243027888446
Application_242026080,0,1,0.5489243027888446
Application_498714194,1,1,0.5489243027888446
Application_1256604586,1,1,0.5489243027888446
Application_522578850,0,1,0.5489243027888446
Application_1596918091,1,1,0.5489243027888446
Application_454397872,1,1,0.5489243027888446
Application_1890154784,1,1,0.5489243027888446
Application_320133093,1,1,0.5489243027888446
Application_1518920904,0,1,0.5489243027888446
Application_2133828413,0,1,0.5489243027888446
Application_950739291,0,1,0.5489243027888446
Application_1649732255,0,1,0.5489243027888446
Application_1584430954,0,1,0.5489243027888446
Application_1024089863,0,1,0.5489243027888446
Application_699879086,0,1,0.5489243027888446
Application_510067941,0,1,0.5489243027888446
Application_580878200,1,1,0.5489243027888446
Application_1446043148,1,1,0.5489243027888446
Application_1521696629,1,1,0.5489243027888446
Application_142832348,1,1,0.5489243027888446
Application_795919928,1,1,0.5489243027888446
Application_1145270559,0,1,0.5489243027888446
Application_1986627137,1,1,0.5489243027888446
Application_1636659317,0,1,0.5489243027888446
Application_472320001,1,1,0.5489243027888446
Application_796198104,1,1,0.5489243027888446
Application_2059959100,1,1,0.5489243027888446
Application_715750489,0,1,0.5489243027888446
Application_252195723,0,1,0.5489243027888446
Application_177309042,1,1,0.5489243027888446
Application_830132818,1,1,0.5489243027888446
Application_1396402414,1,1,0.5489243027888446
Application_1061609344,0,1,0.5489243027888446
Application_1251803432,1,1,0.5489243027888446
Application_501690338,1,1,0.5489243027888446
Application_72110147,1,1,0.5489243027888446
Application_1420346445,1,1,0.5489243027888446
Application_375157461,1,1,0.5489243027888446
Application_707061506,1,1,0.5489243027888446
Application_1869471031,0,1,0.5489243027888446
Application_1346722124,1,1,0.5489243027888446
Application_1123402400,1,1,0.5489243027888446
Application_731024122,1,1,0.5489243027888446
Application_1202702224,1,1,0.5489243027888446
Application_1834532023,0,1,0.5489243027888446
Application_1472029656,0,1,0.5489243027888446
Application_730570072,1,1,0.5489243027888446
Application_1705068509,0,1,0.5489243027888446
Application_704311443,0,1,0.5489243027888446
Application_54290162,1,1,0.5489243027888446
Application_1244475241,0,1,0.5489243027888446
Application_527944664,0,1,0.5489243027888446
Application_411413017,0,1,0.5489243027888446
Application_1600925698,0,1,0.5489243027888446
Application_344998689,0,1,0.5489243027888446
Application_1096634112,0,1,0.5489243027888446
Application_309988784,1,1,0.5489243027888446
Application_1845988951,1,1,0.5489243027888446
Application_1656510218,0,1,0.5489243027888446
Application_662281043,1,1,0.5489243027888446
Application_472301327,1,1,0.5489243027888446
Application_1438933809,0,1,0.5489243027888446
Application_1670410559,0,1,0.5489243027888446
Application_1424424888,1,1,0.5489243027888446
Application_977404337,0,1,0.5489243027888446
Application_1705897613,0,1,0.5489243027888446
Application_427647748,0,1,0.5489243027888446
Application_874167626,0,1,0.5489243027888446
Application_511563908,0,1,0.5489243027888446
Application_1794387130,0,1,0.5489243027888446
Application_1222568421,1,1,0.5489243027888446
Application_348006244,0,1,0.5489243027888446
Application_734084927,0,1,0.5489243027888446
Application_545310813,1,1,0.5489243027888446
Application_1735419863,0,1,0.5489243027888446
Application_132415986,1,1,0.5489243027888446
Application_73731371,0,1,0.5489243027888446
Application_1756609605,1,1,0.5489243027888446
Application_356707934,0,1,0.5489243027888446
Application_816158074,0,1,0.5489243027888446
Application_726307664,0,1,0.5489243027888446
Application_247014049,0,1,0.5489243027888446
Application_1248133491,1,1,0.5489243027888446
Application_64360728,0,1,0.5489243027888446
Application_1422566899,1,1,0.5489243027888446
Application_1076267702,0,1,0.5489243027888446
Application_1925312246,1,1,0.5489243027888446
Application_1440531646,0,1,0.5489243027888446
Application_1990518220,1,1,0.5489243027888446
Application_2146510026,1,1,0.5489243027888446
Application_1925249196,1,1,0.5489243027888446
Application_1359982228,0,1,0.5489243027888446
Application_62547622,0,1,0.5489243027888446
Application_717860332,1,1,0.5489243027888446
Application_1774393650,1,1,0.5489243027888446
Application_1833543407,0,1,0.5489243027888446
Application_1447085496,0,1,0.5489243027888446
Application_1763148577,0,1,0.5489243027888446
Application_2023998015,1,1,0.5489243027888446
Application_445451577,1,1,0.5489243027888446
Application_68169913,0,1,0.5489243027888446
Application_1073769593,1,1,0.5489243027888446
Application_1772653667,1,1,0.5489243027888446
Application_759966350,0,1,0.5489243027888446
Application_1517753959,1,1,0.5489243027888446
Application_1369515779,1,1,0.5489243027888446
Application_791953519,1,1,0.5489243027888446
Application_63353190,0,1,0.5489243027888446
Application_160003850,0,1,0.5489243027888446
Application_567969025,1,1,0.5489243027888446
Application_216490542,1,1,0.5489243027888446
Application_713888323,1,1,0.5489243027888446
Application_1899322200,0,1,0.5489243027888446
Application_1718125663,1,1,0.5489243027888446
Application_635961265,1,1,0.5489243027888446
Application_196897237,1,1,0.5489243027888446
Application_7240047,1,1,0.5489243027888446
Application_2133247369,0,1,0.5489243027888446
Application_1837331483,1,1,0.5489243027888446
Application_1259810621,1,1,0.5489243027888446
Application_1449518436,0,1,0.5489243027888446
Application_1581835262,1,1,0.5489243027888446
Application_1995429442,1,1,0.5489243027888446
Application_509226930,1,1,0.5489243027888446
Application_1440003038,0,1,0.5489243027888446
Application_574438686,1,1,0.5489243027888446
Application_2060651887,1,1,0.5489243027888446
Application_1871662711,0,1,0.5489243027888446
Application_69508445,1,1,0.5489243027888446
Application_562376851,1,1,0.5489243027888446
Application_905537894,0,1,0.5489243027888446
Application_87979435,0,1,0.5489243027888446
Application_159413614,0,1,0.5489243027888446
Application_358719047,1,1,0.5489243027888446
Application_1357676096,0,1,0.5489243027888446
Application_2073930539,0,1,0.5489243027888446
Application_1649679763,0,1,0.5489243027888446
Application_727235919,0,1,0.5489243027888446
Application_91560007,1,1,0.5489243027888446
Application_449764986,1,1,0.5489243027888446
Application_2131037404,0,1,0.5489243027888446
Application_1657954071,1,1,0.5489243027888446
Application_1364310567,0,1,0.5489243027888446
Application_1056924498,0,1,0.5489243027888446
Application_1361632912,1,1,0.5489243027888446
Application_2076812467,1,1,0.5489243027888446
Application_1171303407,0,1,0.5489243027888446
Application_724622213,1,1,0.5489243027888446
Application_726405167,1,1,0.5489243027888446
Application_1556332679,1,1,0.5489243027888446
Application_1088305734,1,1,0.5489243027888446
Application_2133672696,1,1,0.5489243027888446
Application_1366758339,1,1,0.5489243027888446
Application_138984809,0,1,0.5489243027888446
Application_1086182019,1,1,0.5489243027888446
Application_1448741572,1,1,0.5489243027888446
Application_208025497,0,1,0.5489243027888446
Application_1152608339,0,1,0.5489243027888446
Application_657313890,1,1,0.5489243027888446
Application_1723013026,0,1,0.5489243027888446
Application_1939318281,1,1,0.5489243027888446
Application_995003683,0,1,0.5489243027888446
Application_333750415,0,1,0.5489243027888446
Application_1866179922,0,1,0.5489243027888446
Application_257218041,1,1,0.5489243027888446
Application_101540725,1,1,0.5489243027888446
Application_425876981,1,1,0.5489243027888446
Application_1149906160,0,1,0.5489243027888446
Application_1444652783,0,1,0.5489243027888446
Application_1568196538,0,1,0.5489243027888446
Application_881471119,1,1,0.5489243027888446
Application_2023303619,0,1,0.5489243027888446
Application_1955274322,1,1,0.5489243027888446
Application_1516067273,1,1,0.5489243027888446
Application_278409526,0,1,0.5489243027888446
Application_935224559,0,1,0.5489243027888446
Application_720508715,1,1,0.5489243027888446
Application_366773259,1,1,0.5489243027888446
Application_429480937,1,1,0.5489243027888446
Application_1010579931,1,1,0.5489243027888446
Application_1638196726,0,1,0.5489243027888446
Application_1423276028,1,1,0.5489243027888446
Application_1765839113,0,1,0.5489243027888446
Application_914591581,0,1,0.5489243027888446
Application_567704531,1,1,0.5489243027888446
Application_379851390,1,1,0.5489243027888446
Application_846387353,1,1,0.5489243027888446
Application_496688865,0,1,0.5489243027888446
Application_281817768,1,1,0.5489243027888446
Application_238247352,1,1,0.5489243027888446
Application_1980119112,1,1,0.5489243027888446
Application_1230789489,0,1,0.5489243027888446
Application_531039968,1,1,0.5489243027888446
Application_1508412981,0,1,0.5489243027888446
Application_1634619568,0,1,0.5489243027888446
Application_1931888690,1,1,0.5489243027888446
Application_1211453918,0,1,0.5489243027888446
Application_928850755,0,1,0.5489243027888446
Application_848940095,1,1,0.5489243027888446
Application_566989428,0,1,0.5489243027888446
Application_235120908,1,1,0.5489243027888446
Application_652307166,1,1,0.5489243027888446
Application_865571965,1,1,0.5489243027888446
Application_576025779,0,1,0.5489243027888446
Application_162819257,0,1,0.5489243027888446
Application_2109451552,1,1,0.5489243027888446
Application_705321101,1,1,0.5489243027888446
Application_886906159,1,1,0.5489243027888446
Application_52615781,0,1,0.5489243027888446
Application_933010263,0,1,0.5489243027888446
Application_617035977,1,1,0.5489243027888446
Application_19485364,1,1,0.5489243027888446
Application_1888981731,0,1,0.5489243027888446
Application_1443446332,1,1,0.5489243027888446
Application_1503318376,1,1,0.5489243027888446
Application_206510393,1,1,0.5489243027888446
Application_921271215,1,1,0.5489243027888446
Application_1210486698,0,1,0.5489243027888446
Application_499448595,1,1,0.5489243027888446
Application_1935686311,1,1,0.5489243027888446
Application_954294342,1,1,0.5489243027888446
Application_232908541,1,1,0.5489243027888446
Application_506728302,0,1,0.5489243027888446
Application_861923294,1,1,0.5489243027888446
Application_1469964020,1,1,0.5489243027888446
Application_1853593768,0,1,0.5489243027888446
Application_2108691979,1,1,0.5489243027888446
Application_159075089,1,1,0.5489243027888446
Application_1800884069,1,1,0.5489243027888446
Application_1938585575,1,1,0.5489243027888446
Application_1623166177,1,1,0.5489243027888446
Application_613322431,1,1,0.5489243027888446
Application_1275810391,1,1,0.5489243027888446
Application_1300944492,0,1,0.5489243027888446
Application_942665232,0,1,0.5489243027888446
Application_2140398412,1,1,0.5489243027888446
Application_1939679303,0,1,0.5489243027888446
Application_1505953522,1,1,0.5489243027888446
Application_1223636711,0,1,0.5489243027888446
Application_574722304,1,1,0.5489243027888446
Application_218935050,1,1,0.5489243027888446
Application_541755335,1,1,0.5489243027888446
Application_1240900910,1,1,0.5489243027888446
Application_1979534631,0,1,0.5489243027888446
Application_88370644,1,1,0.5489243027888446
Application_467462527,1,1,0.5489243027888446
Application_1170818565,0,1,0.5489243027888446
Application_981045818,1,1,0.5489243027888446
Application_2118703101,0,1,0.5489243027888446
Application_349291575,1,1,0.5489243027888446
Application_538446285,0,1,0.5489243027888446
Application_1050012939,0,1,0.5489243027888446
Application_194702089,0,1,0.5489243027888446
Application_1652572414,0,1,0.5489243027888446
Application_888511202,0,1,0.5489243027888446
Application_2086836037,1,1,0.5489243027888446
Application_513111665,0,1,0.5489243027888446
Application_1277023399,1,1,0.5489243027888446
Application_944027092,0,1,0.5489243027888446
Application_1203310471,0,1,0.5489243027888446
Application_587334519,0,1,0.5489243027888446
Application_2017278363,1,1,0.5489243027888446
Application_1814104190,1,1,0.5489243027888446
Application_1592036910,1,1,0.5489243027888446
Application_1114775234,1,1,0.5489243027888446
Application_892981638,1,1,0.5489243027888446
Application_2131721658,1,1,0.5489243027888446
Application_100853745,0,1,0.5489243027888446
Application_661022130,0,1,0.5489243027888446
Application_847355266,1,1,0.5489243027888446
Application_2016773681,0,1,0.5489243027888446
Application_1391906687,1,1,0.5489243027888446
Application_119439312,0,1,0.5489243027888446
Application_1317497251,0,1,0.5489243027888446
Application_942110520,0,1,0.5489243027888446
Application_49190546,0,1,0.5489243027888446
Application_847312063,1,1,0.5489243027888446
Application_1604706641,1,1,0.5489243027888446
Application_1944618138,0,1,0.5489243027888446
Application_1737604202,1,1,0.5489243027888446
Application_1531680018,1,1,0.5489243027888446
Application_2146359852,1,1,0.5489243027888446
Application_1323717038,0,1,0.5489243027888446
Application_840319917,0,1,0.5489243027888446
Application_1270379726,0,1,0.5489243027888446
Application_637658579,1,1,0.5489243027888446
Application_1063029257,1,1,0.5489243027888446
Application_713507046,0,1,0.5489243027888446
Application_1586981976,1,1,0.5489243027888446
Application_1397993015,1,1,0.5489243027888446
Application_702998309,1,1,0.5489243027888446
Application_220112,0,1,0.5489243027888446
Application_595653145,1,1,0.5489243027888446
Application_1956283946,0,1,0.5489243027888446
Application_1466122701,0,1,0.5489243027888446
Application_1812318096,0,1,0.5489243027888446
Application_1083688690,1,1,0.5489243027888446
Application_1433215421,0,1,0.5489243027888446
Application_739987633,0,1,0.5489243027888446
Application_123758220,1,1,0.5489243027888446
Application_1076932760,0,1,0.5489243027888446
Application_1809866027,0,1,0.5489243027888446
Application_2528658,0,1,0.5489243027888446
Application_217082987,0,1,0.5489243027888446
Application_735430709,0,1,0.5489243027888446
Application_992021980,1,1,0.5489243027888446
Application_1931667450,0,1,0.5489243027888446
Application_1775428933,1,1,0.5489243027888446
Application_687714265,0,1,0.5489243027888446
Application_1760710948,1,1,0.5489243027888446
Application_2118190331,1,1,0.5489243027888446
Application_769590861,0,1,0.5489243027888446
Application_1102243338,1,1,0.5489243027888446
Application_1931358760,1,1,0.5489243027888446
Application_1170149194,0,1,0.5489243027888446
Application_458203317,0,1,0.5489243027888446
Application_560335551,1,1,0.5489243027888446
Application_904462466,1,1,0.5489243027888446
Application_1410774737,0,1,0.5489243027888446
Application_1125233866,1,1,0.5489243027888446
Application_2053523741,0,1,0.5489243027888446
Application_1322965783,1,1,0.5489243027888446
Application_1738323716,0,1,0.5489243027888446
Application_1700453452,0,1,0.5489243027888446
Application_60311652,1,1,0.5489243027888446
Application_1015522224,0,1,0.5489243027888446
Application_2102311097,1,1,0.5489243027888446
Application_1634597540,0,1,0.5489243027888446
Application_1013496029,0,1,0.5489243027888446
Application_195053177,1,1,0.5489243027888446
Application_229644529,0,1,0.5489243027888446
Application_1418041387,0,1,0.5489243027888446
Application_1059851748,1,1,0.5489243027888446
Application_129022590,0,1,0.5489243027888446
Application_343501813,1,1,0.5489243027888446
Application_1710813445,0,1,0.5489243027888446
Application_140048308,1,1,0.5489243027888446
Application_1540449226,0,1,0.5489243027888446
Application_1204089991,0,1,0.5489243027888446
Application_1564372447,1,1,0.5489243027888446
Application_686843208,1,1,0.5489243027888446
Application_1011449253,1,1,0.5489243027888446
Application_882719698,0,1,0.5489243027888446
Application_701643096,0,1,0.5489243027888446
Application_2108788489,0,1,0.5489243027888446
Application_1392309869,1,1,0.5489243027888446
Application_1090606231,1,1,0.5489243027888446
Application_451653094,1,1,0.5489243027888446
Application_1660981636,1,1,0.5489243027888446
Application_1318153169,0,1,0.5489243027888446
Application_2089121798,1,1,0.5489243027888446
Application_243970966,1,1,0.5489243027888446
Application_20422820,1,1,0.5489243027888446
Application_656422328,0,1,0.5489243027888446
Application_130839886,1,1,0.5489243027888446
Application_2144121980,0,1,0.5489243027888446
Application_1512607613,1,1,0.5489243027888446
Application_1767165931,0,1,0.5489243027888446
Application_1959306775,1,1,0.5489243027888446
Application_767619670,0,1,0.5489243027888446
Application_814003882,1,1,0.5489243027888446
Application_261020841,1,1,0.5489243027888446
Application_2030124555,0,1,0.5489243027888446
Application_1078441982,1,1,0.5489243027888446
Application_1727146404,1,1,0.5489243027888446
Application_2041039158,1,1,0.5489243027888446
Application_1342479260,1,1,0.5489243027888446
Application_777790214,0,1,0.5489243027888446
Application_201290364,0,1,0.5489243027888446
Application_1007516030,1,1,0.5489243027888446
Application_1449742723,1,1,0.5489243027888446
Application_1067190693,1,1,0.5489243027888446
Application_843880240,0,1,0.5489243027888446
Application_148953278,1,1,0.5489243027888446
Application_1443058892,0,1,0.5489243027888446
Application_1219810283,1,1,0.5489243027888446
Application_14678751,1,1,0.5489243027888446
Application_372887894,0,1,0.5489243027888446
Application_145687907,0,1,0.5489243027888446
Application_1581842297,0,1,0.5489243027888446
Application_658199813,1,1,0.5489243027888446
Application_1732558342,0,1,0.5489243027888446
Application_1411706021,0,1,0.5489243027888446
Application_993551362,0,1,0.5489243027888446
Application_735531610,1,1,0.5489243027888446
Application_1384903164,1,1,0.5489243027888446
Application_489968350,1,1,0.5489243027888446
Application_1050826945,1,1,0.5489243027888446
Application_1865878674,0,1,0.5489243027888446
Application_2079352801,0,1,0.5489243027888446
Application_836643620,0,1,0.5489243027888446
Application_622231919,0,1,0.5489243027888446
Application_516936074,0,1,0.5489243027888446
Application_344097245,0,1,0.5489243027888446
Application_1165350009,1,1,0.5489243027888446
Application_1825535812,0,1,0.5489243027888446
Application_1769684418,1,1,0.5489243027888446
Application_1097624027,1,1,0.5489243027888446
Application_473380178,0,1,0.5489243027888446
Application_725733853,0,1,0.5489243027888446
Application_1176372876,1,1,0.5489243027888446
Application_851976076,1,1,0.5489243027888446
Application_1521819397,0,1,0.5489243027888446
Application_1928755301,1,1,0.5489243027888446
Application_2017081495,0,1,0.5489243027888446
Application_1986864007,1,1,0.5489243027888446
Application_1291876657,1,1,0.5489243027888446
Application_1068641466,1,1,0.5489243027888446
Application_269274043,0,1,0.5489243027888446
Application_522530819,0,1,0.5489243027888446
Application_164627438,1,1,0.5489243027888446
Application_477865802,1,1,0.5489243027888446
Application_924845483,0,1,0.5489243027888446
Application_1469675638,1,1,0.5489243027888446
Application_1254888275,1,1,0.5489243027888446
Application_781155845,0,1,0.5489243027888446
Application_165868800,1,1,0.5489243027888446
Application_158534171,0,1,0.5489243027888446
Application_1053351118,1,1,0.5489243027888446
Application_244480567,1,1,0.5489243027888446
Application_2013092298,0,1,0.5489243027888446
Application_2024039503,0,1,0.5489243027888446
Application_961923966,1,1,0.5489243027888446
Application_1016778548,1,1,0.5489243027888446
Application_68620955,1,1,0.5489243027888446
Application_257145798,1,1,0.5489243027888446
Application_1620218906,1,1,0.5489243027888446
Application_1612709224,1,1,0.5489243027888446
Application_1894445869,0,1,0.5489243027888446
Application_458485755,0,1,0.5489243027888446
Application_538245491,0,1,0.5489243027888446
Application_888280534,1,1,0.5489243027888446
Application_750701241,1,1,0.5489243027888446
Application_535920840,1,1,0.5489243027888446
Application_162163279,1,1,0.5489243027888446
Application_1611309750,1,1,0.5489243027888446
Application_910028508,1,1,0.5489243027888446
Application_1189117993,0,1,0.5489243027888446
Application_898682531,0,1,0.5489243027888446
Application_469259850,0,1,0.5489243027888446
Application_48166613,0,1,0.5489243027888446
Application_1026537393,0,1,0.5489243027888446
Application_1250140735,1,1,0.5489243027888446
Application_260311774,0,1,0.5489243027888446
Application_89338654,1,1,0.5489243027888446
Application_674990050,1,1,0.5489243027888446
Application_1166441303,0,1,0.5489243027888446
Application_600275596,0,1,0.5489243027888446
Application_672076662,1,1,0.5489243027888446
Application_490798513,1,1,0.5489243027888446
Application_1181449425,0,1,0.5489243027888446
Application_242285000,1,1,0.5489243027888446
Application_149740685,0,1,0.5489243027888446
Application_473958694,0,1,0.5489243027888446
Application_821166786,0,1,0.5489243027888446
Application_471531433,0,1,0.5489243027888446
Application_960353524,1,1,0.5489243027888446
Application_602332422,1,1,0.5489243027888446
Application_506199022,0,1,0.5489243027888446
Application_1268423061,0,1,0.5489243027888446
Application_594032894,1,1,0.5489243027888446
Application_496626090,1,1,0.5489243027888446
Application_1570059554,1,1,0.5489243027888446
Application_812090672,1,1,0.5489243027888446
Application_1190582100,0,1,0.5489243027888446
Application_144896742,0,1,0.5489243027888446
Application_235124275,0,1,0.5489243027888446
Application_288149746,1,1,0.5489243027888446
Application_98481559,1,1,0.5489243027888446
Application_1488744890,0,1,0.5489243027888446
Application_1181343060,0,1,0.5489243027888446
Application_1456725714,0,1,0.5489243027888446
Application_810684538,0,1,0.5489243027888446
Application_1322563969,1,1,0.5489243027888446
Application_608741500,1,1,0.5489243027888446
Application_1244985500,0,1,0.5489243027888446
Application_311608004,0,1,0.5489243027888446
Application_477347990,1,1,0.5489243027888446
Application_1536154411,0,1,0.5489243027888446
Application_597870415,1,1,0.5489243027888446
Application_1741871294,1,1,0.5489243027888446
Application_1884152306,1,1,0.5489243027888446
Application_1273397750,1,1,0.5489243027888446
Application_83766113,1,1,0.5489243027888446
Application_1879472364,0,1,0.5489243027888446
Application_1897505822,1,1,0.5489243027888446
Application_1248866426,0,1,0.5489243027888446
Application_819763295,0,1,0.5489243027888446
Application_596694536,0,1,0.5489243027888446
Application_55032348,0,1,0.5489243027888446
Application_323815579,0,1,0.5489243027888446
Application_800012445,1,1,0.5489243027888446
Application_1398947853,1,1,0.5489243027888446
Application_315713743,1,1,0.5489243027888446
Application_67524538,1,1,0.5489243027888446
Application_478594077,1,1,0.5489243027888446
Application_1177964671,1,1,0.5489243027888446
Application_1299558679,0,1,0.5489243027888446
Application_1553094955,0,1,0.5489243027888446
Application_1877584615,0,1,0.5489243027888446
Application_1186210756,0,1,0.5489243027888446
Application_398604232,0,1,0.5489243027888446
Application_403050246,0,1,0.5489243027888446
Application_1400453918,0,1,0.5489243027888446
Application_910553000,1,1,0.5489243027888446
Application_1218321608,0,1,0.5489243027888446
Application_1431541349,0,1,0.5489243027888446
Application_1607208848,0,1,0.5489243027888446
Application_1038568085,0,1,0.5489243027888446
Application_2124154186,0,1,0.5489243027888446
Application_1534677416,1,1,0.5489243027888446
Application_1724359898,0,1,0.5489243027888446
Application_1088144213,0,1,0.5489243027888446
Application_575315073,0,1,0.5489243027888446
Application_1292717690,0,1,0.5489243027888446
Application_1507569145,0,1,0.5489243027888446
Application_930360796,1,1,0.5489243027888446
Application_1995565356,0,1,0.5489243027888446
Application_1806077821,0,1,0.5489243027888446
Application_2130663585,0,1,0.5489243027888446
Application_1503520688,1,1,0.5489243027888446
Application_1280168713,0,1,0.5489243027888446
Application_840561404,1,1,0.5489243027888446
Application_289978097,1,1,0.5489243027888446
Application_607744520,0,1,0.5489243027888446
Application_1528644410,1,1,0.5489243027888446
Application_1502525690,0,1,0.5489243027888446
Application_87131485,0,1,0.5489243027888446
Application_718038013,0,1,0.5489243027888446
Application_456698969,1,1,0.5489243027888446
Application_10226694,1,1,0.5489243027888446
Application_1905033774,1,1,0.5489243027888446
Application_956314976,1,1,0.5489243027888446
Application_1314660127,1,1,0.5489243027888446
Application_324725057,1,1,0.5489243027888446
Application_682334885,1,1,0.5489243027888446
Application_623419462,0,1,0.5489243027888446
Application_457634247,1,1,0.5489243027888446
Application_1822980124,0,1,0.5489243027888446
Application_1204504979,0,1,0.5489243027888446
Application_217659158,0,1,0.5489243027888446
Application_498361333,0,1,0.5489243027888446
Application_1300414618,0,1,0.5489243027888446
Application_584542438,1,1,0.5489243027888446
Application_744347637,1,1,0.5489243027888446
Application_1751932238,1,1,0.5489243027888446
Application_1975311192,0,1,0.5489243027888446
Application_1826628650,0,1,0.5489243027888446
Application_1568705555,1,1,0.5489243027888446
Application_1331937055,1,1,0.5489243027888446
Application_133656076,0,1,0.5489243027888446
Application_533938154,0,1,0.5489243027888446
Application_367518257,1,1,0.5489243027888446
Application_548266088,1,1,0.5489243027888446
Application_1603607754,0,1,0.5489243027888446
Application_369352662,1,1,0.5489243027888446
Application_1270772824,0,1,0.5489243027888446
Application_1923175458,1,1,0.5489243027888446
Application_1830330262,1,1,0.5489243027888446
Application_1198919634,1,1,0.5489243027888446
Application_222839327,0,1,0.5489243027888446
Application_269523042,1,1,0.5489243027888446
Application_585633052,1,1,0.5489243027888446
Application_1305623736,1,1,0.5489243027888446
Application_1041804033,1,1,0.5489243027888446
Application_1535139589,0,1,0.5489243027888446
Application_1381700202,0,1,0.5489243027888446
Application_1506964328,0,1,0.5489243027888446
Application_712864514,0,1,0.5489243027888446
Application_337171996,0,1,0.5489243027888446
Application_299430656,1,1,0.5489243027888446
Application_861681242,0,1,0.5489243027888446
Application_1596066079,1,1,0.5489243027888446
Application_587519320,0,1,0.5489243027888446
Application_372456525,0,1,0.5489243027888446
Application_263309025,0,1,0.5489243027888446
Application_946413213,0,1,0.5489243027888446
Application_1039191375,1,1,0.5489243027888446
Application_254045828,1,1,0.5489243027888446
Application_377939370,1,1,0.5489243027888446
Application_1183810144,0,1,0.5489243027888446
Application_1398777870,0,1,0.5489243027888446
Application_1814688365,0,1,0.5489243027888446
Application_1751571908,1,1,0.5489243027888446
Application_785238766,1,1,0.5489243027888446
Application_832057009,0,1,0.5489243027888446
Application_1181636340,0,1,0.5489243027888446
Application_478240779,1,1,0.5489243027888446
Application_288862349,1,1,0.5489243027888446
Application_344444367,0,1,0.5489243027888446
Application_892739637,1,1,0.5489243027888446
Application_1786240451,1,1,0.5489243027888446
Application_1055522547,1,1,0.5489243027888446
Application_858068540,1,1,0.5489243027888446
Application_1755320006,1,1,0.5489243027888446
Application_62126540,0,1,0.5489243027888446
Application_266976061,1,1,0.5489243027888446
Application_663993599,0,1,0.5489243027888446
Application_592637105,1,1,0.5489243027888446
Application_1881842235,1,1,0.5489243027888446
Application_2015889423,1,1,0.5489243027888446
Application_1899765973,0,1,0.5489243027888446
Application_1196296078,0,1,0.5489243027888446
Application_1553018097,1,1,0.5489243027888446
Application_631587664,1,1,0.5489243027888446
Application_307213807,0,1,0.5489243027888446
Application_487837355,0,1,0.5489243027888446
Application_163600875,0,1,0.5489243027888446
Application_127090472,0,1,0.5489243027888446
Application_908845024,0,1,0.5489243027888446
Application_1659067728,1,1,0.5489243027888446
Application_2038559947,1,1,0.5489243027888446
Application_1932580833,1,1,0.5489243027888446
Application_1047815162,1,1,0.5489243027888446
Application_857634035,0,1,0.5489243027888446
Application_128936338,1,1,0.5489243027888446
Application_216061222,0,1,0.5489243027888446
Application_506341680,1,1,0.5489243027888446
Application_1235233905,0,1,0.5489243027888446
Application_1425234599,1,1,0.5489243027888446
Application_1985389192,0,1,0.5489243027888446
Application_1660880921,1,1,0.5489243027888446
Application_1605639627,0,1,0.5489243027888446
Application_1281199569,1,1,0.5489243027888446
Application_722729820,0,1,0.5489243027888446
Application_72514552,1,1,0.5489243027888446
Application_542837145,0,1,0.5489243027888446
Application_867172664,1,1,0.5489243027888446
Application_65307205,0,1,0.5489243027888446
Application_684536307,0,1,0.5489243027888446
Application_1008848932,0,1,0.5489243027888446
Application_1548659687,0,1,0.5489243027888446
Application_1198596650,1,1,0.5489243027888446
Application_1926351537,1,1,0.5489243027888446
Application_2023342635,1,1,0.5489243027888446
Application_1159562501,0,1,0.5489243027888446
Application_218585226,1,1,0.5489243027888446
Application_570026516,1,1,0.5489243027888446
Application_2018452703,1,1,0.5489243027888446
Application_211410066,0,1,0.5489243027888446
Application_217163587,1,1,0.5489243027888446
Application_1427318023,0,1,0.5489243027888446
Application_1660322928,1,1,0.5489243027888446
Application_1775961548,1,1,0.5489243027888446
Application_1055648332,0,1,0.5489243027888446
Application_1444544030,0,1,0.5489243027888446
Application_1726812265,0,1,0.5489243027888446
Application_388982134,0,1,0.5489243027888446
Application_391663554,1,1,0.5489243027888446
Application_52637026,1,1,0.5489243027888446
Application_1548619869,0,1,0.5489243027888446
Application_267160125,0,1,0.5489243027888446
Application_679916716,0,1,0.5489243027888446
Application_1667612160,0,1,0.5489243027888446
Application_1994437056,0,1,0.5489243027888446
Application_403404439,1,1,0.5489243027888446
Application_803374351,1,1,0.5489243027888446
Application_81340347,0,1,0.5489243027888446
Application_1988978577,0,1,0.5489243027888446
Application_1446933781,1,1,0.5489243027888446
Application_391617926,0,1,0.5489243027888446
Application_132371996,1,1,0.5489243027888446
Application_1572640461,1,1,0.5489243027888446
Application_2014986834,1,1,0.5489243027888446
Application_1648425665,0,1,0.5489243027888446
Application_1659632502,1,1,0.5489243027888446
Application_1992334936,0,1,0.5489243027888446
Application_1371916895,0,1,0.5489243027888446
Application_1213601605,1,1,0.5489243027888446
Application_493148167,0,1,0.5489243027888446
Application_690259244,0,1,0.5489243027888446
Application_1254314632,1,1,0.5489243027888446
Application_938526981,0,1,0.5489243027888446
Application_1886595681,0,1,0.5489243027888446
Application_2012649270,0,1,0.5489243027888446
Application_1452571698,0,1,0.5489243027888446
Application_1206746120,1,1,0.5489243027888446
Application_271354179,0,1,0.5489243027888446
Application_280819840,1,1,0.5489243027888446
Application_1203453672,0,1,0.5489243027888446
Application_944872559,0,1,0.5489243027888446
Application_234244386,0,1,0.5489243027888446
Application_1419215445,0,1,0.5489243027888446
Application_1506518255,0,1,0.5489243027888446
Application_2014291061,0,1,0.5489243027888446
Application_2012801414,0,1,0.5489243027888446
Application_1789535619,1,1,0.5489243027888446
Application_1422289499,1,1,0.5489243027888446
Application_173826941,1,1,0.5489243027888446
Application_584055749,0,1,0.5489243027888446
Application_1892177671,0,1,0.5489243027888446
Application_1255807279,1,1,0.5489243027888446
Application_1964992476,1,1,0.5489243027888446
Application_1312774650,1,1,0.5489243027888446
Application_1069793799,0,1,0.5489243027888446
Application_1715369188,1,1,0.5489243027888446
Application_581575651,1,1,0.5489243027888446
Application_813290165,0,1,0.5489243027888446
Application_143345509,0,1,0.5489243027888446
Application_601450685,1,1,0.5489243027888446
Application_441224195,1,1,0.5489243027888446
Application_355045913,1,1,0.5489243027888446
Application_1563342673,0,1,0.5489243027888446
Application_1994134418,0,1,0.5489243027888446
Application_1779214801,0,1,0.5489243027888446
Application_1871293757,1,1,0.5489243027888446
Application_203699573,0,1,0.5489243027888446
Application_910678714,1,1,0.5489243027888446
Application_171367276,1,1,0.5489243027888446
Application_871474450,1,1,0.5489243027888446
Application_2000725110,0,1,0.5489243027888446
Application_1257655392,1,1,0.5489243027888446
Application_1076971157,1,1,0.5489243027888446
Application_593504885,0,1,0.5489243027888446
Application_1782010296,1,1,0.5489243027888446
Application_1430774137,0,1,0.5489243027888446
Application_1430205739,0,1,0.5489243027888446
Application_296817651,0,1,0.5489243027888446
Application_625784341,1,1,0.5489243027888446
Application_806179171,0,1,0.5489243027888446
Application_926354715,1,1,0.5489243027888446
Application_1107607942,1,1,0.5489243027888446
Application_1986970421,1,1,0.5489243027888446
Application_1233498462,0,1,0.5489243027888446
Application_1481977845,1,1,0.5489243027888446
Application_272438983,0,1,0.5489243027888446
Application_915151764,0,1,0.5489243027888446
Application_666587749,0,1,0.5489243027888446
Application_486188359,0,1,0.5489243027888446
Application_1568546217,0,1,0.5489243027888446
Application_1792326483,1,1,0.5489243027888446
Application_378168775,0,1,0.5489243027888446
Application_551233581,1,1,0.5489243027888446
Application_337803852,1,1,0.5489243027888446
Application_488603488,0,1,0.5489243027888446
Application_236759502,0,1,0.5489243027888446
Application_129816772,0,1,0.5489243027888446
Application_922669832,1,1,0.5489243027888446
Application_160163429,1,1,0.5489243027888446
Application_514516624,1,1,0.5489243027888446
Application_164152785,0,1,0.5489243027888446
Application_1569534118,1,1,0.5489243027888446
Application_814208823,1,1,0.5489243027888446
Application_1130116171,1,1,0.5489243027888446
Application_1769949181,0,1,0.5489243027888446
Application_841084918,1,1,0.5489243027888446
Application_1836826811,1,1,0.5489243027888446
Application_954233630,1,1,0.5489243027888446
Application_916438034,0,1,0.5489243027888446
Application_592054830,1,1,0.5489243027888446
Application_1229830292,1,1,0.5489243027888446
Application_1953761964,1,1,0.5489243027888446
Application_379906515,1,1,0.5489243027888446
Application_702903601,1,1,0.5489243027888446
Application_1534897397,0,1,0.5489243027888446
Application_2045042705,1,1,0.5489243027888446
Application_868295384,1,1,0.5489243027888446
Application_1500059522,0,1,0.5489243027888446
Application_955824026,1,1,0.5489243027888446
Application_477310662,1,1,0.5489243027888446
Application_604847823,1,1,0.5489243027888446
Application_381687362,1,1,0.5489243027888446
Application_1790927441,0,1,0.5489243027888446
Application_1995896700,1,1,0.5489243027888446
Application_1941058447,0,1,0.5489243027888446
Application_1939845148,1,1,0.5489243027888446
Application_957766894,0,1,0.5489243027888446
Application_1896239575,1,1,0.5489243027888446
Application_82353525,0,1,0.5489243027888446
Application_398145910,0,1,0.5489243027888446
Application_992214561,1,1,0.5489243027888446
Application_619152743,0,1,0.5489243027888446
Application_302909261,0,1,0.5489243027888446
Application_1065521969,0,1,0.5489243027888446
Application_463787640,1,1,0.5489243027888446
Application_644677439,1,1,0.5489243027888446
Application_16766247,1,1,0.5489243027888446
Application_1098949698,0,1,0.5489243027888446
Application_1145618193,1,1,0.5489243027888446
Application_268386026,0,1,0.5489243027888446
Application_2087565219,1,1,0.5489243027888446
Application_1317584206,1,1,0.5489243027888446
Application_967777558,0,1,0.5489243027888446
Application_1139883069,1,1,0.5489243027888446
Application_251117652,1,1,0.5489243027888446
Application_115615538,1,1,0.5489243027888446
Application_208547968,1,1,0.5489243027888446
Application_508058444,1,1,0.5489243027888446
Application_1897895464,1,1,0.5489243027888446
Application_1454914218,1,1,0.5489243027888446
Application_1313948571,1,1,0.5489243027888446
Application_1638658091,0,1,0.5489243027888446
Application_1605798904,0,1,0.5489243027888446
Application_1795338235,1,1,0.5489243027888446
Application_2058015247,1,1,0.5489243027888446
Application_1732926428,0,1,0.5489243027888446
Application_1101048882,1,1,0.5489243027888446
Application_970502155,1,1,0.5489243027888446
Application_603184043,0,1,0.5489243027888446
Application_327906091,1,1,0.5489243027888446
Application_1894263677,0,1,0.5489243027888446
Application_939316996,1,1,0.5489243027888446
Application_1659601112,0,1,0.5489243027888446
Application_2003062161,1,1,0.5489243027888446
Application_921400054,1,1,0.5489243027888446
Application_1136165010,1,1,0.5489243027888446
Application_1080844867,0,1,0.5489243027888446
Application_1982634211,1,1,0.5489243027888446
Application_1537097696,1,1,0.5489243027888446
Application_1718051306,1,1,0.5489243027888446
Application_1047582740,1,1,0.5489243027888446
Application_1494383403,0,1,0.5489243027888446
Application_504778583,0,1,0.5489243027888446
Application_215812182,1,1,0.5489243027888446
Application_142058100,0,1,0.5489243027888446
Application_1788970459,0,1,0.5489243027888446
Application_2087370744,0,1,0.5489243027888446
Application_210311121,1,1,0.5489243027888446
Application_513852915,0,1,0.5489243027888446
Application_291963023,0,1,0.5489243027888446
Application_1937962025,1,1,0.5489243027888446
Application_1579444231,1,1,0.5489243027888446
Application_1509384817,1,1,0.5489243027888446
Application_1631210332,0,1,0.5489243027888446
Application_1855944075,0,1,0.5489243027888446
Application_1424417284,1,1,0.5489243027888446
Application_1437729547,1,1,0.5489243027888446
Application_2001932949,0,1,0.5489243027888446
Application_634831049,0,1,0.5489243027888446
Application_453816713,1,1,0.5489243027888446
Application_1130698396,1,1,0.5489243027888446
Application_316115232,0,1,0.5489243027888446
Application_920418478,1,1,0.5489243027888446
Application_1817528156,1,1,0.5489243027888446
Application_1720416885,1,1,0.5489243027888446
Application_1152743776,1,1,0.5489243027888446
Application_1068338293,1,1,0.5489243027888446
Application_718523864,1,1,0.5489243027888446
Application_579821311,0,1,0.5489243027888446
Application_1062041374,0,1,0.5489243027888446
Application_753322555,0,1,0.5489243027888446
Application_1473749161,1,1,0.5489243027888446
Application_1724202676,1,1,0.5489243027888446
Application_860031407,1,1,0.5489243027888446
Application_8639196,0,1,0.5489243027888446
Application_1269425537,1,1,0.5489243027888446
Application_948762898,1,1,0.5489243027888446
Application_1691382379,0,1,0.5489243027888446
Application_1816860043,0,1,0.5489243027888446
Application_1369957045,1,1,0.5489243027888446
Application_28309282,1,1,0.5489243027888446
Application_1223783277,1,1,0.5489243027888446
Application_1373811154,1,1,0.5489243027888446
Application_187009614,0,1,0.5489243027888446
Application_533038097,1,1,0.5489243027888446
Application_942530347,0,1,0.5489243027888446
Application_140100899,0,1,0.5489243027888446
Application_511609780,0,1,0.5489243027888446
Application_882997950,0,1,0.5489243027888446
Application_1232417767,1,1,0.5489243027888446
Application_1812517027,0,1,0.5489243027888446
Application_915017332,0,1,0.5489243027888446
Application_1035361851,1,1,0.5489243027888446
Application_49585910,0,1,0.5489243027888446
Application_544505161,1,1,0.5489243027888446
Application_806033516,1,1,0.5489243027888446
Application_1458471269,0,1,0.5489243027888446
Application_1581084985,1,1,0.5489243027888446
Application_1067190799,0,1,0.5489243027888446
Application_688832703,0,1,0.5489243027888446
Application_788182565,1,1,0.5489243027888446
Application_1217715016,0,1,0.5489243027888446
Application_1728492857,1,1,0.5489243027888446
Application_1917923627,1,1,0.5489243027888446
Application_1677844905,1,1,0.5489243027888446
Application_1303072211,0,1,0.5489243027888446
Application_603873624,0,1,0.5489243027888446
Application_1677722680,0,1,0.5489243027888446
Application_1542780878,0,1,0.5489243027888446
Application_434636699,0,1,0.5489243027888446
Application_361521807,1,1,0.5489243027888446
Application_1220291031,0,1,0.5489243027888446
Application_1768475674,1,1,0.5489243027888446
Application_1865447865,0,1,0.5489243027888446
Application_1069275163,1,1,0.5489243027888446
Application_694330916,1,1,0.5489243027888446
Application_909810703,0,1,0.5489243027888446
Application_531062056,1,1,0.5489243027888446
Application_1092048449,0,1,0.5489243027888446
Application_188935499,0,1,0.5489243027888446
Application_1485563285,1,1,0.5489243027888446
Application_838340812,0,1,0.5489243027888446
Application_1706320755,1,1,0.5489243027888446
Application_587688925,0,1,0.5489243027888446
Application_1162516931,0,1,0.5489243027888446
Application_1573701770,1,1,0.5489243027888446
Application_231970224,1,1,0.5489243027888446
Application_424432627,1,1,0.5489243027888446
Application_1662637174,1,1,0.5489243027888446
Application_1986755838,0,1,0.5489243027888446
Application_1747554764,1,1,0.5489243027888446
Application_560012181,1,1,0.5489243027888446
Application_1607247834,1,1,0.5489243027888446
Application_1603738355,1,1,0.5489243027888446
Application_1792687095,1,1,0.5489243027888446
Application_237690186,1,1,0.5489243027888446
Application_406889230,1,1,0.5489243027888446
Application_600788947,0,1,0.5489243027888446
Application_1562801332,1,1,0.5489243027888446
Application_837266390,1,1,0.5489243027888446
Application_520194586,0,1,0.5489243027888446
Application_1131485787,1,1,0.5489243027888446
Application_1512962191,1,1,0.5489243027888446
Application_1159709495,0,1,0.5489243027888446
Application_511114636,1,1,0.5489243027888446
Application_702203713,1,1,0.5489243027888446
Application_1287686643,0,1,0.5489243027888446
Application_1637883702,1,1,0.5489243027888446
Application_2000018435,0,1,0.5489243027888446
Application_61571417,0,1,0.5489243027888446
Application_1778929740,1,1,0.5489243027888446
Application_1589286873,1,1,0.5489243027888446
Application_380535005,0,1,0.5489243027888446
Application_142254881,1,1,0.5489243027888446
Application_47037036,0,1,0.5489243027888446
Application_718432981,1,1,0.5489243027888446
Application_638408365,1,1,0.5489243027888446
Application_168516850,1,1,0.5489243027888446
Application_779559950,1,1,0.5489243027888446
Application_2105628468,1,1,0.5489243027888446
Application_1563029665,1,1,0.5489243027888446
Application_1120379399,0,1,0.5489243027888446
Application_79391457,1,1,0.5489243027888446
Application_1729852643,1,1,0.5489243027888446
Application_813308967,1,1,0.5489243027888446
Application_1937646963,1,1,0.5489243027888446
Application_1722592475,0,1,0.5489243027888446
Application_45251359,1,1,0.5489243027888446
Application_586430010,1,1,0.5489243027888446
Application_1843232594,1,1,0.5489243027888446
Application_1746250121,1,1,0.5489243027888446
Application_809632541,1,1,0.5489243027888446
Application_1168372021,1,1,0.5489243027888446
Application_1669672980,1,1,0.5489243027888446
Application_14097006,0,1,0.5489243027888446
Application_1229851589,0,1,0.5489243027888446
Application_1616238013,1,1,0.5489243027888446
Application_1280325005,1,1,0.5489243027888446
Application_1544952493,1,1,0.5489243027888446
Application_1217378577,1,1,0.5489243027888446
Application_770397679,0,1,0.5489243027888446
Application_117342811,0,1,0.5489243027888446
Application_965278193,1,1,0.5489243027888446
Application_1331346987,1,1,0.5489243027888446
Application_1107993134,1,1,0.5489243027888446
Application_59622033,1,1,0.5489243027888446
Application_303923658,1,1,0.5489243027888446
Application_1350494635,0,1,0.5489243027888446
