case_id,y_true,y_pred,y_prob_success
Application_1498483020,1,1,0.6575451815174662
Application_1046222107,1,1,0.5601857073014336
Application_1235896381,0,1,0.5835963409015377
Application_1985757094,0,1,0.7098911570305951
Application_396092392,0,1,0.6053313145265947
Application_585529210,1,1,0.570384054341004
Application_1751900898,1,1,0.6064892009090379
Application_867435788,1,1,0.7279961155886895
Application_543098684,1,1,0.5912222156898235
Application_1090974006,1,1,0.6222115721386504
Application_2087713022,0,1,0.5774898389384301
Application_564404935,1,1,0.5657017410129862
Application_455173433,0,1,0.5955277602375654
Application_644684670,1,1,0.53847006387259
Application_1693078902,0,1,0.7079284696897943
Application_1010578897,1,1,0.5351896359490051
Application_1357377502,0,0,0.40827529680856695
Application_624172486,1,1,0.5866439819571518
Application_1505059688,1,0,0.42040193585700586
Application_978274104,1,1,0.8417423555442133
Application_1842370876,0,1,0.5627616365924089
Application_2081673241,0,1,0.5639192528048805
Application_631740354,1,0,0.36287591049401746
Application_1714501335,0,0,0.422130359143015
Application_117660615,0,1,0.5929408131171449
Application_307362226,1,1,0.7230246185146445
Application_2010104450,0,1,0.5595994522853541
Application_1334997155,1,0,0.36154168207628234
Application_885372391,0,0,0.35254894090203226
Application_160157720,1,0,0.4931980720354466
Application_1012862839,0,0,0.2933789380028041
Application_269862060,1,0,0.3809927701902519
Application_46540488,1,1,0.5722306507131725
Application_1858211642,1,1,0.7378177654037816
Application_453987424,1,1,0.751441582196121
Application_1711867932,0,0,0.4636841127353718
Application_979102055,1,0,0.49548697118642915
Application_1382204301,0,1,0.6449601541731886
Application_1731267696,0,1,0.7141430801844273
Application_192716320,0,1,0.5006352613185168
Application_324026343,0,1,0.653416312863814
Application_308032472,1,1,0.6006383586155851
Application_1838195672,0,1,0.5855343131773236
Application_597372127,0,1,0.6870077750454258
Application_1386933499,1,1,0.6746049343533359
Application_2023800195,1,0,0.48930040691725796
Application_164778672,1,1,0.5903316703840179
Application_1007340039,1,0,0.4384445452355706
Application_1188845730,1,1,0.5871219756580096
Application_890075702,0,1,0.6688734357202166
Application_814961445,1,1,0.6761066867566743
Application_1987831323,0,1,0.5954525166214273
Application_1385143613,1,0,0.4666653114661602
Application_1875782782,0,1,0.803187153298587
Application_2061162957,1,1,0.6765020188178653
Application_269524897,1,1,0.6856666201880288
Application_463412629,1,1,0.5663588707564248
Application_129573767,0,1,0.6835155471881312
Application_485368165,0,1,0.585191353382961
Application_102597720,1,1,0.5647776459792636
Application_617431825,1,1,0.6796451834820588
Application_259502445,1,1,0.5974083805236753
Application_2014297760,1,1,0.6503042023020402
Application_805397283,1,1,0.6515411716827871
Application_598655970,0,1,0.7047428627544652
Application_1362664914,1,1,0.6185932908728792
Application_777232558,1,0,0.49476949431824224
Application_461107030,1,1,0.5514856915718591
Application_296888635,1,0,0.4933056221296586
Application_1975160417,1,1,0.6292464064354197
Application_1599405351,1,1,0.5058421418618279
Application_765925420,1,1,0.605461300895562
Application_458227713,0,1,0.5283956541271755
Application_982338727,1,1,0.5437414254589477
Application_257082685,0,1,0.5204205706245922
Application_42337394,1,0,0.4882627549791982
Application_465715339,0,0,0.443761892582087
Application_1654318352,0,1,0.5204050239163666
Application_808224273,0,1,0.544004920818183
Application_1109722425,0,1,0.6742696540970597
Application_424064154,0,0,0.3767219112385915
Application_608775916,0,1,0.5677826004201327
Application_617376389,1,1,0.5553294920796756
Application_780791841,1,1,0.5338689925725154
Application_2144842406,1,1,0.5973312245384564
Application_1791993593,1,1,0.5734929643548083
Application_92624898,1,1,0.7551192327917757
Application_1896366046,1,1,0.559511158173084
Application_1947622904,1,1,0.7896190102346796
Application_1315782276,1,1,0.8593794949718873
Application_1264408299,0,1,0.5270008536318802
Application_1580298940,0,1,0.6458097318831235
Application_1608263264,1,1,0.8316332866260642
Application_1966250349,1,1,0.5971100070088248
Application_270506031,0,1,0.6230366339758665
Application_130658775,1,1,0.571596044335091
Application_1835001438,0,0,0.356699109097373
Application_1339399261,0,1,0.6680168687928324
Application_398311287,0,1,0.6148800994655413
Application_579349612,1,0,0.43693593344097775
Application_1299856399,1,1,0.7023226244890852
Application_1118691851,1,1,0.5570706716915131
Application_1118317851,1,1,0.626890218753893
Application_760288041,1,0,0.4835125490165562
Application_132830260,1,1,0.6811624221163065
Application_835024653,0,0,0.44647058130529516
Application_466597591,1,1,0.5490889381632641
Application_150503991,0,1,0.5317878316598367
Application_373875255,0,1,0.5086030481639424
Application_1998100072,1,1,0.6645913821993056
Application_1774613964,0,1,0.5464440654080568
Application_203678331,0,1,0.5502613162081349
Application_1634751250,0,1,0.6766404880302607
Application_1079589,0,0,0.31800476334477285
Application_1585601222,0,1,0.6637967271415344
Application_1309710626,1,1,0.6146007795235159
Application_1142291922,0,1,0.5451621313189768
Application_799850065,1,1,0.747363422212186
Application_1733106091,1,0,0.3325029888347887
Application_1934171280,1,1,0.753409094209298
Application_1487539906,0,1,0.5868591397948643
Application_1489786126,0,0,0.36780785089509194
Application_1630717104,1,1,0.5479339748627031
Application_345753341,0,1,0.6541394784325424
Application_173122257,0,0,0.37285744480873706
Application_1274866621,0,1,0.6544483248792383
Application_536009009,1,0,0.41731049351899746
Application_1151598575,1,0,0.38970136269164196
Application_1332066828,0,1,0.5562594995564344
Application_580014021,1,1,0.5025595399666906
Application_904306212,1,0,0.31704477233038253
Application_403304705,1,1,0.7598360675690482
Application_2069545303,1,1,0.6470883511615717
Application_1778799137,0,1,0.6307630637582452
Application_139141595,1,1,0.6364461263145864
Application_492258182,0,0,0.4763382438794413
Application_577888910,1,1,0.5552515886695425
Application_496050212,1,1,0.6343970221082331
Application_137438189,1,1,0.636727721636328
Application_495428388,0,1,0.5193062574217471
Application_853712921,1,1,0.7606110204601803
Application_1364469216,0,1,0.6840191931434532
Application_1276203911,1,0,0.28376641235004685
Application_937270089,0,0,0.4947887709404376
Application_1944447595,1,0,0.35822492198967365
Application_1722936368,1,0,0.3979280368081961
Application_1069511528,0,1,0.67233243245765
Application_1273931422,0,1,0.5433184456039458
Application_1104839673,1,1,0.5557333127881119
Application_492292182,1,1,0.7431113068313956
Application_416188880,1,1,0.5647154920119988
Application_1980887074,1,0,0.4935485702755939
Application_1294558199,0,0,0.40475546434944365
Application_1602891050,0,0,0.2680806767061876
Application_867400149,1,1,0.5259202692990957
Application_1056831748,1,1,0.7617223122981316
Application_206790509,1,1,0.6620652352253444
Application_994315361,0,1,0.5580132396029865
Application_1424659757,1,1,0.5607707143284848
Application_2018809027,0,1,0.580696689928411
Application_1096460123,1,1,0.503457932651871
Application_1639814791,1,0,0.4494943800798402
Application_109718783,0,1,0.5714574673940005
Application_1281070255,0,1,0.74534663772685
Application_633655173,0,0,0.33181215266196223
Application_848421176,1,1,0.7057376926119933
Application_440813334,1,0,0.2540395418236622
Application_418738843,1,1,0.7089466817411206
Application_1978331738,1,0,0.2589171754586523
Application_1303460272,1,1,0.627966907611931
Application_1558264214,1,1,0.5473644412853297
Application_2016510614,1,1,0.6896901032456445
Application_1291464093,1,0,0.4730204787579392
Application_575764720,1,1,0.6180736107592818
Application_1207519267,0,0,0.3503515480174971
Application_498556066,1,0,0.42299026165359493
Application_1411809915,0,1,0.5694585700804574
Application_1803710713,1,0,0.2688628176859025
Application_1930612093,1,0,0.3849227770331224
Application_1193407725,0,0,0.33640617141823587
Application_413991815,1,1,0.6569225858470227
Application_2004968371,1,0,0.4107863475570316
Application_159448414,0,0,0.31417343288290367
Application_199304010,0,1,0.5392064920596479
Application_584717195,0,1,0.6211018331802748
Application_229012140,1,0,0.31866289673417697
Application_200417599,1,1,0.528642036247021
Application_844863430,1,1,0.5041427484414035
Application_1352726942,0,0,0.2966930851910918
Application_1670398352,1,1,0.5367706895086513
Application_346568508,0,0,0.48913361042106346
Application_776477117,1,0,0.445925180651905
Application_1286125502,1,0,0.4638909316173191
Application_1027859705,0,0,0.49096070228811967
Application_1688232773,1,1,0.5455719528731262
Application_1857366417,0,0,0.41221870583128967
Application_1031465496,1,1,0.5188306548336711
Application_1416635588,1,0,0.4935890707107664
Application_2014671768,0,0,0.35139520079045256
Application_685452919,1,0,0.49433000396413584
Application_306086229,0,0,0.4691458335300231
Application_397038537,0,0,0.4962420551532968
Application_1750932659,1,0,0.43432661584917626
Application_1473464035,1,1,0.5996858245114353
Application_1666420643,1,0,0.49424411739365637
Application_2095793548,1,1,0.6105194456620033
Application_448783031,1,1,0.7687856784639189
Application_1331809820,1,1,0.5842235397356108
Application_1698334648,0,1,0.5666362404648958
Application_1505236670,1,1,0.7203422060597494
Application_1706866981,1,1,0.7402317746159862
Application_301727231,1,0,0.3894393640944187
Application_2124127933,1,1,0.5541771402734024
Application_1863192115,1,1,0.717551515950924
Application_1194664458,1,1,0.7582725898341601
Application_1375807341,1,1,0.6846295169312339
Application_2133818678,1,1,0.6900919031474803
Application_1343499545,1,1,0.6215387117820087
Application_146114459,0,1,0.5754716450378166
Application_422637212,1,1,0.664724671092558
Application_1234365113,1,1,0.5626648382689016
Application_1668457930,1,1,0.5776591442435017
Application_877522071,1,1,0.6148397069206728
Application_1920432865,0,1,0.6046268949288458
Application_198284297,0,1,0.5934233378107181
Application_500790886,1,1,0.6215543775157205
Application_875614911,0,1,0.686453084170724
Application_768742802,1,1,0.5958650854022867
Application_1270826821,1,1,0.8669255721352073
Application_357880380,0,1,0.687505978373307
Application_151961393,1,1,0.5724094223613279
Application_1523986735,0,1,0.6562595097353113
Application_1991464898,1,1,0.692462145457379
Application_1953838407,1,1,0.6259410530077546
Application_1225769256,0,1,0.6094965780410732
Application_1089290640,1,1,0.683628779996932
Application_734009956,1,1,0.6471339516575325
Application_1225025970,0,1,0.5496492725975638
Application_427316676,0,0,0.4680137648082116
Application_1549000634,0,1,0.5643571980678129
Application_1995644843,0,1,0.6084347408703474
Application_1672037226,0,1,0.6027766506354622
Application_312224974,0,0,0.4220048470264484
Application_12315854,1,1,0.6018560260454703
Application_1651532326,1,1,0.5964705315390776
Application_768687683,0,0,0.45301058224303964
Application_1425820279,1,1,0.5105564699587855
Application_1799331916,1,0,0.364147690901161
Application_348990686,0,0,0.4808935087551517
Application_496532501,1,1,0.5987185323750922
Application_1063026978,1,0,0.26791695510538466
Application_84195997,1,1,0.520459820511567
Application_1417653464,0,0,0.4484514079466946
Application_1775767690,0,1,0.5208476979507812
Application_1213009008,1,1,0.6212122438906844
Application_497474417,1,1,0.7014336979460041
Application_2139692519,1,1,0.5962586276177724
Application_1836370033,1,1,0.6200399148116108
Application_1052164642,1,0,0.38855728796279276
Application_11454632,0,0,0.3700296023096482
Application_1735095439,1,1,0.6038677830891946
Application_1093861933,1,1,0.7553199186553062
Application_1941614665,0,1,0.6037057196597106
Application_79681847,0,0,0.3661603764916371
Application_1413720992,1,1,0.6087810686827912
Application_1760797021,1,1,0.6122925979261671
Application_1846291324,0,1,0.614458851494488
Application_5901167,1,1,0.6226721189307078
Application_270571049,1,1,0.5610594004232995
Application_1944896918,0,1,0.5630469581947652
Application_1632505002,0,0,0.4605434617962833
Application_200942443,1,1,0.61870411888593
Application_1194573334,0,1,0.5865677923470698
Application_1485367187,1,1,0.5497103551066471
Application_1708591985,1,1,0.526178115052303
Application_276603327,0,0,0.48004605725626115
Application_1038660996,0,1,0.6293971344028058
Application_1223092363,1,1,0.6467539093750216
Application_1529928107,1,1,0.5263957994834929
Application_2116628095,1,1,0.5918157856491372
Application_1691065242,0,0,0.3523732724308051
Application_639466397,0,1,0.5781148730406485
Application_2122822719,0,1,0.5499563182189229
Application_1607821509,0,0,0.3941040023758371
Application_1867138516,0,1,0.6045432371890618
Application_1509336603,1,1,0.5679053419273591
Application_1218332981,1,0,0.436614798407195
Application_1201250492,1,1,0.5500153032710487
Application_1559533192,1,0,0.46565048412202475
Application_656903784,1,1,0.7162516692167223
Application_1107513596,0,1,0.6065895245243508
Application_417539169,1,1,0.7661202051830658
Application_2046377218,0,1,0.6161312438447433
Application_1486220145,0,1,0.5486736536534201
Application_842022801,1,1,0.6510263685605626
Application_1680183215,1,1,0.5339942167477936
Application_2038146278,1,1,0.5433590516661124
Application_380770908,0,0,0.4955693032200033
Application_1282746821,1,1,0.5749972761805394
Application_1710523057,1,0,0.4571851583999262
Application_945696184,1,0,0.4788987599297572
Application_647413273,0,0,0.49066203464756875
Application_1877362067,1,0,0.4485318486317926
Application_977273044,1,0,0.4636373683439656
Application_1771690507,0,0,0.4179662926436678
Application_1034775753,1,0,0.32560511567247813
Application_1156380786,1,1,0.5335389416760772
Application_2056174200,1,0,0.3657220505941064
Application_1288727835,0,1,0.5621658803874477
Application_2036474370,1,0,0.4645284208355344
Application_1538042026,1,1,0.5182713776444684
Application_394037983,0,1,0.5892159907122235
Application_339123229,0,1,0.7572474072478002
Application_1476487383,1,0,0.27582753991966363
Application_1221269355,1,0,0.38601316462244234
Application_858789639,0,1,0.5874496484823357
Application_2114671174,1,1,0.5379649977505011
Application_1752144011,0,0,0.4696705705886664
Application_625101684,1,1,0.6770633012079653
Application_449256078,0,0,0.3553860994420717
Application_949156991,1,0,0.4947410042162916
Application_112299550,0,0,0.2676676844414697
Application_894204901,1,1,0.5384627096587042
Application_327297232,1,1,0.6347090105476134
Application_134173506,0,0,0.28969379779698023
Application_697031349,1,1,0.7622293809367598
Application_1324680297,1,1,0.7476531574923303
Application_590215732,0,1,0.5981432028532111
Application_804644820,1,1,0.7209444336585755
Application_8404955,1,1,0.7441319101942945
Application_2086545012,1,0,0.35834488074441373
Application_1951442644,1,1,0.5706378662246019
Application_1521189869,1,1,0.5562690655991755
Application_1267533811,1,1,0.5584285645528391
Application_1140019355,0,1,0.5332179010621708
Application_2071863649,0,0,0.44020371714489115
Application_368529383,1,1,0.5998714755188601
Application_1304842887,0,1,0.5336793097801098
Application_455972560,0,1,0.5412588194490087
Application_2116062822,0,0,0.4363785829171033
Application_1732251203,1,1,0.6489820409158904
Application_942579594,0,0,0.4564813090775756
Application_375142001,1,1,0.760830452289327
Application_58375214,0,1,0.6961571251156442
Application_308066254,1,0,0.32894617202804005
Application_1174968511,0,0,0.47251867197965614
Application_699052493,1,1,0.8004671415393787
Application_131244628,1,1,0.6237218713292436
Application_1331492368,1,0,0.39208732201023816
Application_589186855,0,1,0.5323651922936525
Application_795733035,1,0,0.47265503695585087
Application_123834627,1,1,0.5120263694483816
Application_951361217,1,0,0.37173412824298707
Application_1248532589,0,0,0.4485987672136695
Application_19269284,0,1,0.6323552623023998
Application_346988751,1,1,0.7080925071756776
Application_2073034588,1,1,0.7394217318533735
Application_2091517201,1,1,0.8046189827682263
Application_1775620157,1,1,0.7339045917433408
Application_998666405,0,0,0.2732391559608183
Application_1756698619,1,0,0.28179354819228947
Application_1273835556,0,1,0.7059315611220639
Application_2086754710,0,1,0.6309753651326255
Application_1771092914,0,0,0.39374819086317997
Application_2081457336,1,1,0.6585255666553709
Application_380969432,0,1,0.5444587235347396
Application_48361308,0,0,0.4599052243792799
Application_317789291,0,1,0.6637022352952348
Application_2121050611,0,1,0.7608205545356365
Application_1039200421,1,0,0.444534192091568
Application_1472653306,1,1,0.7025579516121211
Application_1123655418,1,0,0.2828094206786015
Application_823830081,1,1,0.5972031993363821
Application_1321952381,1,1,0.5193220764263596
Application_2121891434,1,1,0.5632196069847809
Application_140463362,1,1,0.579972525632869
Application_1265044597,0,1,0.5552488665398657
Application_1437966300,1,0,0.45811485731941193
Application_616416650,0,1,0.58450135708863
Application_354974392,1,1,0.759566129729279
Application_738335164,0,0,0.45892136568843306
Application_1200105859,0,1,0.6772282331087068
Application_116887817,0,1,0.6854465898359059
Application_2029271670,0,0,0.44427283895550074
Application_596574084,1,1,0.508881268366404
Application_586969154,1,1,0.5820164334506456
Application_2031841757,1,1,0.6884497808397628
Application_2047886665,0,1,0.6014686794817494
Application_246097895,1,0,0.40230490564839766
Application_1768409536,0,0,0.4770703397038279
Application_1140214785,1,0,0.4451548410052161
Application_1452620578,1,1,0.5299421662071514
Application_1316556140,1,0,0.4346408726516209
Application_558507947,0,0,0.3669918389754034
Application_377692746,0,1,0.5339363771134367
Application_664337168,0,0,0.46560410958428017
Application_1157455039,0,0,0.4240102829327677
Application_892427793,0,0,0.4859913820211169
Application_1524859554,0,0,0.4351010886739744
Application_441988653,1,1,0.5952185606844409
Application_70606235,0,1,0.5199831080900261
Application_2051974818,1,1,0.6544054737475408
Application_88952849,0,1,0.6976908209874079
Application_1121095468,1,1,0.6309523173548001
Application_1487829407,1,1,0.6946149376948032
Application_2091145908,1,1,0.5841696854776004
Application_527482957,0,0,0.4850206083491858
Application_1781633903,1,1,0.5651228019564244
Application_1600471037,0,1,0.7620340064268545
Application_2111959979,1,1,0.6324253083759782
Application_1959538261,1,1,0.773924431272238
Application_54902350,1,1,0.5991235564796228
Application_707770540,1,1,0.769676069050221
Application_793997351,0,1,0.6262519155064513
Application_528558455,0,1,0.665718158965342
Application_576386053,1,1,0.6367418762714719
Application_1254474288,1,1,0.5376747130246332
Application_306812685,0,1,0.5347681609300999
Application_1601194488,0,0,0.46118355517750065
Application_166936167,1,1,0.6229193509253041
Application_981954059,0,0,0.4760162978218325
Application_1837286038,0,1,0.6290183633324312
Application_1479317863,0,1,0.5819993817580553
Application_216444008,1,1,0.7701053474259256
Application_620336293,1,0,0.3931309890981627
Application_396978498,1,1,0.7357987029448532
Application_940705047,0,1,0.5871735531830784
Application_308748254,1,1,0.6778985680829869
Application_597522926,1,1,0.5734780154723722
Application_1970703703,0,1,0.684419067196404
Application_1680088322,1,1,0.8033041904595499
Application_125846800,1,1,0.6047469887189211
Application_467957342,1,1,0.5475073061465439
Application_1169664042,1,1,0.5468918354135794
Application_1475968760,0,1,0.5285531160348097
Application_957957984,0,1,0.6713922797305985
Application_616910723,0,0,0.37417626741380483
Application_643047755,1,1,0.565108003339717
Application_2111973389,1,0,0.4690334810284326
Application_92984842,1,1,0.5525597063572013
Application_286137335,0,1,0.5272258370333881
Application_1569475999,1,1,0.5956571513188047
Application_2033120546,1,1,0.5578985380132472
Application_84533120,1,1,0.5396315303626944
Application_111867995,1,0,0.4719394131849242
Application_1533785960,1,0,0.4493355255478782
Application_1963219466,0,1,0.5417076594102133
Application_1820504290,0,1,0.5553152848759193
Application_1336423282,1,1,0.53467668819542
Application_610454003,0,1,0.5480615531632843
Application_260702936,1,0,0.2845619973066928
Application_955811445,1,1,0.588568263973849
Application_632866158,0,0,0.3690111210727888
Application_372912766,0,1,0.5663159153356789
Application_747812656,1,1,0.5272672116542859
Application_1852538604,0,1,0.6496172088266505
Application_770018911,0,0,0.41043120488794854
Application_292866700,0,1,0.5970750589777497
Application_995537269,1,1,0.5201571101804158
Application_1449066412,1,0,0.432680311065542
Application_251304842,1,0,0.4328954291030362
Application_376118809,1,1,0.5114551196078791
Application_750872976,0,1,0.6123246383282425
Application_1756143119,0,0,0.39372516146705916
Application_1684641986,1,1,0.7098026644711977
Application_681711857,1,1,0.5409084710252013
Application_1671150390,1,0,0.47464559877237394
Application_1241865852,0,0,0.49639264153449686
Application_1743002787,1,0,0.40255488423044294
Application_1835983478,1,1,0.6005676767429781
Application_310417357,0,0,0.39735625932764734
Application_1603793312,1,0,0.46498692900587163
Application_1027449105,1,1,0.5899635989794644
Application_565689430,1,1,0.6263469939617117
Application_637748400,0,1,0.6086954658207253
Application_1192817854,1,0,0.3972091945933776
Application_299209464,1,0,0.4520050562249377
Application_118076535,0,1,0.5054977601893702
Application_1571539418,1,1,0.5036522150283638
Application_1180779910,0,1,0.5167954632391843
Application_676903448,1,1,0.6942834382667092
Application_1292771933,0,1,0.5477622355146068
Application_1281227660,1,1,0.5085880617447746
Application_1091454310,1,1,0.6099490966570585
Application_2067187791,1,1,0.5518874983101479
Application_203590810,0,1,0.6191155053543982
Application_350793850,1,0,0.3993406009501331
Application_835755263,1,0,0.4684791153688435
Application_1277464254,0,1,0.5535778196705343
Application_1559916934,0,1,0.5539609386101503
Application_1909723515,1,1,0.6006525058528827
Application_349709198,1,0,0.41051405851482914
Application_96732613,1,0,0.4623072643520778
Application_1291843877,1,1,0.5894913626687123
Application_1616117711,0,1,0.5690466351957478
Application_1035618893,1,1,0.636353962568992
Application_115387399,0,1,0.5526221410935112
Application_516500707,0,1,0.5389081558598959
Application_207185826,0,0,0.3938409147231496
Application_906296960,0,0,0.4091404436701807
Application_1151718196,1,1,0.6036859281500057
Application_856935152,0,0,0.3844352872101505
Application_1324210895,0,1,0.5540830981849613
Application_2024477286,0,1,0.568095799112637
Application_567052727,1,1,0.5387113048248114
Application_242826105,0,1,0.6162993502852601
Application_976227600,1,0,0.4914091510798297
Application_1152706558,0,1,0.5296077572103507
Application_828330778,1,1,0.5775284493303663
Application_1289012778,1,0,0.4658092924919578
Application_1988195018,0,1,0.647509849751592
Application_1004385970,1,1,0.5626889246534215
Application_823313933,0,0,0.46230421691432294
Application_1501607525,1,1,0.8190710151125542
Application_1185560776,1,1,0.6499276403812304
Application_884403770,1,1,0.533459103097207
Application_188928908,1,1,0.6412181434141443
Application_426803060,1,1,0.5736360696068022
Application_1777192556,0,1,0.5393747807971939
Application_1145195394,0,0,0.3844411340977524
Application_2099334395,0,1,0.626720258262444
Application_637712751,1,0,0.30059422330990854
Application_1147242139,1,1,0.5964379305671673
Application_280615913,1,1,0.5785026439621652
Application_192191311,0,1,0.6550519180920761
Application_1281219916,1,1,0.6094286646915221
Application_1282418399,0,1,0.5617710583304746
Application_1353848792,1,1,0.7637400929858374
Application_201115305,1,0,0.44589218789522295
Application_1896375934,1,1,0.5578532739749378
Application_1173481848,1,1,0.6646478935016772
Application_815196626,1,1,0.639802180828472
Application_280347903,1,1,0.5656530715432302
Application_1757112551,0,1,0.6177740678516158
Application_421465179,0,0,0.32445537296350646
Application_97480244,0,1,0.5734811557389431
Application_1273899378,0,1,0.5813013796539561
Application_1172008352,1,1,0.5485052180617569
Application_199635820,0,1,0.5058465176488667
Application_561835971,1,1,0.5211429625864706
Application_785158436,1,1,0.6997817805164032
Application_197229144,0,0,0.4337348417395931
Application_413047262,1,0,0.4746655001559286
Application_1151306652,1,1,0.5763841382971744
Application_767764149,0,1,0.7185031632814212
Application_1307592624,1,1,0.6902027564571344
Application_2089979544,1,1,0.7060802583309151
Application_1736978527,0,1,0.6122432897933703
Application_1660705348,1,1,0.6199126513261481
Application_739670840,1,1,0.6399493692597006
Application_1182794641,1,0,0.3802682201799086
Application_435186946,0,0,0.47697943569359413
Application_85502316,0,1,0.5073990228570945
Application_1733732825,1,1,0.6140921342276815
Application_802752710,1,1,0.7620744511397042
Application_1614113082,0,0,0.25526860932288853
Application_2060708769,1,1,0.5667917624655672
Application_1271570199,1,0,0.3540878788227519
Application_2025018320,1,1,0.6368524725324584
Application_1769060911,1,1,0.6651017659170332
Application_1662487403,1,1,0.5050707657011838
Application_412434860,1,1,0.6466259266911055
Application_196951548,1,1,0.7826119298330727
Application_948141705,1,1,0.782593442211462
Application_104922918,0,1,0.570446784537693
Application_2022507317,1,1,0.6076612802124527
Application_2128191185,0,1,0.5332483433867846
Application_764226645,1,1,0.7911801998208388
Application_591439695,1,1,0.781700246046723
Application_918979468,0,1,0.5517529081018862
Application_1989234441,0,1,0.7599452968602128
Application_1664858516,1,1,0.7549456662596528
Application_408864407,0,1,0.5528054184791437
Application_345264629,0,1,0.6219256406916196
Application_37787490,1,0,0.4858639956226632
Application_1365116675,1,1,0.7476528161660014
Application_952114406,0,1,0.6334394104908727
Application_590010761,1,1,0.6406747052125402
Application_1317388562,1,1,0.5331066868866227
Application_721895690,1,1,0.5545083252145783
Application_1046524820,1,1,0.6215497665261136
Application_1370945476,0,1,0.5212734146205971
Application_584583269,1,1,0.6038435878527034
Application_908012089,0,1,0.6737423328907808
Application_398065440,0,1,0.5325326923383635
Application_31519304,0,1,0.6068057066076827
Application_1119346613,1,1,0.539152505927884
Application_474380883,1,1,0.6584489222862805
Application_1669477442,1,1,0.57080845375346
Application_714768274,0,1,0.5420034034711627
Application_354855594,0,1,0.6245260534667156
Application_294013307,1,1,0.6650625963119339
Application_172695266,1,0,0.39926228626104393
Application_781529602,1,1,0.5125019534848076
Application_1481242369,0,0,0.4200757402201489
Application_585298607,0,0,0.39370329496118683
Application_728981441,0,1,0.6091814884326615
Application_943868855,1,1,0.7427815481979245
Application_1449370855,1,1,0.6191541757578108
Application_1664236078,1,1,0.5629035846320264
Application_1914483239,1,1,0.6091791075182055
Application_178100585,0,1,0.6412329668215135
Application_946802204,1,1,0.5209117486896273
Application_1118794258,1,1,0.8075505915886073
Application_690024942,1,1,0.609175495632184
Application_1879232225,0,0,0.4197329904646791
Application_2042834818,0,1,0.6173298677065777
Application_2020581879,0,0,0.49092711911235887
Application_1343349327,0,0,0.4215485868655666
Application_481277636,0,1,0.7099746625654852
Application_910003252,0,1,0.5506296517234589
Application_1099663893,0,1,0.5606037218110685
Application_253227112,1,1,0.6446573184061781
Application_158230798,1,0,0.4250869002211106
Application_1665515241,1,1,0.5461121412844884
Application_1341133743,0,1,0.6889437780298429
Application_1154947942,1,0,0.49163040376664385
Application_1874674743,1,1,0.5934495095885535
Application_129565630,1,0,0.46520375616856924
Application_1104784494,0,1,0.5937651468326828
Application_255370233,1,1,0.7092646534457383
Application_1263939811,1,1,0.5552274192912584
Application_245123210,1,1,0.5073950875471527
Application_89083515,1,0,0.3899401173336022
Application_684289625,0,1,0.6244351489240886
Application_972388617,0,0,0.3513670592665199
Application_227670423,1,1,0.6125133524066264
Application_1623687781,0,0,0.486472270170836
Application_1096081779,1,1,0.6958072630468706
Application_1801822059,0,1,0.6043072613643091
Application_1444191625,0,1,0.6020932836717297
Application_811825935,1,0,0.49347218661261216
Application_440695787,1,1,0.5599169426140186
Application_793873060,1,1,0.5518889885984632
Application_1173289988,0,1,0.532472647522974
Application_1738270116,0,1,0.5700342122718863
Application_346829278,0,1,0.5686943532106696
Application_1618215402,1,1,0.6631759379085065
Application_1706151514,0,1,0.5777433124659418
Application_1084951999,1,0,0.4334952287569924
Application_1108410496,1,1,0.5483990749602531
Application_1331678337,0,0,0.42552264940029205
Application_409154003,1,1,0.5633747599213915
Application_1400741815,0,1,0.6250144008678011
Application_1780196758,0,1,0.613898378422535
Application_99697167,0,1,0.5823606786199029
Application_697324457,1,1,0.5419014952438749
Application_1669392427,1,1,0.5387330879663136
Application_974380976,1,1,0.5686435090647682
Application_1020696982,1,0,0.4949352004895877
Application_190734181,0,1,0.6998150098554592
Application_1686395823,1,0,0.4960731217902091
Application_2048381730,0,0,0.4946670281230842
Application_2015423706,0,1,0.5035453120559558
Application_1339681597,1,1,0.5180071903866519
Application_367455904,1,1,0.5491422055911338
Application_1662440609,0,1,0.5754219720154178
Application_1447384497,0,0,0.07530854763191079
Application_798496213,1,0,0.4889729696644886
Application_120400056,1,1,0.7526299340503831
Application_579275809,0,1,0.5241720434104735
Application_1375435938,0,1,0.5702391184015768
Application_789334077,0,1,0.6023910131102622
Application_680448181,0,1,0.6167068540330369
Application_642553020,1,1,0.5447123865983153
Application_2113040289,1,0,0.4918910207090569
Application_1754878754,0,0,0.3988829593473282
Application_520506247,1,1,0.5122885900575803
Application_972486124,0,1,0.7738615184784956
Application_1465025013,1,1,0.6612922242844116
Application_462882090,0,1,0.5641867647003226
Application_821026605,1,1,0.5562062220003556
Application_391099640,0,1,0.5684399043685741
Application_36831628,0,1,0.5114769005138475
Application_455616073,1,1,0.6489677045756633
Application_997240244,0,1,0.6071911248813123
Application_294586112,0,0,0.348830801887774
Application_1578090032,1,1,0.6564766449322703
Application_1464780823,1,1,0.5436923375147767
Application_1148505526,0,0,0.3741432559956702
Application_1108553853,1,1,0.6203488029082478
Application_81196974,1,1,0.5377664114980915
Application_1296197799,1,1,0.6162103659282459
Application_644340095,1,1,0.5084294261985057
Application_1474055956,1,1,0.6481766724700339
Application_2122792904,0,1,0.5112459221676356
Application_95477936,0,1,0.6447225918164441
Application_1472969785,0,1,0.5614520479901807
Application_685130299,1,1,0.6067790345885365
Application_1307722721,0,1,0.6202471065122626
Application_1959777138,1,1,0.5065075918449938
Application_1971989358,1,0,0.45497963332485475
Application_1689701428,1,1,0.6665337202226852
Application_855239950,1,1,0.630015823798403
Application_1230130783,0,1,0.5574295354912188
Application_642608905,1,0,0.4769055643101501
Application_251670774,1,0,0.4196890805002884
Application_213211686,1,0,0.425540971625743
Application_1859387169,0,0,0.4182654376967262
Application_1523406683,1,1,0.5555880147674325
Application_159263293,0,0,0.46619384417418613
Application_538311021,1,1,0.7877697102498337
Application_604648984,1,1,0.6452365767153984
Application_182597722,1,1,0.6021753783125379
Application_2042847086,0,1,0.5130244549744459
Application_538869641,0,1,0.5584433348428299
Application_539120928,1,1,0.728717526077389
Application_349515920,1,1,0.7328868081281852
Application_1811471028,0,0,0.4308414872936533
Application_1503054725,1,1,0.5905389980428056
Application_963564266,1,0,0.32974109599020734
Application_1288084480,1,1,0.5889458580824504
Application_420599570,0,1,0.6823993293692333
Application_2045954559,0,0,0.3282095544332244
Application_2076314524,1,1,0.5667864377364807
Application_1597735097,1,1,0.6503820603529693
Application_923730558,0,1,0.682170671107077
Application_1104697616,1,1,0.795345608166929
Application_207339253,0,0,0.387002532123248
Application_1920062674,1,1,0.5665919879167927
Application_1785650204,1,1,0.6139867746965215
Application_1293120092,0,0,0.4066312906944544
Application_1284230014,1,1,0.5479970716278807
Application_926052296,0,1,0.6742667503952123
Application_568127104,1,1,0.5444674275919472
Application_522420767,1,1,0.6888919835118164
Application_564834372,1,1,0.5929513720603686
Application_1920137077,0,1,0.6035871356849734
Application_1469334320,1,1,0.6334107790254913
Application_74864529,0,1,0.5397348627442744
Application_2008203162,0,1,0.5974187317023738
Application_1291971664,0,1,0.5911639177691719
Application_1607880476,0,1,0.6544110819394338
Application_1919805494,0,1,0.5216890663488278
Application_1288647467,1,1,0.6548945382236807
Application_920967125,1,0,0.3956670897111846
Application_1110847631,1,1,0.6618607137829509
Application_1283651073,0,0,0.39800952160685954
Application_212002191,1,1,0.5778057099362726
Application_1918491897,0,1,0.5488277604835913
Application_936279128,0,1,0.6857726769907673
Application_1128308263,0,0,0.3219732696237339
Application_905082437,0,0,0.3254043579540272
Application_2092228035,1,1,0.6017774999208423
Application_214156122,1,0,0.32589277367906105
Application_844831749,1,0,0.4649656029983759
Application_528406867,0,1,0.5359265045989509
Application_102977791,1,0,0.42308789646550615
Application_1607153860,0,0,0.3791451179143757
Application_1160716330,0,1,0.559495293271571
Application_717400110,1,0,0.48658807348269933
Application_1471430106,1,1,0.655882302922297
Application_1432791901,1,0,0.46443141630457446
Application_175918237,0,1,0.6709191679112257
Application_365485542,0,1,0.6409850050515363
Application_540373333,1,1,0.6572783360362848
Application_359276048,1,1,0.8831161295215818
Application_1473625375,1,0,0.34638386351826783
Application_1435594188,1,1,0.6041032347895176
Application_1998307400,1,1,0.6159262130231704
Application_1295538492,1,1,0.6369761381096224
Application_1203000059,1,1,0.6863021455438759
Application_1302829474,0,0,0.38644782115324355
Application_154623800,0,0,0.43137893626725027
Application_1022084723,0,1,0.5092325660028867
Application_2061784142,1,1,0.5730254456244082
Application_1872244741,0,1,0.6632218233365625
Application_2097115739,1,1,0.6794063614312521
Application_1864868732,1,1,0.5932540414807382
Application_226209957,1,1,0.6910446636791272
Application_1625456407,0,1,0.5578242760319406
Application_1427438242,1,1,0.6503007517653572
Application_1924151739,0,0,0.3556749030974943
Application_583747115,0,1,0.5046257688041036
Application_204408152,0,1,0.576303960571779
Application_1307546210,0,1,0.703942456471904
Application_1665584404,0,0,0.3271140494180931
Application_929015547,1,1,0.6524565529775427
Application_1850153393,1,1,0.8572983531470015
Application_936141381,0,1,0.5498100338828891
Application_1711861534,1,1,0.6676877989148916
Application_2061020149,1,1,0.61399062788931
Application_695960596,1,1,0.6522970905641423
Application_877772414,1,1,0.7100332776008215
Application_1345333868,0,0,0.4070768688075015
Application_548136507,0,1,0.7274999538183317
Application_232254008,1,1,0.518541445422435
Application_147056337,0,1,0.6077153675116993
Application_121670659,1,0,0.31270599466708937
Application_307801348,1,1,0.6071513126022171
Application_1885130117,0,1,0.5667886196595979
Application_2075014351,1,1,0.5506394743618802
Application_1425800430,0,0,0.3566471757021423
Application_86314749,0,0,0.4725244398639574
Application_5904996,0,1,0.6404210224911315
Application_343744148,1,1,0.6846703761374011
Application_2694097,1,1,0.7022157068313719
Application_346848867,1,1,0.5258223452377031
Application_1721325720,0,1,0.5584495071741804
Application_637297513,0,0,0.2907042174991622
Application_781442980,1,1,0.513574592758266
Application_1489510821,1,0,0.2505321801880763
Application_1140000103,0,1,0.599996619312179
Application_1072302976,0,1,0.618853361477088
Application_1300309831,0,0,0.3417469120107141
Application_1365437313,0,1,0.5249491550068417
Application_313527996,0,1,0.5384979578882694
Application_2055157815,1,1,0.5584601963020185
Application_1920623384,0,1,0.7006156654745406
Application_1840472630,1,1,0.630988098341728
Application_1371434911,0,0,0.341984362314947
Application_973398039,1,1,0.7284560390882173
Application_480070910,1,1,0.809123402846328
Application_1731879894,1,1,0.6867528042989023
Application_1846693519,1,1,0.679251552640872
Application_738077974,0,0,0.48607135547750957
Application_1480117653,0,1,0.5363273595099919
Application_1842271625,0,1,0.5760457597292789
Application_1650299745,0,0,0.46788249843253205
Application_323040575,0,1,0.6413437186928075
Application_125498955,1,1,0.6591255220698331
Application_763928658,1,0,0.47102579232799047
Application_752373732,1,0,0.25995809053993935
Application_760841149,1,1,0.7362297638135635
Application_470096249,0,0,0.3727640328238507
Application_292094395,1,0,0.3434345482080762
Application_339730120,0,1,0.6520265476697125
Application_385045680,0,0,0.49272841255623817
Application_566670119,1,1,0.6973611334368809
Application_1594317140,1,1,0.7133925560587019
Application_1388031954,1,0,0.4231888740958965
Application_978016195,1,1,0.5360408158606793
Application_1201267547,0,0,0.3858032167596867
Application_1473894342,1,1,0.5209234858900842
Application_386657742,0,0,0.27630282047030524
Application_973075457,1,1,0.6139812109052777
Application_526257863,1,1,0.7343804067439759
Application_749923491,0,0,0.3404795235301128
Application_991116281,1,0,0.30770353958267394
Application_101973919,1,1,0.5360555723370446
Application_240111953,0,0,0.3784252860105015
Application_548377578,1,1,0.5896294262911616
Application_1880895995,0,1,0.6585632695854984
Application_510096383,1,1,0.6813052473359374
Application_1205291296,1,1,0.5500886526457779
Application_1139095492,1,1,0.6108695329962095
Application_2066939992,0,1,0.5668690182450412
Application_1513197861,1,1,0.6615334810403973
Application_1138343850,0,1,0.6156676186444239
Application_755180147,1,0,0.4758812388060341
Application_1600982783,1,1,0.6335570526459172
Application_63986078,0,1,0.5706936133357207
Application_1620539143,0,0,0.25852932036866405
Application_1690998892,0,0,0.40822145443391056
Application_1757332206,0,1,0.618443480836289
Application_1971226606,1,0,0.34799552670009243
Application_1464086854,0,0,0.484632954378518
Application_1366950042,1,1,0.7132763125724648
Application_1084809711,1,0,0.47972999892470536
Application_402938046,1,1,0.5737523883844751
Application_179713283,0,0,0.26283420388224943
Application_997592088,0,1,0.6396087178631642
Application_976453500,0,1,0.6516902442751001
Application_983620351,1,1,0.5373817973823336
Application_1976127206,1,1,0.5373435628144299
Application_1555975178,1,1,0.7028777643143929
Application_175406399,1,1,0.6985456560863166
Application_173259774,1,0,0.22312658670059124
Application_1973871032,1,1,0.5259713598006176
Application_1331295233,1,1,0.7481101497580493
Application_1246985104,1,1,0.5425939940470372
Application_1086358390,0,1,0.5348142458802381
Application_340094554,1,1,0.6062916560683953
Application_319284701,1,1,0.7078091073794984
Application_2116148116,0,0,0.4259858352390243
Application_1395429395,1,1,0.5370247323502141
Application_1970086923,1,1,0.5565662006271185
Application_1824209977,1,1,0.6030102035605687
Application_995124359,1,1,0.5442207053131092
Application_1120624192,0,0,0.4741472517653857
Application_795804396,1,1,0.6819462521230681
Application_1278754356,0,0,0.3803521091190056
Application_2118057291,1,0,0.43674522053468834
Application_1392931200,1,1,0.5134859123228517
Application_734030906,1,0,0.49599388431749214
Application_2115042059,0,0,0.38285766363897794
Application_1685478310,1,0,0.2740348432163325
Application_1504346428,0,1,0.7008788175569105
Application_187611464,1,0,0.2829375571755609
Application_343088948,1,1,0.685628576204089
Application_2112573494,1,1,0.5751275603206624
Application_1695492315,0,0,0.45318871127752774
Application_1272345729,1,0,0.4829207736723532
Application_1953871052,0,0,0.31775042874938997
Application_1742866950,0,1,0.5369063106036396
Application_1286165737,1,0,0.4043783899720562
Application_1086189813,1,1,0.6172240827651999
Application_775396942,0,0,0.33284115371873524
Application_125111453,1,1,0.8752696734747338
Application_1713552898,0,1,0.7101668133309657
Application_1018266027,0,1,0.6726370998996579
Application_1508285623,1,1,0.519401821118867
Application_232070640,1,1,0.6560935993158369
Application_126161718,1,0,0.27758252156884083
Application_971594478,1,1,0.5967885045320293
Application_646977549,0,0,0.3327788492892003
Application_272933056,1,1,0.6135486249695165
Application_51430642,1,1,0.7036414880236502
Application_447126113,1,1,0.5968515991572921
Application_164769477,0,1,0.6151526587575692
Application_201839146,1,1,0.9746385733265046
Application_483931042,0,0,0.4898036181890575
Application_1744217682,0,1,0.8476402891481155
Application_1095263419,1,0,0.473734479336784
Application_1468750557,1,1,0.6091807951094187
Application_1123432099,1,0,0.43249224688897686
Application_773698744,1,0,0.2643874994616084
Application_1895159318,0,1,0.5755139514878823
Application_2083683673,1,1,0.6504289576769557
Application_428955021,0,1,0.5964835695675201
Application_677442195,0,1,0.5961722706405339
Application_1241999769,0,0,0.3637732373929914
Application_1819818177,0,0,0.4757641999569431
Application_724415088,1,0,0.33008309367079175
Application_25063668,1,0,0.2725085438883789
Application_1713151358,1,0,0.4310669313630706
Application_1785468553,1,1,0.8033605987323823
Application_1427573691,1,1,0.6196985580352928
Application_1726057618,1,1,0.5523257296728563
Application_1641885593,1,0,0.31825058167844483
Application_1494414449,1,0,0.40946352772755384
Application_724859129,1,1,0.6916443896197374
Application_940496739,1,1,0.553573296455013
Application_21634890,0,0,0.48068185427902355
Application_247317164,1,1,0.650614169583977
Application_1102289179,0,0,0.32615828975932093
Application_1791109196,0,0,0.46699447302048164
Application_104061665,1,1,0.511759669509496
Application_1925894693,0,1,0.6472064382030076
Application_472820667,1,0,0.38913471019473966
Application_788699480,0,1,0.7898605746168823
Application_743474553,0,0,0.4733902604022401
Application_1971362714,0,1,0.5681140486590233
Application_1248242433,0,1,0.69655850441396
Application_1251689244,1,0,0.46265758638612814
Application_833399908,1,1,0.6022188314075713
Application_1610638954,0,0,0.31850240749675257
Application_1033574302,0,0,0.37034814386813447
Application_109912668,1,1,0.5360227896463127
Application_113474586,1,0,0.38821594447510616
Application_560070722,1,1,0.5990831381524541
Application_1427261936,0,0,0.274248103597427
Application_872415486,0,1,0.5360580590217155
Application_194564472,0,1,0.5237124681203225
Application_738276182,1,1,0.5444662045521805
Application_525459142,0,1,0.5419840409739165
Application_1575815132,1,1,0.5146708504041845
Application_1891680505,0,1,0.6145913197513171
Application_1952474346,1,1,0.6025602821816805
Application_1562686459,1,0,0.40328208051147146
Application_1132898010,0,1,0.5114273658958066
Application_1448754624,1,1,0.5555695844910788
Application_1324391484,1,1,0.5869406692871827
Application_836856058,0,1,0.5734937735699098
Application_1033036371,1,1,0.6116644353384697
Application_1766681398,1,1,0.5694029072418755
Application_1693205382,0,1,0.5276366505601761
Application_1877814469,1,0,0.28195407532162403
Application_1670585897,1,0,0.3762629660456978
Application_1447107656,0,1,0.5841151857875623
Application_1031512096,0,0,0.39583011474403457
Application_742173495,0,0,0.3449241105534609
Application_1316346128,0,0,0.49926763029084104
Application_1145960664,0,1,0.5021516327480576
Application_1778205577,0,0,0.2942442260088764
Application_1946538188,1,1,0.5551972053177661
Application_1622160130,0,1,0.5118207809250934
Application_737324367,0,0,0.415371757467613
Application_1318517683,1,0,0.3583696480501194
Application_559246751,0,0,0.3424082872400002
Application_197126464,0,1,0.5620031283855346
Application_1544460375,1,0,0.4825425933235169
Application_1761323771,0,0,0.3397352912642279
Application_1976004129,1,1,0.5142503663834305
Application_1081153991,1,0,0.40448757315727313
Application_1757787329,0,0,0.49893372198758446
Application_1782952770,0,0,0.4617337311961224
Application_86905976,0,0,0.3106961831230069
Application_563590726,0,0,0.2841248914533134
Application_929931999,1,1,0.5374695417615543
Application_836841943,1,1,0.733873635065893
Application_512079496,0,1,0.6264221087214268
Application_368638647,1,1,0.7368790287543127
Application_154179391,0,1,0.5798250298716645
Application_545474396,0,1,0.6757593842033327
Application_1666465764,1,0,0.4534368844185939
Application_1316779443,1,0,0.4054103179703129
Application_1237086325,0,0,0.3783394308390166
Application_1131812437,0,1,0.5707076299215258
Application_1733949639,1,1,0.6157802168233211
Application_1510765360,1,1,0.5554577657364377
Application_717693758,0,0,0.4445747012187504
Application_138110394,1,1,0.6714235314601895
Application_66451278,0,0,0.4805866744704789
Application_1394483322,1,1,0.5803885346866101
Application_793038001,1,1,0.8237195407679923
Application_1016792765,0,1,0.6795596701569724
Application_1698620256,1,1,0.5743359191612014
Application_1325360487,1,1,0.6841040623615363
Application_2088969676,0,1,0.6175345460257088
Application_177897578,1,1,0.5559736375852335
Application_1222039007,0,0,0.48875128456822753
Application_905858527,1,1,0.6025207227393887
Application_640176586,1,1,0.5751888530333581
Application_821402088,0,1,0.5965006452315531
Application_2081068908,1,1,0.5530836433259975
Application_1361444752,1,1,0.5870430517013986
Application_749860099,1,1,0.67765138244439
Application_1297559824,0,0,0.4808848031870401
Application_203631671,0,1,0.7306791172649482
Application_953179282,1,1,0.589843356586459
Application_1277202210,0,1,0.6326153420547114
Application_321053191,0,0,0.4538713140301613
Application_645328035,0,1,0.737549744518622
Application_753117730,0,1,0.5232708850749976
Application_904093739,0,0,0.473206322408023
Application_1119128567,1,1,0.5806413260550877
Application_957947349,1,1,0.587807289432542
Application_1659913497,1,0,0.4910445854860759
Application_1310269902,1,1,0.6958062062797675
Application_1918741535,0,1,0.544127701170164
Application_739726794,1,1,0.8094214495341522
Application_1184253258,1,0,0.4194599344961858
Application_1518013035,0,1,0.5606381834687675
Application_2065559138,0,1,0.5642625908952118
Application_1366143473,1,1,0.5929508583542216
Application_1917346060,0,1,0.7876663666512205
Application_1567826735,1,1,0.5726544856659226
Application_1219949717,1,1,0.6256195301606816
Application_1293008903,0,1,0.5205972253523423
Application_1777715425,0,1,0.7161846477380394
Application_1992619767,0,1,0.5286468870124412
Application_149591383,0,1,0.7613934365461225
Application_229606305,1,1,0.6362339672374545
Application_579153284,1,1,0.5421991512021437
Application_993701683,1,0,0.40761956944422356
Application_1183476189,0,0,0.33965197283720816
Application_852716835,0,1,0.5341496359849337
Application_454064051,1,1,0.6367265341118457
Application_789108617,0,1,0.5413629513581953
Application_1643995941,1,1,0.6250930085635118
Application_92009906,1,1,0.5964859007209772
Application_2053888323,0,0,0.3476934338304917
Application_1124789802,0,0,0.43342142101482595
Application_1609027595,0,1,0.8823305140534831
Application_1530932646,1,1,0.6148396975392515
Application_1977502639,0,1,0.766205555613599
Application_491192717,0,1,0.6429456702127114
Application_1365152370,1,1,0.8117288338213714
Application_1681361801,1,1,0.5762890045707755
Application_918572133,1,1,0.7959335732324117
Application_876712087,0,0,0.48628260836646725
Application_1494178086,0,1,0.6286392414216067
Application_1940707964,1,1,0.6241686761016748
Application_162990347,1,1,0.6236977225184805
Application_1495262961,1,1,0.5299555659461946
Application_1228403719,1,1,0.5553299727909734
Application_339327672,1,1,0.7099851464557514
Application_450250534,1,1,0.9025786392457622
Application_994101872,0,1,0.6106393557513803
Application_804273159,1,1,0.6155802670264147
Application_631716992,1,1,0.6294851525823714
Application_1751763296,1,1,0.6423934881518851
Application_710720262,1,1,0.614561323449673
Application_565743734,0,1,0.5725688176474313
Application_1943739799,1,1,0.5373651424120093
Application_1993192295,1,0,0.35500829693432023
Application_1079472664,0,0,0.3272171425493503
Application_632913675,1,1,0.6007632778610115
Application_1579516377,1,1,0.6611020000773269
Application_1263997961,0,1,0.6393417409904049
Application_131097851,0,0,0.35174799311388244
Application_312166095,1,1,0.5518038690465394
Application_1813502823,1,1,0.5041430466842812
Application_222629422,0,1,0.5603423000641754
Application_1580674851,0,0,0.41196367333974415
Application_1218203113,1,1,0.6105090471697464
Application_228373770,0,0,0.46584591398112224
Application_725542335,1,1,0.7261367424076456
Application_706607240,1,0,0.49849849825398795
Application_483074478,1,1,0.5689572235825869
Application_233064512,0,1,0.6194883005042408
Application_946845929,1,1,0.5526932744785759
Application_59876773,1,1,0.57030301130763
Application_163281313,1,1,0.5423693981192317
Application_521305631,1,0,0.36988622069371263
Application_2123204513,0,1,0.5568126237003361
Application_2041306952,1,1,0.6239407575330007
Application_151280488,1,1,0.8508814984876703
Application_1048834285,0,0,0.46219205894143717
Application_597721884,1,1,0.7856293988338912
Application_1495079062,1,1,0.7412483262469157
Application_341875321,1,1,0.5209081540353555
Application_1913890786,0,1,0.6158503635133978
Application_1690391662,0,1,0.7454284559763215
Application_974485148,0,0,0.4391738951142884
Application_1403951768,0,1,0.556434363003625
Application_1795986679,0,1,0.6170544763427824
Application_1799654594,1,0,0.35422888517462475
Application_541694777,1,1,0.6243195709520877
Application_111536511,0,1,0.5150231121072611
Application_1511779865,0,1,0.7820740986681739
Application_352165642,1,0,0.44689816281009453
Application_614334599,1,1,0.5145590581001827
Application_1986459524,1,1,0.5817744811525735
Application_188726425,1,1,0.692404679790745
Application_1957651168,0,0,0.4118362005972832
Application_537005538,0,0,0.4458301181732335
Application_466068830,0,0,0.3242736022529593
Application_970357595,1,1,0.5399071967045719
Application_1684306378,1,1,0.70702458280651
Application_462216549,1,0,0.4575462117213879
Application_622214446,1,1,0.6161944780880619
Application_1529154801,1,1,0.5448718275766876
Application_1728000220,1,0,0.45820431916899984
Application_1682480934,1,0,0.42690853809129065
Application_1600155880,1,1,0.5704168818342654
Application_711124829,1,0,0.3981822408827469
Application_900844990,0,0,0.4992805937734479
Application_1437497198,1,1,0.6145948802719062
Application_1936633108,0,0,0.275539395819216
Application_1612452340,1,0,0.30172050383530935
Application_533079487,0,1,0.5084164038155896
Application_254824641,0,1,0.5036186577930479
Application_549826152,1,0,0.3369959174097305
Application_542782205,0,0,0.4115038311058348
Application_1975504088,0,0,0.33777609449376583
Application_1242315969,1,0,0.3609108085076325
Application_1604619511,0,0,0.3557603482290038
Application_75877971,1,1,0.5548258735703918
Application_1340459622,0,1,0.5418899785782005
Application_1709823125,1,0,0.40660458200535354
Application_2142719268,1,1,0.5183206138931415
Application_1458277433,1,1,0.5500804090333345
Application_1395388115,0,1,0.5179398704864828
Application_1149826505,0,0,0.2786767735644618
Application_763847627,0,0,0.4601961940540384
Application_978787861,1,1,0.7078568642371859
Application_1623704275,0,1,0.5173002842186899
Application_166588001,0,0,0.3348172104190707
Application_182066441,0,0,0.47238160222460496
Application_549547786,0,0,0.35999940670554215
Application_1966193141,0,0,0.41910514369626073
Application_907136885,0,0,0.39916427290877027
Application_1408362802,0,0,0.47524419723512257
Application_1242352417,1,0,0.3667281402086411
Application_2264928,1,0,0.31789883530819535
Application_1711303027,1,0,0.4823406940120744
Application_1496349825,1,1,0.5229087033828531
Application_1636152294,0,0,0.47515517249567324
Application_1189444299,1,0,0.48926239662803805
Application_706504723,1,1,0.512196212604264
Application_356808628,1,1,0.5739917282730937
Application_1744764747,0,0,0.47815428948646066
Application_2094441836,0,0,0.4599141767839918
Application_1850714835,0,1,0.5956436436559326
Application_1023037940,0,0,0.3778525429541874
Application_858881040,0,0,0.38926049967432513
Application_69735407,1,0,0.46842886472242706
Application_1792123382,1,1,0.5128904389444778
Application_444595223,0,0,0.4803907557549675
Application_1143725882,0,1,0.5812558471182442
Application_53352885,1,1,0.5277426557537291
Application_578344284,1,1,0.595128958218275
Application_1136782466,0,0,0.4842052181364739
Application_854280555,1,0,0.4483003695476464
Application_1501636291,1,0,0.449717093045899
Application_270485252,0,0,0.45134970830218696
Application_361573979,1,1,0.5486005518666719
Application_1183136852,0,1,0.5871062047175396
Application_1604779942,1,0,0.4255624951234375
Application_2053272389,0,1,0.5904722880912008
Application_2051951033,1,0,0.43153633517675877
Application_586877291,0,1,0.5232026747185643
Application_1826390013,0,0,0.49734963482037603
Application_903799216,0,0,0.3750253145845286
Application_1110334222,1,0,0.4947322507837206
Application_322297326,0,1,0.6121887436173267
Application_244396187,1,1,0.545252270245539
Application_606749031,1,1,0.5354245513996854
Application_1856344011,1,1,0.6263906250681852
Application_1183534481,1,1,0.6935355903044824
Application_1331144446,1,0,0.41405926829288514
Application_457947056,1,1,0.6637252588842939
Application_782253363,1,0,0.16039629100872926
Application_72874899,1,0,0.45789234000794915
Application_757113787,1,1,0.7121268826334515
Application_1785860221,0,1,0.6275665695553678
Application_2063828851,1,1,0.7093934683754038
Application_2595810,0,1,0.6254727731110715
Application_1905967471,1,1,0.6637173818029763
Application_1189871359,1,1,0.6866650196669164
Application_1537507196,0,0,0.20916682226223177
Application_681649352,1,1,0.8050378498665861
Application_811679621,0,1,0.5952990884238245
Application_335537557,0,1,0.5079070555203976
Application_1258641337,0,0,0.4247666851270318
Application_1820733336,0,1,0.5532779637840496
Application_1343884694,1,1,0.798057616782153
Application_2028590322,0,0,0.10048980772155114
Application_1760810906,1,1,0.5209306231474643
Application_327072822,1,1,0.688297430885256
Application_51182407,1,0,0.38495722339910593
Application_241318555,1,1,0.5639668871697731
Application_1100253381,1,1,0.5524263689204354
Application_236717130,1,0,0.47685304163757325
Application_1857513367,0,1,0.6719504453342341
Application_2120715071,1,1,0.7517702432198516
Application_782627639,0,1,0.5361232022244168
Application_416694962,0,1,0.6860421114758027
Application_1523736860,0,1,0.5786574520270688
Application_2024244758,0,1,0.589118748383698
Application_2055100599,1,0,0.46304682967718513
Application_592605828,0,0,0.3307934556017524
Application_942057035,0,1,0.6853233213104136
Application_1734947142,0,0,0.38651992142655134
Application_1546052937,1,1,0.5679561126338918
Application_1103698005,0,1,0.5067323092900693
Application_778555928,0,0,0.48422529224215094
Application_1314374663,1,1,0.6889323547355414
Application_1677049820,0,1,0.5283772202219774
Application_2116960252,1,0,0.4444779354401414
Application_1569683122,0,1,0.6181031616688987
Application_1759206616,0,1,0.59322989928885
Application_1123320394,0,1,0.6946722127671827
Application_1312933469,0,0,0.28956056531462676
Application_1527338408,0,1,0.7316123719293941
Application_1489341726,0,1,0.5203781478147084
Application_2051550880,0,1,0.7206443761514365
Application_139724030,1,1,0.6480723084038116
Application_1125229039,0,0,0.46987294316177175
Application_910353899,0,1,0.5653894468006785
Application_13944300,0,1,0.6293680841357602
Application_858239432,0,1,0.500935906305556
Application_634898760,1,0,0.48463007823017545
Application_1283751278,0,1,0.5893233244129584
Application_1196211316,0,1,0.7543493685496994
Application_519214643,0,1,0.5786917194557583
Application_1938909971,0,1,0.5264331197659551
Application_87659628,1,1,0.5913504903864212
Application_864148389,0,0,0.40888797680930916
Application_1527571617,1,1,0.5448064460715345
Application_2068853058,1,0,0.38500748247222777
Application_17002468,1,1,0.619269143958466
Application_315782607,1,1,0.5462527767217055
Application_631788418,1,0,0.35994190154675443
Application_1209476276,1,1,0.5827359609252224
Application_704597830,1,1,0.5470385545071432
Application_132038140,0,1,0.5906381539589278
Application_1530321110,1,1,0.5709463480504064
Application_277674975,1,1,0.5965045603331024
Application_80286962,1,1,0.7906523274020529
Application_2004973545,1,1,0.5422207751886252
Application_1781623698,1,1,0.749363457946528
Application_447138954,0,1,0.5942676688270916
Application_670470325,1,1,0.7198269459696621
Application_1146390793,1,1,0.7804591507395053
Application_922011706,0,1,0.7479773700059076
Application_8497910,1,1,0.7671382793063194
Application_998522150,0,1,0.7281186872977737
Application_1453589065,0,0,0.29076435333248873
Application_998908852,1,1,0.670784835546349
Application_1323290543,1,1,0.6090090340903911
Application_2141999798,1,1,0.5883330697340052
Application_810901066,0,1,0.5378709266380077
Application_78080859,0,1,0.5227812231297571
Application_381087716,0,1,0.5095616003481078
Application_1717953510,1,0,0.33966009758297017
Application_5006458,0,0,0.3946735006152953
Application_1269305141,0,1,0.523623490233887
Application_755318436,1,1,0.5044449473851988
Application_1070499420,0,1,0.6142004664742123
Application_1719088576,0,0,0.45550180412267277
Application_1958611901,1,0,0.2938546526630174
Application_2143988715,1,1,0.6536029445991941
Application_1434518975,0,0,0.4656524474991417
Application_1322307011,0,0,0.3572597828730019
Application_1768718354,0,0,0.34426002161680014
Application_637222323,1,1,0.7090295601440937
Application_144137365,1,0,0.33942050830928194
Application_304004510,1,0,0.35184317462809594
Application_1542614392,0,0,0.45495415995041216
Application_214453134,1,0,0.4812982813411131
Application_1612709587,1,1,0.5989573878040085
Application_745883138,1,0,0.40344927011987286
Application_1499935603,0,0,0.43800651420990333
Application_665637236,1,1,0.6112176855178202
Application_494960481,1,1,0.594909971619129
Application_282254984,1,0,0.3413857367681716
Application_673160372,1,1,0.5052635461907407
Application_1679927360,0,1,0.7003581208922618
Application_542632548,0,0,0.4019445030117303
Application_597486380,0,0,0.3997930761977661
Application_1300870804,1,1,0.5833489088044587
Application_597065437,1,1,0.5951687500777305
Application_1498610522,1,0,0.47372086458667945
Application_1606123452,1,0,0.24517375981970335
Application_638041030,1,1,0.6165198962638916
Application_254836121,0,0,0.49130801594221996
Application_1712515047,0,0,0.4666506647102545
Application_1856006798,1,0,0.47634075311582164
Application_1565590572,1,1,0.6591216157713369
Application_1240814574,0,1,0.6981691815781326
Application_989692273,0,1,0.6386905791581035
Application_1557296300,0,1,0.5459088453684651
Application_676717540,1,1,0.6088854500171912
Application_293379010,1,1,0.7046909677403159
Application_483126363,0,0,0.36991771974934184
Application_1630913903,0,0,0.3193290476002295
Application_365332446,1,1,0.5622996525825199
Application_1564442059,1,0,0.3061445062633354
Application_2133089583,1,1,0.6020502669585728
Application_1910023757,1,0,0.4989553407821254
Application_1531851576,0,0,0.4538973879568077
Application_1493979926,1,1,0.6147900108585531
Application_653567105,0,0,0.4736341493012645
Application_1028665365,1,0,0.4402329762969568
Application_1728090308,0,0,0.4692198064907277
Application_453847467,0,1,0.5664205330633791
Application_295284443,0,1,0.505380550464868
Application_1417750933,1,1,0.5921514306838619
Application_231527175,0,0,0.44975929638155726
Application_563891423,1,1,0.5397920655571363
Application_453833865,0,0,0.4734458789549993
Application_419933910,1,1,0.5455515665394787
Application_368167256,0,0,0.4911958306870954
Application_11773925,0,1,0.5231139204663074
Application_1120966006,1,0,0.4781251334052046
Application_1550626027,1,1,0.8691616151421098
Application_145403764,1,1,0.6097306755502063
Application_935089662,1,0,0.471130437384733
Application_903728505,0,0,0.49018046247302793
Application_1227908598,1,1,0.7209043745741893
Application_1726110813,1,1,0.7208767236783531
Application_2134329256,1,1,0.8024417954612727
Application_285972935,1,1,0.841197295329036
Application_651776694,0,0,0.46934436583854733
Application_1862334976,0,1,0.5797168056128504
Application_1512081282,1,1,0.5281726832711962
Application_497824769,0,1,0.5215893625286455
Application_1157633683,1,1,0.6846747205361734
Application_711429355,1,1,0.5871752973682958
Application_142712048,1,1,0.6221387671664155
Application_206930078,1,1,0.5215166417110317
Application_1307811463,0,1,0.5383928045409694
Application_1007290684,1,0,0.47345688001768393
Application_2035567213,1,0,0.4552238213748801
Application_942266449,1,1,0.667395181445007
Application_2097086369,1,0,0.37419201987003364
Application_618149506,0,0,0.4901952008890228
Application_1854419089,1,1,0.5533145262776993
Application_1151036554,1,1,0.6105432899871687
Application_1529844219,1,1,0.6439547060944814
Application_657531637,0,1,0.7885780951597865
Application_152784845,0,1,0.5231827504203591
Application_309095903,1,1,0.6491901775774619
Application_785116695,0,1,0.6910910271035416
Application_1856711010,0,1,0.6059400425137381
Application_1169662405,1,1,0.5776761131762871
Application_458048315,1,1,0.5457301198660995
Application_312947543,1,1,0.587204212292953
Application_1029146502,1,1,0.5519771199658648
Application_903877048,0,0,0.48123425823174404
Application_705715651,1,0,0.3929786012343056
Application_1242470738,0,0,0.32242022595281794
Application_2104678316,1,1,0.5539871304990664
Application_1153365113,0,0,0.3987151859725552
Application_1784981500,0,1,0.5069613793016244
Application_1932791683,0,1,0.5454140435239365
Application_1024275715,1,1,0.5222384631363952
Application_261754810,0,0,0.4263432084137037
Application_664700159,1,1,0.5929724638549941
Application_997711293,1,1,0.5728799744531156
Application_673530624,0,1,0.5894356443482581
Application_1970894093,0,1,0.611414666726031
Application_256457381,1,1,0.6019463665372718
Application_888343256,0,1,0.7759824381086929
Application_1116429997,0,1,0.7523148382990138
Application_1339549651,0,1,0.74343420038383
Application_808281760,0,1,0.54862650740603
Application_94810379,1,1,0.5978017455190912
Application_1961091101,0,0,0.31789763283517114
Application_762969152,0,0,0.3458887541623238
Application_581695948,0,1,0.7011239039182403
Application_1031742655,0,1,0.7000742807506448
Application_1222681139,0,1,0.5923125679467798
Application_2054710672,1,1,0.6232515929927024
Application_1873532965,1,1,0.6485276017484546
Application_364013609,1,1,0.5505647498782855
Application_1825325327,1,1,0.503499319410781
Application_1446200189,1,1,0.5086979915782688
Application_543892819,1,1,0.5105712403677829
Application_743499007,0,1,0.6279952261989473
Application_1694106848,1,1,0.5872918556123466
Application_2051845040,1,1,0.5546461319002297
Application_1697237703,1,0,0.46052318955190125
Application_1044081389,0,1,0.6091384341411589
Application_121345362,1,0,0.37793669387309947
Application_614406430,0,1,0.6118993042163349
Application_1222140034,1,1,0.8669415712089514
Application_1764772652,0,1,0.5787159710347545
Application_1913934547,1,1,0.5533620033301119
Application_548713916,0,0,0.3322363124369889
Application_658429775,0,1,0.5528061261173469
Application_649919254,0,1,0.5903128495081246
Application_295551192,0,1,0.7539195125030098
Application_893807170,1,1,0.59934609157763
Application_1694956311,0,0,0.2781548763646083
Application_454300514,1,0,0.4738156294904783
Application_1909691284,0,1,0.5115617162121414
Application_679407246,0,0,0.4798624198213526
Application_1453309038,0,1,0.5002627783276867
Application_370524880,0,1,0.6796871205125177
Application_1821764746,1,1,0.7684483316287842
Application_1822768825,0,1,0.635436413592645
Application_1506967944,1,1,0.6692964929124009
Application_1097327496,1,1,0.5056566749675256
Application_2114960877,0,1,0.5698605805491362
Application_1315626794,1,1,0.5215992684985808
Application_392778706,0,0,0.48172119897566246
Application_230639381,1,1,0.5406347189564359
Application_609842612,0,1,0.5049067555332603
Application_1319119150,1,0,0.38205851090474824
Application_1469553374,0,0,0.43893169757437955
Application_1066046865,1,0,0.475472046644682
Application_640754434,0,0,0.35563985104094553
Application_1967731097,1,1,0.5047459848014598
Application_2107513204,0,0,0.3253154547151473
Application_76767926,1,0,0.46845609496783663
Application_1891033664,1,1,0.6407769688467552
Application_737232376,1,1,0.5298883712460692
Application_1104023817,1,1,0.5610097564100134
Application_678738864,1,1,0.501111558726329
Application_1963129054,1,1,0.5152850478539921
Application_1196087089,0,0,0.39270184803449104
Application_880283627,0,1,0.5034929747909895
Application_1764734609,1,1,0.502587422081585
Application_1583345011,1,1,0.5494885669580609
Application_2143661118,1,1,0.5507224612980018
Application_546498807,0,1,0.5096816769948113
Application_255704360,0,1,0.5581082617435372
Application_1582743424,0,0,0.4937546216423637
Application_386587234,0,0,0.48941575262030185
Application_176915858,0,0,0.31333988088946224
Application_617441643,0,0,0.4655264377077907
Application_1415473117,0,0,0.4594339882632431
Application_873463247,1,1,0.5017062075247875
Application_1509521523,1,0,0.46002938091596923
Application_1352943538,0,0,0.444139774897381
Application_947366120,0,1,0.536147459426855
Application_1827582183,0,0,0.4145565381577165
Application_2072227038,1,1,0.588168732088975
Application_1637284981,0,1,0.6597026294645462
Application_815840382,1,1,0.5946512886643139
Application_1439914536,0,1,0.5511448531461359
Application_1898937831,1,0,0.4902634064690904
Application_305250453,1,1,0.5070730295024608
Application_681547690,1,1,0.6081084259974867
Application_1715521459,1,1,0.7410788849979636
Application_632567869,0,0,0.49475529417977354
Application_1423878486,1,1,0.7205222340267085
Application_375164420,0,1,0.726306695020503
Application_555699088,0,1,0.769833845946915
Application_1774939620,1,1,0.5429564644817485
Application_1790937442,1,1,0.7133616597400394
Application_56762945,1,1,0.5303671458354804
Application_2082425963,0,1,0.6944384264574561
Application_1845982965,1,0,0.47567800753717804
Application_1452366150,0,1,0.5095528170029453
Application_329422501,0,1,0.654086099089609
Application_2143151465,1,1,0.5204414708691824
Application_1508240195,1,0,0.41931158488555165
Application_1394260995,1,1,0.5870872902280099
Application_615003342,1,0,0.4964207139597326
Application_1818695540,1,1,0.7657771870766854
Application_2070255847,0,1,0.6151789830607801
Application_1192171561,1,1,0.5420030886503334
Application_1765198966,1,0,0.48507010588434624
Application_1880797595,1,1,0.701077457205481
Application_626476793,0,1,0.5260156086029883
Application_861775476,0,0,0.4722284053018814
Application_1308725862,1,1,0.7003613540817775
Application_2131147799,0,1,0.7847433406816967
Application_308949717,0,1,0.7265083081293764
Application_1304365916,0,1,0.5781689750373096
Application_1631343495,0,0,0.3141811337799697
Application_342819769,0,1,0.6075214300760527
Application_161440331,0,0,0.3697162187953123
Application_2003208027,0,1,0.5148617105825386
Application_1491561902,0,1,0.5017455554881232
Application_1268336526,0,1,0.6871411475115723
Application_1822273581,1,1,0.6250064242004129
Application_1167919196,0,1,0.5632145469684672
Application_1058701252,1,1,0.6027853655080605
Application_1376348282,0,1,0.7280480668589848
Application_2079791742,1,1,0.6083055579511427
Application_2067650595,1,1,0.578498149955169
Application_97275566,1,1,0.6328881997666074
Application_642367414,0,1,0.6695458452685934
Application_833798814,1,1,0.5961341751038355
Application_1197309763,0,1,0.610108772322727
Application_171960473,0,1,0.5597113813613973
Application_1555010506,0,1,0.6031219185811604
Application_1342845149,0,1,0.5725293717155806
Application_2037909772,1,1,0.6935323842717575
Application_18186068,1,1,0.7651047450323971
Application_1417487350,1,0,0.48094729053649177
Application_714056251,1,1,0.5248236848045839
Application_88851864,0,1,0.6015127472121059
Application_1768215254,1,1,0.5883861608408062
Application_1604168929,1,0,0.4449950701422575
Application_804372620,0,1,0.5426271946167089
Application_1449291154,1,1,0.6048637641460386
Application_935010621,0,1,0.6397088558389784
Application_596305914,0,1,0.6330460986087182
Application_838485586,0,1,0.5199888907855728
Application_1921259299,1,1,0.6868671302728789
Application_245143253,1,1,0.6407592672261394
Application_1155915722,1,1,0.5279000186596231
Application_308591889,1,1,0.6166061474492877
Application_461975173,0,1,0.5398120628160904
Application_103975512,0,0,0.3571571929534364
Application_1876758370,1,0,0.4453669169774704
Application_2057810216,0,0,0.46589362371059156
Application_1487358805,0,1,0.5740103236240781
Application_1353492880,0,1,0.6505049074342673
Application_2057622735,1,1,0.535973595813563
Application_270517825,0,0,0.3423685893649684
Application_1290314755,1,1,0.8885595340208511
Application_102404144,1,1,0.6422257350216568
Application_1594940843,1,1,0.6762750216225187
Application_1188427872,0,1,0.5897802176555914
Application_1533943599,0,1,0.6496408643498097
Application_1329405544,1,0,0.48266222815386645
Application_1678984118,1,1,0.6221386184155107
Application_1236613235,0,0,0.3806534126892763
Application_844884019,1,1,0.7907218259737143
Application_1803983196,0,0,0.42360112663045935
Application_86016468,1,0,0.44484991465862384
Application_1680892245,1,1,0.621910468924789
Application_2114763562,1,1,0.7834295933015987
Application_614368625,0,0,0.3812649542292078
Application_1031388577,0,1,0.5231749287274249
Application_93994529,0,0,0.3326203194922915
Application_1671457513,1,0,0.4335770069182956
Application_908763226,0,1,0.5327559822654532
Application_719107626,1,1,0.5676241908364583
Application_308637091,1,1,0.7055431158920653
Application_1819482857,1,1,0.6421953454629842
Application_1669650118,1,1,0.7321043665111204
Application_905349890,0,1,0.5283593578616552
Application_886146031,1,0,0.32808603543937664
Application_1337091667,0,1,0.5436652166909314
Application_1551786791,1,1,0.5692332616706266
Application_95444242,0,0,0.43551436832387036
Application_917778219,0,1,0.5666983653646936
Application_299626708,1,1,0.5165459228377747
Application_1868286692,0,1,0.5967868444831388
Application_1536382522,1,1,0.6090838263201493
Application_864228968,0,0,0.4681432800782172
Application_2128128445,1,1,0.5605980572523053
Application_1945476643,0,1,0.7013697308942651
Application_626689908,0,0,0.44556227437167645
Application_1239673210,0,0,0.38656004200692134
Application_1023606733,0,0,0.4436017619519963
Application_624588306,0,1,0.6133979228901746
Application_634153439,1,0,0.3676582825764897
Application_1513836050,1,0,0.441699081627012
Application_1728807997,0,1,0.648309812449288
Application_643794221,0,1,0.5306133358381429
Application_221473441,1,1,0.7093177663093924
Application_297353532,0,1,0.5821340499370484
Application_1791361744,0,1,0.6955078973007208
Application_1601830954,0,1,0.6212759336627832
Application_1292574553,1,1,0.6161243333957971
Application_429009123,1,0,0.4295709170769708
Application_1105229091,0,0,0.3335709080266909
Application_1980701244,1,1,0.6287996786783064
Application_4677883,1,1,0.6240998216580624
Application_1050646177,0,1,0.5890460835929596
Application_892851738,1,1,0.5632206386715394
Application_468762842,0,1,0.6787856739556163
Application_927280713,0,0,0.37743480080118536
Application_1943716127,1,1,0.7872012140254716
Application_1568861006,1,1,0.5243475534897135
Application_1952572658,1,1,0.7592782996985259
Application_1993116103,1,1,0.8210271207327319
Application_212887220,0,1,0.7811887047190935
Application_136943471,1,1,0.5554253767864931
Application_1482631803,0,1,0.8579802961857045
Application_642335639,1,1,0.609504426703919
Application_1793022941,0,1,0.6168462717551305
Application_1603703311,0,1,0.5722709561312663
Application_1986875818,1,1,0.8323947572512044
Application_1776691613,1,1,0.5403295604672874
Application_1462162949,1,1,0.5617242539474429
Application_1560705000,0,0,0.38321665866265914
Application_748726008,0,0,0.47523511139418595
Application_2138438586,1,1,0.61917785452074
Application_9293304,1,1,0.6198453666501648
Application_325311769,0,1,0.7054644400743864
Application_1216283184,1,0,0.38924714840372826
Application_191824161,1,1,0.5586058412961625
Application_1215004066,1,1,0.5910334190974106
Application_1034172997,0,1,0.6275132954252001
Application_712514512,1,1,0.6169667575697407
Application_214412662,1,0,0.4522065166068664
Application_661026251,1,1,0.7748740561324864
Application_1792989829,0,0,0.4634276401155672
Application_353618899,1,1,0.5876556949875468
Application_667310369,1,1,0.6665031274999694
Application_1480982846,1,1,0.7501752361257032
Application_731054531,1,0,0.494500673343594
Application_1414276189,0,1,0.588535616372239
Application_1730126086,0,0,0.4710852112830264
Application_1789018492,0,1,0.5578084328186432
Application_1080788023,1,1,0.614673419537317
Application_491837295,1,1,0.711406089534552
Application_130375488,0,1,0.5128820317986686
Application_859216500,0,0,0.49393988373026776
Application_1306993673,1,1,0.5532389007671824
Application_729494720,0,1,0.7580347310920426
Application_1184776496,0,0,0.48685867141713135
Application_1939417730,1,1,0.6884558514338055
Application_1309271875,0,1,0.5164093568597022
Application_368219209,1,1,0.5167279474140302
Application_1122151985,1,0,0.4532872958690697
Application_857664053,0,1,0.5160750677108934
Application_1308422311,1,1,0.5041462904933154
Application_685451921,1,0,0.3311408855137713
Application_1480383161,1,0,0.3665336616295027
Application_493778424,0,1,0.5895893127761126
Application_505368867,1,1,0.5040337804190359
Application_143630403,0,1,0.5737296558951112
Application_998722780,1,1,0.6708938923408357
Application_2021514424,0,1,0.5430892680810887
Application_793341768,1,1,0.6659228456568602
Application_72928711,0,0,0.42057022926126775
Application_795434722,0,1,0.6636520889247818
Application_279002186,0,1,0.5630702953297256
Application_2051103777,0,1,0.5507312628877686
Application_1153650473,1,1,0.6059462522811765
Application_680098686,1,0,0.4723732004337186
Application_995953093,0,1,0.5781370824801414
Application_1485877917,1,1,0.5485964442442337
Application_1932288008,1,0,0.47262174438967836
Application_1124023030,1,1,0.557650889405973
Application_840178886,1,1,0.6186081593657767
Application_81830972,0,1,0.6424046561953668
Application_992198577,0,0,0.43461194149369603
Application_1247659934,0,1,0.6084089342754415
Application_2145055012,1,1,0.5156175192102744
Application_1694469667,0,1,0.6062585579670908
Application_57776234,1,1,0.5434381394865115
Application_1803270801,0,1,0.5486972986243431
Application_700409130,0,0,0.4667510864347747
Application_881741064,1,0,0.3336797788694141
Application_1110558665,1,0,0.45581369545950207
Application_1965563143,0,0,0.35292510311862063
Application_1742514819,1,1,0.7258099932388035
Application_18593266,1,1,0.6142922245612721
Application_562703048,0,0,0.4748125787541827
Application_1055536343,0,0,0.45429236932990696
Application_377014556,0,0,0.37763920786875727
Application_777962826,0,0,0.4107346455946613
Application_1135936231,0,1,0.5719939079166056
Application_1777155847,0,1,0.5267979014147267
Application_704902711,0,1,0.5029494247113075
Application_2075927775,1,1,0.6790423626681593
Application_61121501,1,1,0.6346238412385878
Application_962796971,1,1,0.6286796344108607
Application_879185541,1,1,0.6864086534790678
Application_125185651,0,0,0.3917381817075332
Application_1663648698,0,1,0.675367206196542
Application_1325405480,1,1,0.8823461804138775
Application_804597145,0,1,0.5924213632202223
Application_1098498254,0,0,0.4958751607755396
Application_1827217035,1,1,0.5384883093227689
Application_374119345,1,1,0.5630030287197663
Application_159300793,1,1,0.5544513909837472
Application_735610980,1,1,0.6129031243444966
Application_1197871000,1,1,0.6795793079366389
Application_1968875370,0,0,0.4496108054600885
Application_1058590424,1,1,0.7721864536142931
Application_1239762522,0,1,0.6934891930370803
Application_1509144859,0,1,0.6324775480989762
Application_1900831405,0,1,0.675193598207374
Application_1583681139,1,1,0.8060817720189453
Application_1252110212,1,1,0.5385672690483442
Application_1131588689,0,1,0.5884670813906694
Application_1312902296,0,0,0.3534979232968287
Application_1780440689,0,1,0.5311952535420161
Application_836389034,1,1,0.6299803810682969
Application_184083402,0,0,0.4670879058392529
Application_1695461065,1,0,0.4472733512645625
Application_1396244782,1,0,0.44763668264316553
Application_1017220956,1,0,0.44989138201399886
Application_95249419,0,1,0.5062596606916981
Application_979185640,0,0,0.35153271498132366
Application_1734409648,1,1,0.6319877401713139
Application_1401634845,0,0,0.49746683049227475
Application_1810505243,1,1,0.6490702369288083
Application_2050571499,1,0,0.3913528036690059
Application_908129971,0,1,0.80755351067877
Application_863868107,1,1,0.6648569572559796
Application_1343390609,0,1,0.9025720085824045
Application_2123639820,0,1,0.6222427504848379
Application_5733741,0,1,0.668987457560147
Application_597073052,1,1,0.5094041016935268
Application_217634970,1,0,0.47560908571070476
Application_1662782689,1,1,0.9419104012660332
Application_1591405559,1,1,0.5142304209978328
Application_942436331,1,1,0.5868684455086772
Application_1872600475,0,1,0.6199869529072131
Application_656601025,1,0,0.4761463165387651
Application_146650261,1,0,0.4575556386957087
Application_1489702216,1,1,0.6023924667294001
Application_871494636,1,1,0.6912630694670995
Application_1919383044,0,1,0.6921902344536904
Application_1061764162,1,0,0.4549621355184767
Application_720271570,0,0,0.3803605616908822
Application_1163931741,1,0,0.4679463715956827
Application_81400760,0,1,0.5102922568266972
Application_2067516303,0,0,0.4432642790668563
Application_1279542983,0,1,0.5021019529469444
Application_580613034,0,1,0.8465273491076672
Application_231706727,0,1,0.5089611107744187
Application_1699693958,0,0,0.4989964478455805
Application_717856936,1,1,0.7623060097623843
Application_1202498150,1,1,0.5540546449271071
Application_2030070785,1,0,0.4324948458648129
Application_1596032771,0,0,0.31033218543107194
Application_1956370444,0,1,0.8571942400637477
Application_1988732462,1,1,0.5361724352729068
Application_1661353649,1,0,0.4941578153733187
Application_873572965,1,1,0.548699540453204
Application_213878489,1,1,0.5578661655406979
Application_1237708187,1,1,0.5130915476060589
Application_538169581,0,1,0.6030721429819375
Application_913565403,1,1,0.6157270523984135
Application_1412655400,1,1,0.7922903962155746
Application_139354683,1,0,0.4754263760917617
Application_370191543,0,1,0.6034608667370243
Application_542945180,1,1,0.5740883951423918
Application_2092494977,1,0,0.4378607757915556
Application_1226994121,0,1,0.5091115906014805
Application_74879530,0,1,0.5036387960168134
Application_1388588699,0,1,0.5112220340555433
Application_1603336383,0,1,0.5631003169448121
Application_336983203,1,1,0.5393247861448383
Application_1311723179,0,1,0.7146556522459215
Application_614870883,0,0,0.3773471883182677
Application_1526742780,0,1,0.6804469474408698
Application_335581048,0,0,0.3318410319663727
Application_1577698883,0,1,0.5082723412439862
Application_1286451240,0,1,0.6012923482447519
Application_1810142000,1,1,0.6072438241613681
Application_188033371,0,1,0.5238050644550561
Application_1135919263,0,1,0.5875751398510702
Application_1712881768,1,0,0.44435526927915553
Application_125225552,0,1,0.8510161639394571
Application_317286636,0,1,0.6041476542416018
Application_1969376709,1,1,0.7963021950643085
Application_1830261390,1,1,0.6808837639056757
Application_377946876,1,1,0.5710846982495327
Application_2102558833,1,1,0.6855218767077714
Application_1605512326,1,0,0.4693656701610864
Application_1606631152,0,0,0.3484449418900005
Application_1243342863,1,0,0.3442254612542881
Application_1318432512,1,1,0.531504457892587
Application_1894052702,0,0,0.47695912151860914
Application_2034665751,0,0,0.45321800304155335
Application_473947723,0,0,0.23418937566067663
Application_1278442463,1,1,0.6780799141693493
Application_195791653,0,1,0.5063882230733037
Application_831945086,1,1,0.529514799918176
Application_1828870553,0,1,0.5785536275073587
Application_920250519,1,0,0.4307777016740182
Application_2102301623,0,1,0.5740141131883773
Application_1568010629,1,1,0.5261254209111904
Application_2136573543,1,0,0.42988467351725007
Application_1770453247,0,1,0.6704858906725824
Application_1328238857,1,0,0.4170076594865367
Application_1892394315,1,0,0.32036044534708474
Application_2027499518,1,0,0.4840798013078507
Application_130653490,0,1,0.6248128600955802
Application_1070807650,1,1,0.632076491838931
Application_1095104169,1,0,0.3601731289289466
Application_837329814,1,1,0.8454355400920028
Application_1122854866,0,0,0.4462212049391954
Application_2084407394,0,1,0.6893150064723454
Application_1435504879,0,1,0.6374316001100349
Application_1440806794,1,0,0.4366957033686698
Application_7640074,1,0,0.44369393662120254
Application_3575600,0,1,0.5778390795352055
Application_1077802585,0,1,0.8476997029964817
Application_365799467,1,1,0.5442376293413901
Application_1087361782,1,0,0.3471508610016755
Application_931528070,0,1,0.6442418848731437
Application_92071720,1,1,0.5154365907430867
Application_1285608570,1,0,0.34426248163109846
Application_1711767983,1,1,0.6497308693114989
Application_1782198949,0,1,0.5867334247341845
Application_333905118,1,1,0.5329272138160762
Application_293739411,0,0,0.3293925366544105
Application_787973169,1,0,0.49810128955565397
Application_1163869706,1,1,0.571766866495479
Application_1322558151,0,0,0.32395747316505025
Application_404868831,1,1,0.5848493512436952
Application_2013171518,1,1,0.6153764011748666
Application_930473495,1,0,0.4531326157205127
Application_1291158706,1,1,0.5236803392438774
Application_1256502858,1,1,0.5284938621097597
Application_1437553021,1,1,0.521863943617493
Application_1632754032,0,0,0.3294025190651204
Application_930816441,0,0,0.4897007091422371
Application_1952405075,1,1,0.565193955851491
Application_322102475,1,1,0.5047884740516281
Application_1584556673,1,1,0.5369372364832299
Application_1317004789,1,0,0.29965558798178465
Application_1719040859,0,0,0.3571068769269797
Application_1340467389,0,0,0.3310414749437149
Application_1159647718,0,1,0.6867081003308728
Application_1755318381,1,1,0.6713759373253605
Application_494716403,0,0,0.47669754136769654
Application_427956403,1,1,0.6197000106928864
Application_1076959874,0,0,0.32199061619022845
Application_270744376,1,1,0.6014891476410245
Application_588444446,0,1,0.5628444904964461
Application_1351428864,0,1,0.5772240049699827
Application_300477732,0,0,0.320180952791385
Application_658384558,1,0,0.25966434579545533
Application_75663961,1,0,0.3855775798924532
Application_307672567,0,0,0.4151230115340752
Application_30639530,0,0,0.42046891358876715
Application_1982581306,0,1,0.6087536989771205
Application_407010106,0,0,0.42063895561183334
Application_1044940133,1,0,0.39838229933744135
Application_662049888,0,0,0.26228479975149765
Application_1746613852,1,1,0.68913921827318
Application_828007234,1,0,0.465695444677078
Application_1396822070,0,1,0.619829744284499
Application_1049376478,1,1,0.5320579927341703
Application_1222103386,1,0,0.32237649905116955
Application_31108797,1,1,0.5239555192614945
Application_1474745448,0,0,0.27270988112849265
Application_2123253856,1,0,0.47400769738730136
Application_1747296180,1,1,0.5176701859814588
Application_1305704058,0,1,0.5265487711927936
Application_1515622970,1,1,0.6050780653134027
Application_546567068,1,1,0.6240414867947026
Application_1605786633,0,0,0.45181681539807433
Application_215646616,1,0,0.4404045058888338
Application_903795625,1,0,0.48225792523066874
Application_1407490115,0,1,0.6396492448569142
Application_1976246233,1,1,0.5080729540363539
Application_400334699,0,1,0.5249507473990503
Application_2131822593,1,0,0.3881948152996439
Application_2022281352,0,0,0.40726363571562707
Application_1197889328,1,1,0.677949041530105
Application_1380332522,0,0,0.47094366126900084
Application_2021325909,1,0,0.4712919404611644
Application_1839957236,0,0,0.4035406997772543
Application_2025173856,1,1,0.5724335401798254
Application_1392494853,1,1,0.5350628625484604
Application_1182045705,0,1,0.5117060393754921
Application_2012391145,0,0,0.40411962588967604
Application_388623198,1,1,0.5962586783807106
Application_550590684,1,1,0.5474580919466668
Application_1457230344,1,0,0.44068207358260214
Application_1773437231,1,1,0.5736134699548329
Application_1846502351,1,1,0.5346613731982832
Application_318805669,0,1,0.5021219250879116
Application_390518803,1,0,0.4831441786347715
Application_549317081,0,1,0.5489097183553425
Application_120450797,1,1,0.5431314638616102
Application_1410285531,1,0,0.44313331808777684
Application_1953648569,0,0,0.3409512587577556
Application_20756984,1,0,0.4280122487626053
Application_1020830584,0,0,0.41000173593657285
Application_1370301821,1,1,0.5599642574203292
Application_1686397683,0,0,0.3788728413043819
Application_444199448,1,1,0.646481186593864
Application_1127317112,1,1,0.5685581856288777
Application_630885216,1,0,0.48112203417778815
Application_441255864,1,1,0.6817815425149427
Application_186670484,0,0,0.4594592764109604
Application_1961369857,1,0,0.45138965849746343
Application_945218374,0,1,0.8420525240879567
Application_2123359397,1,1,0.8123786863561201
Application_1194278424,0,1,0.6644732789407252
Application_1933903807,1,1,0.866933150500112
Application_1777172908,0,0,0.2744094949534982
Application_667929164,1,1,0.5914672560874938
Application_128258840,1,0,0.44893761198747545
Application_601987144,1,1,0.8131580038862453
Application_1010825982,1,1,0.7424334244955637
Application_244038478,1,1,0.7935565023501377
Application_2143271804,1,1,0.7528313214534965
Application_1231423519,1,0,0.3946832626642774
Application_917933158,1,1,0.7377410761260488
Application_1140505774,0,1,0.7433150217257134
Application_365169523,1,1,0.5791267384203104
Application_227136917,1,0,0.4086142716293489
Application_828345629,1,0,0.4389975407170345
Application_1300625552,1,1,0.5359894862934359
Application_1625631203,1,0,0.4360916706595844
Application_399804336,0,0,0.23704430086752887
Application_1749301905,1,0,0.4510029358482327
Application_2058314938,0,1,0.6267719901068173
Application_418355103,0,1,0.5173819268298859
Application_93884526,0,1,0.5511695556512928
Application_1049772483,0,1,0.5247921463639142
Application_1674949270,1,1,0.524538635640165
Application_339407729,1,1,0.798065532989073
Application_1295599717,0,0,0.46454473314341116
Application_1105925592,1,1,0.7552829647566445
Application_31924676,1,1,0.5955660772615043
Application_717781808,1,1,0.5221094291923851
Application_972625713,1,1,0.6540652169462652
Application_623112993,1,1,0.5712583698891623
Application_1525515552,0,1,0.6122424432947584
Application_1697908264,1,1,0.5680914797639347
Application_1685751325,0,1,0.5787528855661586
Application_161248895,0,0,0.46576348520920063
Application_1614789186,1,1,0.5609395553383842
Application_1116736783,1,1,0.7183613056974906
Application_286873144,0,0,0.28278741079519537
Application_540471605,1,1,0.69050836697029
Application_1374324644,1,0,0.27348569660363337
Application_1811479780,1,0,0.38962025925012483
Application_2030167708,0,1,0.5560171461096503
Application_1313489992,1,0,0.488116030745639
Application_851943059,0,1,0.5630711932680084
Application_1744051272,1,1,0.5435951125982257
Application_1360556476,0,0,0.45309614771648155
Application_607669715,0,1,0.6208091528077081
Application_249437501,0,1,0.5338914360892565
Application_1664614522,0,0,0.4882112360254521
Application_1627790606,1,1,0.5785452001371503
Application_1285342453,0,1,0.5127078465443563
Application_553247416,1,1,0.6886504668813369
Application_330153287,1,1,0.580620193362166
Application_1269575140,0,1,0.5540143342101622
Application_2057354751,1,0,0.46859351694619683
Application_90260130,1,1,0.5659860974842903
Application_983760603,0,1,0.7388229913775143
Application_760332880,1,1,0.6974851943159407
Application_1387679604,1,1,0.6418046849160011
Application_178752186,0,0,0.3980083717121288
Application_804402629,0,1,0.5919005863145872
Application_1095452972,1,1,0.6887436275582941
Application_113709871,1,1,0.760332404023672
Application_2024566478,0,1,0.5068784090972518
Application_2089315093,1,1,0.5818880741884109
Application_1318266756,1,1,0.7411727777994285
Application_1474309108,1,1,0.5135223586829032
Application_1131778419,1,1,0.6971935333810212
Application_772221126,1,1,0.6762829100326021
Application_211870043,1,1,0.5748003058563809
Application_80099284,1,1,0.5236770167511694
Application_370675690,1,1,0.5384871514229895
Application_619730681,1,1,0.6285587215177446
Application_1991735900,1,0,0.05574993027956048
Application_1696294684,0,1,0.5151815589866767
Application_2020582584,1,1,0.6780320674322677
Application_620734845,0,1,0.7013278271265722
Application_406361456,1,1,0.5477623427216244
Application_1337249907,0,1,0.5340207254339159
Application_1054883456,1,1,0.5474770193693208
Application_1454712100,0,1,0.5058526627903536
Application_2052460683,1,1,0.7048520954372259
Application_77518101,0,1,0.5763151588442816
Application_237867019,1,1,0.5497996808549586
Application_1004601801,1,0,0.49597736842843976
Application_979814684,0,0,0.4842469712194766
Application_621694962,0,1,0.5554639929536307
Application_1703721614,0,1,0.5525745422694911
Application_2049369187,0,1,0.5310723840152192
Application_1090891539,0,0,0.49541471481461125
Application_1329577059,0,0,0.44955670446548496
Application_2101816492,0,0,0.31641629920025166
Application_1109017383,0,1,0.7018476514371136
Application_759433129,1,1,0.6889067407701714
Application_1054644292,0,1,0.5401783367598975
Application_458368971,1,0,0.28348604333549665
Application_1751472175,0,1,0.7048215114910464
Application_1527873568,0,1,0.8762147044039195
Application_382781915,0,0,0.42343085097673056
Application_600084950,0,0,0.41536115115021993
Application_10431674,0,1,0.7576640711951976
Application_1084874653,1,1,0.7938414256669344
Application_1346588557,1,0,0.42964498968238535
Application_2044328508,1,1,0.5528050195563513
Application_606265893,0,0,0.4733829882758531
Application_535094497,0,0,0.46206710279207536
Application_459492793,1,1,0.5122562290590923
Application_1705393050,1,0,0.43729355049242047
Application_1319213620,1,1,0.5731688567244672
Application_2047957251,0,1,0.6193426406922221
Application_844931912,0,0,0.45301504128795794
Application_1325302224,1,0,0.3986727539423329
Application_1540267654,1,1,0.5137806529126918
Application_821314733,1,0,0.4847829203319173
Application_88473878,0,1,0.6051912814848939
Application_437767223,1,1,0.5129899817490772
Application_719982445,1,1,0.5429012754869463
Application_1425136490,0,1,0.5029942860297801
Application_1796845896,0,0,0.3540991137107976
Application_350652330,1,1,0.541987280241306
Application_1063334591,1,1,0.5345245818372124
Application_1748600294,1,1,0.7463808278465234
Application_962221093,1,1,0.6905090528671751
Application_2043676047,1,1,0.7413070901465765
Application_31630312,0,0,0.40012380898634764
Application_149596655,1,0,0.41093127157173903
Application_1167218989,1,1,0.5863598229737449
Application_244825819,1,1,0.6772995844347965
Application_1231464056,1,1,0.5738178203779889
Application_414001577,1,1,0.5830749822696865
Application_595363130,0,1,0.7099146175604426
Application_2042761377,1,1,0.5957616291921894
Application_1299469760,0,1,0.6348456419080811
Application_1813761377,1,1,0.5819565688963367
Application_1354903400,1,1,0.6066322847178859
Application_2118429749,0,0,0.4663732393919843
Application_781847509,0,1,0.5648188538574869
Application_1840614207,1,1,0.7209361119656612
Application_1203184751,0,0,0.36057822447852445
Application_39868697,1,0,0.4628371102865088
Application_1906307438,1,1,0.6683910491279916
Application_890428082,1,1,0.7896715731446775
Application_1033444821,0,1,0.5887192610626497
Application_48490086,0,0,0.47322554250240384
Application_309092058,1,0,0.38199977321881406
Application_1265413720,0,1,0.6293753040161078
Application_907768926,1,1,0.514193290992428
Application_684359829,0,1,0.5387594845794288
Application_1767363735,0,0,0.3023776444416074
Application_2125221710,1,1,0.5801751568785383
Application_1386564931,0,0,0.3953037787335853
Application_1332567294,1,1,0.5164205350205242
Application_2053301194,1,1,0.6927813953224311
Application_1518333773,0,1,0.5689487995508203
Application_331373069,1,1,0.5513106521109502
Application_434982465,0,1,0.5851857772349922
Application_824325013,1,1,0.7118209455687675
Application_64747043,1,1,0.5420327010854505
Application_695714980,0,1,0.6474561955076527
Application_506291317,0,0,0.41814433523510774
Application_757207055,1,1,0.5867491838902341
Application_28299345,0,1,0.5138784470348344
Application_471347316,1,1,0.6462270436864851
Application_1517065409,0,0,0.3790650519169647
Application_1792807150,0,0,0.4642153610353425
Application_354038814,0,0,0.45253521554334464
Application_855274864,1,0,0.48575024477819045
Application_942667715,1,1,0.5780772987315668
Application_1292171120,1,1,0.5138883345110397
Application_361129072,1,1,0.6551148457466016
Application_1464437874,0,1,0.5371216531105475
Application_944562718,0,0,0.4902992848291723
Application_1289751033,0,1,0.5817164291593654
Application_1647830097,1,0,0.3899630015827451
Application_1754698041,0,1,0.5128279242763707
Application_352581778,1,1,0.6963339675286406
Application_409698808,0,0,0.49147611156537585
Application_1483928070,0,0,0.3283169698365171
Application_1469856555,1,1,0.6899961655688435
Application_214380816,0,1,0.6148213139406417
Application_1662936819,0,0,0.44718914539519933
Application_1297366419,1,1,0.5384815972306145
Application_1107950925,0,0,0.3830714395361392
Application_2000391541,0,1,0.5282502652612496
Application_353480544,0,0,0.49827529104174495
Application_145921979,0,0,0.48221303504068436
Application_1221422293,0,0,0.49519310349079687
Application_215162392,1,1,0.5342224356491163
Application_1992033392,1,1,0.6172731374256563
Application_564280997,0,1,0.771647316194592
Application_680438590,0,1,0.538500316640267
Application_2099960291,0,1,0.7501773821159073
Application_1580066848,1,0,0.4411543692518271
Application_901633533,1,1,0.5734839178408115
Application_585641427,0,0,0.32938619211415826
Application_1631798706,1,0,0.40755870151249407
Application_1765755529,0,1,0.5033430376039779
Application_497490559,1,1,0.5789593992344501
Application_399487431,1,0,0.14731672688959327
Application_1284111301,0,1,0.5101774834578409
Application_797468359,0,1,0.5079724168679675
Application_1576819977,0,1,0.5879075488675265
Application_962826231,0,0,0.484413485945236
Application_264669276,1,1,0.7355548254612969
Application_1893569216,1,1,0.627634769384862
Application_1139587159,1,1,0.641948559796256
Application_1202415638,1,1,0.6484713272068345
Application_444247314,0,0,0.28721289367515795
Application_309030545,0,1,0.5415191268233933
Application_1610707738,1,0,0.2813232174170261
Application_2051352129,1,1,0.7516466034874622
Application_1929025400,0,1,0.6803011732737412
Application_1865491187,0,0,0.3792327786746411
Application_1346708837,0,1,0.6736947011365895
Application_1714104881,1,1,0.5599655831569282
Application_818544524,0,1,0.6762005031777409
Application_1650416539,0,0,0.41902453743841395
Application_1176826367,1,1,0.522032786637088
Application_1753972267,1,1,0.5521171677369532
Application_1834515661,1,1,0.5420788062219092
Application_175875884,1,1,0.6091613057163652
Application_339050206,1,1,0.6945052826715167
Application_1574871736,0,1,0.5053131501376508
Application_274300371,1,0,0.47393192409997464
Application_474718991,0,1,0.5370607964053212
Application_1237394333,0,1,0.5528985246678922
Application_790779450,1,0,0.4068921764055754
Application_672871272,1,1,0.6122863792339858
Application_314497877,1,0,0.3272420896905127
Application_47407194,1,0,0.49275488675800533
Application_1624295834,0,0,0.3297249658965076
Application_598122150,0,1,0.5180852590545459
Application_1939778064,0,0,0.25173424581976217
Application_1815342522,1,1,0.5835312278723551
Application_1322203709,1,1,0.7236518883293095
Application_239477558,1,1,0.5333325994207955
Application_118524871,1,1,0.7608486380372379
Application_1099777932,0,1,0.7173609049183616
Application_825460349,1,1,0.6073441049671837
Application_900320294,1,1,0.6202354154474247
Application_2067372278,1,1,0.6315456820431158
Application_1102933096,0,1,0.5902319943510312
Application_1974444755,0,1,0.6263724671158916
Application_1284443099,0,0,0.2303425658130248
Application_152090342,1,1,0.6591335726296336
Application_863774773,0,1,0.6574446530849131
Application_526507473,1,1,0.5734915064464801
Application_92982126,0,0,0.2820056838244383
Application_669667104,1,1,0.6746152318703834
Application_269993344,1,1,0.6081248316236356
Application_1562291654,1,1,0.6412953482481665
Application_488035660,1,1,0.7129760085441392
Application_1924377980,0,1,0.6790853710308585
Application_605367983,1,1,0.7035151015738466
Application_606196992,1,1,0.6015074231167686
Application_1238018991,1,1,0.5875665946832899
Application_611092804,0,0,0.43692690967128894
Application_926871261,1,1,0.6651347566159709
Application_156087508,0,0,0.3865497394273446
Application_25181870,1,0,0.45998199165017023
Application_2009085424,0,0,0.3037353502038397
Application_925344672,1,1,0.6188413807456704
Application_1241310529,0,0,0.4437326471779831
Application_364222888,1,1,0.5121424644420864
Application_1487320768,1,1,0.5205596952441407
Application_270300649,1,1,0.5942803895353436
Application_835234957,1,1,0.6414258599248606
Application_1377067074,0,1,0.7364211347276006
Application_361368763,1,1,0.5281905598890274
Application_677637617,1,1,0.6402104535256301
Application_726395032,1,1,0.6889601455666692
Application_1409912288,1,0,0.4589060035896608
Application_356639618,1,1,0.6971993256413052
Application_672929604,0,1,0.6722041093822549
Application_1807304387,0,1,0.5206415164746037
Application_362042856,1,1,0.9979095912308975
Application_716417972,1,0,0.30054476811202124
Application_1163193079,1,1,0.5111359434724265
Application_1310531701,0,1,0.6619335278423358
Application_1271426699,0,1,0.627589665657585
Application_1056684759,0,1,0.628440447722341
Application_353132847,1,0,0.4633297646236361
Application_2055667501,1,1,0.583166912051817
Application_1165924661,1,1,0.6349515331667402
Application_1404558282,0,1,0.6080461520611303
Application_1420038790,0,1,0.7227084562695959
Application_475848616,1,1,0.7074020639669206
Application_420528716,0,1,0.5304474123718724
Application_422395087,1,0,0.43660110986615086
Application_1175493423,1,1,0.5170055271741185
Application_477170224,0,1,0.5254760640791369
Application_1273378053,0,1,0.715814383639313
Application_573409420,0,0,0.46249483914094713
Application_190552415,1,1,0.626452349504864
Application_24270864,0,0,0.3584544817378249
Application_508615021,0,0,0.4262275760056316
Application_723389752,0,1,0.7988539519564821
Application_483215002,1,1,0.6869679724042992
Application_1122482586,1,0,0.3342728597766972
Application_2098447669,0,0,0.47455513529204224
Application_1429725995,0,0,0.28442627324097747
Application_2035341294,1,1,0.6299846963758728
Application_482074650,1,1,0.5680919178541212
Application_844394684,0,0,0.3654809863308515
Application_1025457860,0,0,0.46401434990833806
Application_1339084588,1,0,0.28062874196964743
Application_1703509179,1,1,0.660672206546976
Application_892444494,0,1,0.6351737749837708
Application_1509740627,0,0,0.28320408911792555
Application_1590453625,0,0,0.33010471431822314
Application_959028510,1,0,0.41059518109453563
Application_2033490195,1,1,0.586855104227271
Application_2038249469,1,1,0.5201938971176454
Application_74095387,0,1,0.5190329445464975
Application_372771478,0,1,0.5369039681609532
Application_2060092602,1,1,0.5505748989242709
Application_1702207070,0,0,0.3666103379697451
Application_1300909718,0,0,0.4602799183702143
Application_75055078,1,1,0.5205925512562168
Application_371422401,0,0,0.47671515463552094
Application_1031467191,0,0,0.4279706585947149
Application_211237020,0,0,0.4605643267585174
Application_1718649293,1,1,0.5140946451309709
Application_867437609,0,0,0.4664676484753672
Application_1214035810,1,1,0.6190808318039239
Application_1710327474,1,1,0.5248914839210201
Application_1357845307,1,0,0.3187839370025462
Application_1210329743,0,1,0.5200747190599252
Application_16788049,0,0,0.4030058670567294
Application_2009554924,0,0,0.4455374299886425
Application_809034186,1,0,0.33333645434601467
Application_391675176,0,0,0.3334352921462371
Application_1509198590,1,0,0.38025743225925684
Application_1683189142,1,1,0.5372828551953055
Application_1280565629,1,1,0.5451482332049298
Application_362185894,0,0,0.4633257177977465
Application_1745680840,0,0,0.45595049463367765
Application_1176104412,0,0,0.46922633335349456
Application_124288958,1,1,0.6134982989885235
Application_570875507,1,1,0.5897053673283098
Application_2067204767,1,0,0.38436788785733844
Application_1312733757,0,0,0.33071201748218454
Application_933620779,1,1,0.7407709290851618
Application_609106039,0,0,0.4818280249307977
Application_977974864,0,1,0.6866481279112401
Application_329041133,1,1,0.5469300113156847
Application_619754126,0,1,0.6681661940929385
Application_21872303,0,0,0.446616563788299
Application_970503441,0,0,0.48078243001791915
Application_1354066062,0,1,0.5398242300322604
Application_2007094916,1,1,0.900659746564891
Application_507216164,0,1,0.645451197261758
Application_971318597,1,1,0.6367338847593866
Application_801889364,0,1,0.7535350883649933
Application_1816932338,1,1,0.6188642156586652
Application_2099002424,1,0,0.4132995901518445
Application_317543316,0,1,0.8056477729928829
Application_1849739044,0,0,0.37118417215533067
Application_1057130346,1,0,0.45211972337204653
Application_336250197,1,1,0.5425336076361365
Application_1346612073,1,1,0.7040092325784395
Application_1878960760,1,0,0.35163002038810487
Application_1495351732,0,0,0.4595539616897209
Application_2188153,0,1,0.6773496875541171
Application_313951333,0,1,0.6508132154803747
Application_1405826636,1,1,0.6166026473178897
Application_253964593,0,1,0.5259392730744143
Application_649819908,1,0,0.45832505844720084
Application_65717423,0,1,0.7373778883511454
Application_1140599197,1,1,0.7457692307635795
Application_507570451,1,1,0.6638240490827669
Application_869556376,1,1,0.5765321496640978
Application_6091391,1,1,0.6608643293749363
Application_1005228320,1,1,0.5332727009757489
Application_1894562710,0,0,0.37236973205066515
Application_1444165100,0,1,0.5567336312592919
Application_66692782,0,0,0.45861989911851414
Application_1063519740,1,0,0.3882738494856591
Application_1713280237,0,0,0.48278658525592133
Application_1289787823,1,1,0.6364295268219968
Application_2144993835,0,1,0.5052378201317184
Application_1065388275,0,1,0.7018364092242481
Application_1066386001,1,1,0.591391565644636
Application_10750697,0,0,0.3687403038583126
Application_211406000,0,1,0.6230356246255433
Application_870788218,1,1,0.5716500016127404
Application_1214717043,0,0,0.4125719282998048
Application_2137261298,0,1,0.5384628511937057
Application_1494462305,1,1,0.6397462283744003
Application_239576189,1,1,0.6076165990144927
Application_108975302,1,1,0.6065053704814726
Application_206958042,0,1,0.538251560664429
Application_2103762647,1,1,0.5008869672672261
Application_951477217,0,1,0.6332460373347503
Application_39907373,1,0,0.4774984230918538
Application_1853216913,1,0,0.49153123128316834
Application_1034123285,0,0,0.3372762293249621
Application_313537150,1,1,0.6140195386738125
Application_945608690,1,0,0.44538335322642064
Application_1503697905,1,0,0.4911868803760318
Application_1926088015,1,1,0.6690965700934725
Application_1209968775,1,0,0.4775736226038386
Application_585037499,1,0,0.425894446664852
Application_2003563740,1,1,0.7562913009476012
Application_309853327,0,1,0.6135358594981881
Application_1122739100,1,1,0.5867589821632393
Application_290930697,1,0,0.480711752493478
Application_1045534588,1,0,0.4838894012116629
Application_28343073,1,1,0.5095842887984008
Application_217974632,0,0,0.3072181207810852
Application_1426929415,1,1,0.5868700271780029
Application_1465306938,1,0,0.4779873296504007
Application_955500524,1,0,0.39081191919652747
Application_509076290,0,0,0.43207517669361845
Application_1704022308,0,1,0.5602305244409345
Application_413158301,1,0,0.49410129894806704
Application_585382591,1,1,0.6068026266057721
Application_1003291296,0,1,0.6164274442780358
Application_489550304,1,0,0.4838209906518261
Application_1488146222,0,1,0.6858120837891793
Application_1703568228,1,0,0.45278739063326684
Application_1732988770,0,1,0.529296499507767
Application_334270615,0,0,0.4794886735284056
Application_1052198739,1,1,0.5670157809895697
Application_573409679,1,1,0.5747711603714087
Application_58538311,1,0,0.4652300094803266
Application_1871006480,1,1,0.6286628265160671
Application_1868755154,1,1,0.5407778865484079
Application_903106887,1,1,0.553398253787614
Application_1870978242,0,0,0.4795323016035127
Application_1992831212,1,1,0.6393213942888207
Application_1793992683,0,1,0.5571305144187435
Application_1797276682,0,0,0.09416201289741959
Application_975946794,1,0,0.42145734328158574
Application_2048261328,0,1,0.5504721891392714
Application_1922430231,1,0,0.49339703816219316
Application_981705597,1,1,0.5351029814486452
Application_1701983265,1,1,0.6565355885897357
Application_1255603560,1,0,0.4670370981246451
Application_905878935,1,1,0.5416879592715907
Application_471484016,1,1,0.6160746104313197
Application_1617413255,1,1,0.5517474597135689
Application_574810235,0,1,0.5283052984379467
Application_892223013,1,0,0.42827495120713815
Application_2077147247,1,0,0.34453781296100855
Application_182230304,0,1,0.7535250355529868
Application_1817553519,0,1,0.7546627630096262
Application_777336393,1,1,0.6131834568124989
Application_965113608,1,1,0.6801200281780215
Application_1314683306,0,0,0.12754524723090344
Application_1467934474,0,0,0.4929248960101638
Application_394515882,1,1,0.6541498338731448
Application_90041934,0,0,0.4765075941834184
Application_957297083,1,1,0.6654971813190007
Application_746932178,1,1,0.599990785922137
Application_233012825,1,0,0.438592704084182
Application_19902638,1,1,0.6878767894234926
Application_1123487192,1,1,0.5493437678665006
Application_1681794627,1,1,0.5999172603248202
Application_2098518347,1,0,0.47395004277973357
Application_1560374875,1,1,0.5328354494994625
Application_1114088888,1,0,0.4977695337040004
Application_899248977,1,0,0.32027058116191925
Application_1636466059,0,1,0.5195234214599614
Application_1179132529,1,1,0.5304799900381583
Application_200623911,0,1,0.7273688072391441
Application_1892752886,0,1,0.6565098592501433
Application_2107501162,0,1,0.5002472635814362
Application_1635282054,0,1,0.7808723654149003
Application_1161220202,1,0,0.43031242707035744
Application_1812362363,1,1,0.6224933633019395
Application_1454329645,0,0,0.3897457490569586
Application_48128651,1,1,0.6206053846547698
Application_1908521808,1,1,0.5167626996352467
Application_1485710725,1,1,0.5910820793569648
Application_1861181811,1,1,0.5208634093101646
Application_1183957528,1,1,0.6246293461522081
Application_102338755,1,0,0.39427240605285024
Application_390522628,0,0,0.49428686481153045
Application_99210081,1,0,0.44538635093759693
Application_1950237720,0,1,0.5051252147800249
Application_394129589,0,1,0.6686977972378436
Application_1261424268,1,1,0.632917226139767
Application_1323041202,0,0,0.2139035760236262
Application_965268021,0,1,0.5658091941532677
Application_100886157,1,0,0.44299620326192
Application_214939523,1,1,0.6085077824786834
Application_614865485,0,1,0.5266024680256471
Application_643691008,1,1,0.6010380145987216
Application_281141251,1,1,0.5551578028419022
Application_1955841156,0,0,0.4655312256066089
Application_296299859,1,1,0.5240128121702705
Application_1265633548,0,0,0.46250306783230133
Application_1581528480,0,1,0.6107794998425609
Application_1504386349,1,1,0.5844855179587946
Application_466648449,0,0,0.47319663397743916
Application_1250084864,1,1,0.6469537154413146
Application_133935411,0,1,0.6607453496460699
Application_1612817160,0,0,0.45502842800742566
Application_1264113522,1,1,0.7307855855771448
Application_189815000,0,0,0.3609185668114513
Application_581105213,0,0,0.31801336925836404
Application_1938485547,1,0,0.4740286014697615
Application_1753374182,0,0,0.496519867711549
Application_1580560695,1,0,0.35047049321046747
Application_1640033565,0,1,0.57707746317773
Application_864162052,0,0,0.4756844270823307
Application_1831243137,1,1,0.756836570669636
Application_709870610,1,1,0.5969308528408406
Application_1649679491,1,0,0.37863257699925185
Application_929368625,0,1,0.5445399316384252
Application_153600539,0,0,0.32963506148422916
Application_1975269949,0,0,0.2725652988846571
Application_1455988851,1,1,0.5054421462246468
Application_746812609,0,1,0.5509280575501904
Application_1197366230,1,1,0.5067182686870554
Application_114560083,1,1,0.5222327371177501
Application_1452181523,1,1,0.7026035913848792
Application_1502744153,1,1,0.6120583483216545
Application_1583440896,0,1,0.5050247974353697
Application_2083866451,0,1,0.5397425273775482
Application_334155346,1,0,0.3308433000333307
Application_381999736,1,1,0.564756603165121
Application_1139528532,0,1,0.5958594586581507
Application_1362590392,0,1,0.5735041239119768
Application_153662314,1,1,0.7532115012939871
Application_916135710,0,0,0.47140457104289674
Application_556819046,1,1,0.6231660601492943
Application_996819598,1,1,0.5631274642735579
Application_327745005,1,1,0.5867033279490895
Application_2071977490,1,0,0.4502931288978463
Application_1220090149,1,0,0.3284795453696257
Application_1130795851,0,1,0.6441592935893206
Application_555276992,0,1,0.5125140595488644
Application_315698810,1,1,0.6536505675354574
Application_1500082122,0,1,0.5276156471713922
Application_91567678,1,1,0.5881964166417765
Application_994357941,0,1,0.519328866874608
Application_767319788,1,1,0.6020070585046565
Application_2073760361,0,0,0.3264483076140412
Application_678098874,1,1,0.5272260843547564
Application_1451515921,1,1,0.5651186817042385
Application_1514842927,1,1,0.5735012658939039
Application_1135553856,1,1,0.5962736552625957
Application_1275545255,1,0,0.4203750755167125
Application_91523066,0,0,0.26353305157847734
Application_1465486025,1,1,0.751111507638918
Application_84849067,0,0,0.4010837892321771
Application_2002603034,0,0,0.498428580368148
Application_2060693162,1,1,0.6905322786575877
Application_601857796,1,1,0.5432270292029012
Application_1374552314,0,1,0.5370139351581614
Application_1846263192,1,1,0.6396212793887452
Application_1997272398,0,0,0.47251381230727896
Application_1782208203,0,1,0.5223652014601292
Application_1365801149,1,0,0.40974773364205236
Application_1502851295,1,1,0.5858403314654318
Application_1123629809,0,0,0.2515916331554766
Application_1740531421,0,1,0.5553546812383395
Application_2063868735,1,1,0.5629628193999701
Application_1791914839,1,1,0.5468734702354401
Application_1888350749,0,1,0.532669924303419
Application_1007601292,0,1,0.5111969406783857
Application_1791228804,0,1,0.5152914247688253
Application_816734015,0,1,0.537085976367583
Application_275122815,1,1,0.5253237214233376
Application_1312537655,1,1,0.5290089743645352
Application_1502105826,1,0,0.4671800369424042
Application_1156056055,0,0,0.4786517165196809
Application_964290361,0,0,0.4015769687677039
Application_1417834440,1,1,0.5391027657394132
Application_1855519591,0,0,0.4439403773604615
Application_94902734,0,0,0.4728816174319952
Application_944171237,0,1,0.5135287257956437
Application_1280739052,0,1,0.5191065670237053
Application_90743535,1,0,0.46752105987430814
Application_343628671,1,1,0.5654200757234034
Application_2058119051,0,0,0.39502942328315066
Application_1095638977,0,1,0.5000708392424356
Application_551444244,0,0,0.48122535094677055
Application_807642821,0,0,0.2907356706422182
Application_2041978198,0,1,0.6134822188629652
Application_1419488876,1,1,0.5007918422008066
Application_1854025624,0,0,0.45214412380729624
Application_555852588,1,0,0.4570254426141494
Application_1327486929,1,1,0.5065506455985354
Application_1090489225,1,0,0.3846331749907309
Application_569214142,1,1,0.5576300974915225
Application_695190318,0,0,0.47096481683873287
Application_1053489256,0,1,0.5267631484896802
Application_1395696555,1,1,0.5996171932206147
Application_55240812,0,1,0.5101305209822276
Application_371118023,0,0,0.49758644497604776
Application_624429547,1,1,0.5145673660236173
Application_981465623,1,1,0.5400625212416301
Application_622941435,1,0,0.47776203946718926
Application_985160394,0,0,0.45700047651463305
Application_2093060269,1,0,0.4578902782380222
Application_1520049058,0,1,0.6452036597560108
Application_627088243,0,1,0.5162382210141133
Application_272645051,0,1,0.5129634255311711
Application_1517703496,0,1,0.5690284055062639
Application_639400430,0,0,0.41654264106317435
Application_795526115,0,1,0.5721741443586453
Application_1793160101,1,0,0.3147367155185103
Application_837911105,0,0,0.44729710143655876
Application_124810635,1,1,0.5157659205353043
Application_440426323,0,1,0.5219685400342425
Application_275348392,0,1,0.515869181361989
Application_116395049,1,1,0.5102442933154581
Application_912681536,1,1,0.7493792749090981
Application_1323794365,1,1,0.7355357301074333
Application_1068273919,1,0,0.46161397577967855
Application_1828381789,1,1,0.6887717020655918
Application_1382111001,1,1,0.7530585055618652
Application_1773800749,1,1,0.5384989809733469
Application_927305192,0,1,0.765988186898905
Application_690863786,0,1,0.6315658698208851
Application_880598776,0,0,0.4050888271885093
Application_1213737526,1,1,0.5699624742774531
Application_1930165253,1,1,0.5610110248711104
Application_1861298112,0,1,0.5306538290311593
Application_1648736780,1,1,0.6294459309287712
Application_997848693,1,0,0.47401976944162
Application_681016501,1,1,0.7471178479757088
Application_944860637,1,1,0.5107034402446401
Application_1437537263,1,1,0.7300864222780084
Application_253804994,1,1,0.6367339929537833
Application_736395295,1,1,0.7185535198967049
Application_1116244383,1,1,0.5385036854498804
Application_1074738376,0,1,0.5792785482860342
Application_2137837243,1,1,0.5385024116981304
Application_1967560502,0,0,0.44455025215862987
Application_1515048435,1,1,0.5775254460999713
Application_327968396,0,0,0.46581033911907976
Application_946565789,0,1,0.5740014452833488
Application_1759946750,1,1,0.9606375742274298
Application_896441766,0,1,0.7366855289263883
Application_2080516029,0,0,0.48874560965850866
Application_1829351727,1,1,0.5475891031639166
Application_1825713542,0,0,0.4892640545983015
Application_1399501567,0,1,0.5872887995194703
Application_1442369492,1,1,0.7743090301659673
Application_138912330,1,1,0.5818055572672364
Application_1631898559,1,1,0.5386302281260383
Application_550228710,1,1,0.7222816505301776
Application_320004079,1,1,0.6284457063693819
Application_1402742037,1,1,0.6626308738791058
Application_1078614640,1,1,0.5718761973071704
Application_1280243861,1,0,0.498006169673593
Application_629867343,0,1,0.5317761599991742
Application_1895224589,1,1,0.6237757620393937
Application_2083328557,1,1,0.8187993606868635
Application_746672835,1,1,0.7109913971091549
Application_1445597770,1,0,0.46738499403526984
Application_1231269305,0,1,0.5096581187108088
Application_397372842,0,1,0.6184816855573032
Application_244920825,1,0,0.49939487228124857
Application_1498613188,0,1,0.6792883927394108
Application_1897876276,1,1,0.613634375357694
Application_1694904885,1,1,0.5542664080982862
Application_83093719,0,1,0.5784397241976831
Application_296572329,0,0,0.2824333819601019
Application_868329739,1,1,0.5191846773450606
Application_1024176807,1,1,0.7238477860668037
Application_1206648420,1,1,0.5584020776770264
Application_1526587361,0,0,0.44371233947290056
Application_561864163,0,0,0.4165272354460527
Application_1312529552,0,1,0.5057813037357793
Application_1692583211,1,1,0.5358503116514599
Application_1291779828,0,1,0.5919813950231241
Application_1029175063,1,1,0.7563447857028723
Application_662896680,0,0,0.37094869773679506
Application_680160715,1,1,0.6620594334176324
Application_1959429828,0,1,0.5168313499057996
Application_1538422690,0,1,0.5111724247719114
Application_2027799986,1,1,0.6203253834073942
Application_1177646759,1,1,0.6465201596212208
Application_1539704560,1,1,0.7230003974106229
Application_1537320657,1,1,0.5060480107612308
Application_1727057027,1,1,0.6735304397157581
Application_1572708761,1,1,0.6012225590457454
Application_2102819676,1,1,0.7039758995577349
Application_1019756607,1,1,0.7701813167096961
Application_1466389629,0,0,0.3835305357737685
Application_1656792289,1,1,0.8547899947846261
Application_123016072,1,1,0.870759396235055
Application_956166407,0,1,0.5409019103275816
Application_1179722001,1,1,0.6724998557983419
Application_1318628263,1,0,0.3147798137880264
Application_316223868,0,1,0.621425821352814
Application_1837263594,0,1,0.5242529372992778
Application_1024774116,0,0,0.2922465364013674
Application_489358039,0,1,0.5343244577764992
Application_1205789692,1,1,0.5271302231297241
Application_720027679,0,0,0.29382464863928426
Application_942762775,1,0,0.48235477382350206
Application_272984769,0,0,0.45310340983739106
Application_2142516993,0,1,0.5734114000936053
Application_1571475247,0,1,0.5545364400979381
Application_1426260594,0,1,0.8752874352403524
Application_1203077095,1,1,0.6122778845557256
Application_2070123392,0,0,0.4796258556295705
Application_1847012732,0,1,0.6576585081249325
Application_772868903,0,0,0.23678891490289578
Application_812148864,1,1,0.6096660789950606
Application_1570046633,0,0,0.4009896908125726
Application_1196260965,1,1,0.6018403430376182
Application_1828081301,0,1,0.9030948609478717
Application_2071184240,0,1,0.5101559440340948
Application_2024966703,0,0,0.3554022728415265
Application_1497767483,1,1,0.6286020022421347
Application_1316424910,1,1,0.573434057834135
Application_813307149,0,1,0.622625749771629
Application_376682366,0,1,0.5879446504470764
Application_423078189,1,1,0.5685277972386303
Application_2131260692,0,0,0.31801930047867333
Application_555781382,0,0,0.33480340000638
Application_379716265,1,0,0.35270904402467484
Application_21610314,0,1,0.5723836262624887
Application_1456223716,0,0,0.4997872221571437
Application_1256797311,0,0,0.4677008949617253
Application_1460401130,0,1,0.624365022088496
Application_1818313246,1,1,0.5797491910269075
Application_1742464377,1,0,0.3716757740963998
Application_1835447552,0,0,0.3923132106432425
Application_1137072794,1,0,0.4353059357686417
Application_183198602,1,1,0.5865144157382085
Application_364299565,0,0,0.4407205978841083
Application_64580395,1,1,0.5826176052521058
Application_817327339,1,1,0.5953423921957575
Application_1824310007,1,1,0.6779052469904303
Application_1651882834,0,1,0.6244725221763573
Application_1832493729,0,0,0.37784006978369056
Application_758200875,0,1,0.5941197176980818
Application_661194677,0,0,0.39615287421503487
Application_1180383220,1,1,0.7083923295730161
Application_1617272391,1,1,0.755781440193403
Application_1972589782,1,1,0.5999893452505889
Application_1891150389,1,1,0.618330412916123
Application_1175093878,1,1,0.6527998712351036
Application_2080868684,1,1,0.6847708970382185
Application_709251515,1,1,0.5896328472996895
Application_64770427,1,1,0.6044239521555064
Application_864484571,1,0,0.4896158857352606
Application_801388233,0,1,0.6368487557198984
Application_2100612556,0,1,0.7241562375914502
Application_245908497,0,1,0.5334851193755225
Application_1791899364,1,1,0.6935440146354939
Application_71451073,1,1,0.5317127343548463
Application_1595644784,1,1,0.58500939910628
Application_1027387746,1,1,0.6889707935675606
Application_703097816,1,0,0.4491961377036136
Application_31244249,1,1,0.7266722214774524
Application_1462952668,1,1,0.9092543443028915
Application_1755263044,0,1,0.5499238040587966
Application_988369102,1,1,0.6325699989449018
Application_1178172301,0,1,0.582670817199328
Application_104317572,0,1,0.5394989622049304
Application_2063282031,0,0,0.4349151613031588
Application_1358744041,0,0,0.4483755848502104
Application_2043047993,0,1,0.524869759484148
Application_852744231,1,0,0.4161399274566382
Application_1147719014,1,1,0.7029451662289302
Application_1615315247,1,1,0.5368045529837223
Application_319696917,0,1,0.585139115046782
Application_1470270483,1,0,0.32163533553919366
Application_315644368,1,1,0.8364104544371355
Application_665402126,1,1,0.6230227784515278
Application_2118644430,1,1,0.6196105276025861
Application_1465150255,1,1,0.6367339105414974
Application_1612070951,0,1,0.5058264101973551
Application_32936700,1,1,0.6015155858461962
Application_1115432729,1,1,0.5177683830361488
Application_1686314556,0,1,0.6403692873206259
Application_1254085728,0,0,0.3226439933624139
Application_1236733745,0,1,0.5377127806585499
Application_1794381253,0,1,0.5644936751094569
Application_1553016273,0,1,0.6365443571569663
Application_1885923563,1,1,0.6785586565256108
Application_677134216,0,1,0.5751314595503414
Application_1789875301,1,1,0.5406091344128583
Application_1885765431,1,1,0.5424221587097123
Application_1140953198,1,1,0.5142749786471216
Application_892251286,0,0,0.4910708413870188
Application_172021397,0,1,0.6067798338665894
Application_1974117177,1,1,0.5584217261852189
Application_463289149,1,1,0.5528179192501993
Application_169115961,1,1,0.5988237583675559
Application_1785864224,1,0,0.3960283397464206
Application_1542028428,1,0,0.4488052243201522
Application_1345545536,1,1,0.5389343187716067
Application_1286997267,1,1,0.7115322393513572
Application_1105903637,1,1,0.5151082246024369
Application_1796438229,0,1,0.5551994601474668
Application_604618408,1,1,0.5469505089246096
Application_1751558677,1,0,0.1596291852660399
Application_1854095435,1,1,0.5386093345594001
Application_1699193343,1,1,0.5734549544244149
Application_1349989477,1,1,0.5556785485205662
Application_493571606,1,1,0.5662312540532046
Application_69886194,0,0,0.46890617250603756
Application_293186607,1,0,0.4562360251457973
Application_337854299,0,1,0.544856683173134
Application_852082039,0,1,0.7314195331717698
Application_1291286264,0,0,0.15816863354975652
Application_1472456050,0,1,0.7093303332943199
Application_399086807,1,0,0.3457408228936077
Application_296111386,0,1,0.5829402537502811
Application_1853491319,0,0,0.11703926802831234
Application_1669429484,1,0,0.4715101195399982
Application_1998036485,0,1,0.7299766061764368
Application_1033509575,1,1,0.6468666144062449
Application_650088661,0,0,0.49415564198525214
Application_856904799,0,1,0.6467550042596464
Application_1540112874,1,1,0.7418629603399648
Application_1635121236,1,1,0.5325732194312444
Application_903761516,0,0,0.4370552028371443
Application_1632702551,0,0,0.42795962233621876
Application_2021996669,0,1,0.5002012585640883
Application_1518765385,1,0,0.4620605774722816
Application_625205810,1,1,0.5487940993638555
Application_1788428875,1,0,0.44382169341761324
Application_181886224,1,0,0.45987963744051746
Application_1319249477,1,0,0.4787236102528726
Application_1129969277,1,0,0.3445698619025159
Application_862319891,0,0,0.33958615051145613
Application_512570243,1,0,0.4848024901058263
Application_2059460268,1,0,0.4744508278006493
Application_199560590,0,0,0.4069410823110128
Application_2001409988,0,0,0.3500720521992995
Application_765444982,0,1,0.6695272630863429
Application_139196339,1,1,0.5139774985346499
Application_76077728,0,1,0.5160968400605515
Application_1364761716,0,1,0.5017631480957686
Application_1021332815,0,1,0.5454503817562008
Application_764210003,1,1,0.7322490023509131
Application_284722986,1,1,0.6740111920249108
Application_1210876281,0,1,0.6836587622516411
Application_185750292,1,0,0.3952510952961092
Application_941665501,0,1,0.6310406486767395
Application_1797034930,0,1,0.5724415107813569
Application_293081460,1,0,0.4062017190869873
Application_1772618335,0,1,0.5608452977126414
Application_1203975466,1,0,0.4486271329635725
Application_1376887477,1,1,0.6611296284723879
Application_1600020197,1,1,0.5702017927822385
Application_1621901239,0,1,0.5384923901070205
Application_1581655140,0,0,0.4543073427549845
Application_797417927,1,1,0.6255544442286592
Application_1584953437,1,1,0.5903444777045346
Application_1648189282,1,1,0.5497869149887575
Application_862284635,0,1,0.5096076661173521
Application_2080395563,0,1,0.5614241098124888
Application_1460504921,1,1,0.6146349482872582
Application_566145527,1,1,0.6880657955208774
Application_1267164884,0,0,0.2643827558953118
Application_864621005,1,0,0.3724817673713873
Application_573128940,1,1,0.6116411774917796
Application_139089952,0,0,0.26867099980552855
Application_1937760784,0,1,0.6013414873739202
Application_1160309805,0,0,0.48108076507450287
Application_1273686478,1,1,0.5360213176307389
Application_1378219675,0,1,0.5946673645508443
Application_1592967370,0,1,0.5591701128077285
Application_1619420792,0,1,0.6071383191663353
Application_779887573,0,0,0.4800876806581601
Application_1052606575,0,1,0.5535945868896003
Application_2025229391,1,0,0.2707200511320432
Application_610018749,1,1,0.7054926870794218
Application_420214466,1,1,0.7276969119395295
Application_1367490967,1,1,0.5878666828962251
Application_952025553,1,0,0.42114228723238784
Application_1275779621,0,0,0.38659359430727475
Application_1667424466,1,1,0.7743845892338073
Application_1944625042,1,1,0.6015079808106235
Application_1141108757,1,1,0.6214141344600281
Application_1489581984,1,1,0.5041011785357091
Application_1990971128,1,1,0.5771423988005148
Application_923517455,1,1,0.6324030276089904
Application_1494056730,0,0,0.32638940788252674
Application_1937302912,0,1,0.7049830169947352
Application_1131744527,1,1,0.7642685117315287
Application_476768361,1,1,0.5759228363501823
Application_1230081214,1,0,0.49776973304585065
Application_933312827,1,1,0.5391209657769716
Application_36692111,0,1,0.5790720801393217
Application_144638430,0,1,0.5996896869740026
Application_936417560,1,0,0.36314733121954573
Application_1098883900,1,1,0.7623083159880705
Application_287618269,0,1,0.5388713538285477
Application_468729534,0,1,0.5187606273790377
Application_1667164492,0,0,0.48833772971514094
Application_147869159,1,1,0.5324960797225547
Application_1010657155,1,1,0.5055837196519576
Application_362083369,0,1,0.5304175834796635
Application_541435146,0,1,0.6092771268452701
Application_1039990121,1,1,0.6372798451203636
Application_541270963,1,1,0.6279754484903148
Application_174523797,0,0,0.4988883891953196
Application_465906899,1,1,0.508429542661709
Application_1959276834,1,1,0.5651201477795595
Application_722930672,0,1,0.5411162843327997
Application_1844570681,1,1,0.7168422228908418
Application_2025810393,1,1,0.5893997057341805
Application_831557107,1,1,0.6077803548261413
Application_1761923867,0,1,0.5741447889353876
Application_1985157106,1,1,0.5334431586159173
Application_1232392890,0,0,0.445921296049614
Application_2028489444,1,0,0.4280279141910901
Application_1904206333,0,0,0.47400594203551116
Application_1680734516,0,1,0.686204756290022
Application_1910954034,1,0,0.402185126925832
Application_1531762977,0,0,0.3798404246183979
Application_984637042,1,0,0.45263064995694363
Application_180312905,1,1,0.5025450109221326
Application_1535488836,0,0,0.3969888319248409
Application_1202543218,0,1,0.5146932354698588
Application_2008855109,1,1,0.5553541033900379
Application_1600961137,1,0,0.39150372426115687
Application_790630836,1,0,0.4292414692345596
Application_1969322143,0,0,0.47417260902915437
Application_98763482,0,0,0.49290743626415867
Application_1468800964,1,1,0.5671946364985108
Application_1402421765,1,1,0.5228286153281826
Application_681868731,1,1,0.5455834468173251
Application_1682805570,1,1,0.618684280035766
Application_1980172661,1,1,0.6511659279446692
Application_2135977945,1,1,0.767704834184507
Application_1604844530,1,0,0.48700739836073365
Application_1621378726,0,0,0.47774591793381793
Application_1364438939,1,1,0.5748559008876466
Application_1974408424,0,1,0.5386036198977816
Application_320656653,0,1,0.6328144569276477
Application_4725841,1,1,0.6935516214899115
Application_41457718,0,1,0.560457246799823
Application_357595149,1,1,0.5637121464843684
Application_1079252932,0,0,0.3658038981682462
Application_1547985122,1,1,0.5130796464321926
Application_1356606116,1,1,0.6307564656630176
Application_29907847,1,1,0.6938259825183816
Application_1049752339,1,1,0.6590809341919549
Application_392342439,1,1,0.6109510039704612
Application_1196222682,1,0,0.44987096575791935
Application_1411667328,0,0,0.4618306282769811
Application_240075618,0,0,0.1950365894173592
Application_1094857756,1,0,0.31008624331063345
Application_413226186,0,0,0.45274150049792533
Application_1991542825,1,1,0.5516206231481097
Application_1801799778,0,1,0.5542110411368905
Application_660898265,1,0,0.41317368963969414
Application_985184981,0,1,0.5377576766871562
Application_726893387,0,1,0.5453772943835596
Application_729468313,1,1,0.5595257009027381
Application_1610326543,0,1,0.5790781627935357
Application_1803607870,0,1,0.5278482872067689
Application_235207605,1,0,0.4628433008339162
Application_1791752256,1,1,0.5760846180475767
Application_1312464776,0,0,0.46246793663755664
Application_410550546,1,1,0.6047792271774214
Application_668695663,0,1,0.5373728666319544
Application_413655543,0,1,0.6481234340721018
Application_2022277549,0,1,0.5498671823039728
Application_1611334093,0,0,0.436415064549696
Application_815351292,1,1,0.5724629827091582
Application_515224882,0,0,0.43784612986780413
Application_14043266,0,1,0.5133468841412343
Application_1350859573,0,1,0.552990004635979
Application_1048229669,1,0,0.47105671319667436
Application_1810497253,0,1,0.6723348803593439
Application_1431271047,0,0,0.4620503749878472
Application_1781035334,1,1,0.6277479809079508
Application_388690811,1,1,0.6264529410875985
Application_746588446,1,0,0.38954592461328885
Application_516455825,0,0,0.46182007517816154
Application_1165348053,0,1,0.6340405699349968
Application_874667301,1,1,0.5723571308673246
Application_673756097,1,0,0.4493899096976744
Application_989790181,0,0,0.4111833674718196
Application_443770026,1,1,0.5939134863308441
Application_1642811374,0,0,0.36866820749367313
Application_1891253476,0,1,0.6367122260612685
Application_334707315,1,1,0.643836102066165
Application_650730518,1,1,0.6088650624753045
Application_423354116,0,1,0.523687920312716
Application_1253032803,0,0,0.3291338638695335
Application_1764808452,1,1,0.7649331057709772
Application_250165774,0,0,0.49743740381386414
Application_1076896696,1,0,0.43594271174491644
Application_1454026823,0,1,0.6001618515150587
Application_1706407359,0,0,0.35275055354324114
Application_876355916,0,1,0.7188935108845922
Application_1443389561,1,0,0.36254594106125754
Application_1836169687,1,1,0.5370268265583764
Application_1777048467,1,1,0.5676469624705492
Application_247180552,0,1,0.6263997906692608
Application_1326172373,1,1,0.7139167304209547
Application_1300773256,1,1,0.810352843248741
Application_1140614876,0,0,0.4579316239721892
Application_721338074,1,1,0.5987609480462841
Application_36278501,0,0,0.3576786891937568
Application_453521125,1,1,0.7755370109146664
Application_668422437,1,1,0.5395603625149983
Application_1156750817,1,0,0.41281132034076923
Application_346800107,1,1,0.6975355929527097
Application_30950654,1,1,0.5317969789281156
Application_679891172,0,0,0.4908406409906792
Application_654932562,1,1,0.599057687498176
Application_1084469664,0,0,0.4276351375392506
Application_1509297391,1,0,0.3675461383442707
Application_10364301,1,0,0.3798867337511869
Application_750865641,1,1,0.6079574925300811
Application_1710293659,1,0,0.4303366591460751
Application_806720781,1,0,0.4426752071566702
Application_1164942045,1,1,0.6737505755873042
Application_619397340,0,1,0.5682407918931219
Application_2127858700,1,1,0.5832819573626965
Application_909952098,1,0,0.41512443061542814
Application_560521157,1,0,0.3273481511000746
Application_522446320,0,0,0.42190700190465086
Application_2131199353,0,0,0.42538234776918754
Application_1415886047,0,1,0.5139813977383243
Application_1923395272,1,1,0.5576091461546445
Application_2047347964,0,1,0.6185381100818742
Application_1587546099,1,1,0.5105538452847075
Application_1740533240,0,0,0.48747618116591396
Application_1548616764,0,1,0.6566849977993016
Application_1168237766,0,1,0.5196477486952368
Application_1614968186,1,1,0.536651753395752
Application_2124615783,0,1,0.6328074075075547
Application_1040902596,1,1,0.6469607506105289
Application_1744329481,0,1,0.6012318592761339
Application_1011743105,0,1,0.5656486538176224
Application_1373903371,1,0,0.15359204402486373
Application_1615943310,1,1,0.8669109244370692
Application_545952433,0,1,0.573201027382621
Application_904028135,1,1,0.7548062773499356
Application_1152621540,1,1,0.5558880293397976
Application_46596447,0,0,0.35856875398959887
Application_1263979201,1,1,0.6263543998814005
Application_669701594,1,1,0.8669245230060659
Application_1409065357,0,1,0.5279539548254848
Application_1025696634,0,1,0.5479540381576626
Application_802516061,0,1,0.7026060170396476
Application_1744206812,1,1,0.5229828273500529
Application_118455744,0,1,0.5831160304118423
Application_62646212,0,0,0.41319855638751396
Application_1009604939,0,1,0.5165395906551681
Application_821809391,1,1,0.5033720182018191
Application_1456019868,1,1,0.8257482056922334
Application_1266586980,1,1,0.5597306024224035
Application_894842968,1,0,0.19900727256126768
Application_1038835670,0,0,0.47927356152873385
Application_1619859813,1,1,0.6492388405240759
Application_823681174,0,0,0.4608617362747903
Application_901390369,0,1,0.565917311447484
Application_1535844879,0,0,0.48177511662628403
Application_368467703,0,1,0.5634480850187482
Application_235841717,0,1,0.5525454304691907
Application_46641543,1,1,0.575166190202117
Application_317164413,1,0,0.3563557227496199
Application_2084447947,1,1,0.504316310464077
Application_1390822818,0,1,0.5582296620604628
Application_1829767472,1,1,0.6980961834716731
Application_1535972219,1,1,0.6118543039301055
Application_233348227,0,1,0.5231713707914208
Application_43612522,1,1,0.6593268839385665
Application_2100889693,1,1,0.680144105026967
Application_827208491,0,1,0.5081309435624836
Application_1662524797,1,1,0.6097579625858096
Application_523131122,1,1,0.5937293973024172
Application_1528403015,0,1,0.6540827578803954
Application_1338784084,0,0,0.3485630010960933
Application_597580909,0,0,0.29706869716548595
Application_1326570106,1,1,0.6644425841643583
Application_1349492321,0,0,0.4885025133436332
Application_603322364,1,1,0.5303333211860357
Application_1302385232,1,0,0.4737588164940716
Application_560407870,0,0,0.3480132880014035
Application_908229321,1,1,0.5527281379146793
Application_1811563411,1,0,0.4859297914590401
Application_276062500,0,1,0.571869438837623
Application_625813474,0,1,0.6553526229983151
Application_129724786,1,1,0.5101912517932601
Application_497495747,1,1,0.5413276204326137
Application_1196891456,1,1,0.5448769567646976
Application_303581122,1,1,0.535471514757513
Application_1663792484,1,0,0.391531083914151
Application_461576889,0,1,0.614076749637776
Application_1317848716,1,0,0.48126641307008855
Application_2054705159,1,0,0.46621371293719976
Application_1898724773,0,1,0.5264154779710277
Application_2055213669,1,0,0.39213444895341226
Application_1700085215,1,0,0.4203703067282173
Application_2020372305,0,0,0.4694784633002444
Application_1818374911,1,0,0.39949982283129337
Application_1370023294,1,1,0.5200923987115353
Application_1583920195,1,1,0.7601529280423576
Application_1754816676,1,1,0.577142051146895
Application_1978035381,0,1,0.5498411149195261
Application_681547497,0,1,0.5147543350853768
Application_2029693986,1,1,0.6368790041488066
Application_72844461,1,1,0.7562850549616524
Application_894374405,0,0,0.48252377057368867
Application_306162839,1,1,0.6679779795959184
Application_438616024,0,1,0.839337214912996
Application_1408575602,1,0,0.48469963520961834
Application_78225089,1,0,0.40665223807050005
Application_587185431,1,1,0.7018799760445237
Application_1369623649,1,1,0.6401583543275834
Application_1559105602,0,1,0.654828117363136
Application_1039841723,0,0,0.2600497301707009
Application_808506107,1,1,0.657279158260708
Application_552235286,1,0,0.4689508775820489
Application_818973933,0,0,0.3917343003681479
Application_1055057439,1,1,0.5061749049963752
Application_2049505116,1,1,0.8775690328469444
Application_676010641,1,1,0.5522405785129402
Application_1193197506,1,1,0.5833783509231278
Application_1475545655,0,0,0.41169505245340393
Application_1593526429,1,1,0.7058262586544378
Application_1378573995,1,1,0.7728852631612704
Application_683270258,0,1,0.7646946521570357
Application_1008012118,0,1,0.6929776224561857
Application_1838695086,1,1,0.5855684412746519
Application_308306449,0,0,0.37336474708549916
Application_1625337065,1,1,0.620374071186319
Application_1974921440,1,1,0.8147326021400624
Application_1013759462,1,0,0.38821686425689444
Application_629281341,1,0,0.47496760321914294
Application_1522165721,0,0,0.3873375105285201
Application_450199756,0,1,0.5074469825165048
Application_1398939332,0,1,0.5136745126904474
Application_1238104643,1,1,0.5388838263623633
Application_602455530,1,1,0.6243771904759512
Application_825818565,1,0,0.49431727159064537
Application_1044858457,0,1,0.5324810132318624
Application_97035604,1,1,0.5243301156584826
Application_1590791050,0,1,0.5029402310073462
Application_1465705504,0,1,0.6164525007246445
Application_1328690304,1,0,0.49219262282260867
Application_1910779163,0,1,0.6576196177110778
Application_2026330587,1,1,0.5644820442289175
Application_103241719,0,0,0.4186243089914645
Application_836151428,1,1,0.6200700644686469
Application_635277910,1,0,0.2558595186735271
Application_251924785,0,0,0.4626918030753274
Application_395238377,1,1,0.5829418154092313
Application_753356368,0,0,0.41091538054914944
Application_62072340,1,1,0.5140860409071559
Application_1191648553,0,1,0.6059636014719527
Application_973750778,0,0,0.27374589902162266
Application_1945936957,1,1,0.5538829928660637
Application_219075718,0,0,0.2692989813662554
Application_610717758,0,0,0.49635381346104973
Application_1531639125,0,0,0.4542749753557784
Application_1558911791,1,1,0.5527224784953004
Application_859455921,1,1,0.6503409111631744
Application_515490930,1,1,0.5427503817196471
Application_1911105271,0,1,0.5752724194225843
Application_1561581762,1,0,0.274362378950249
Application_992653953,0,1,0.5647187353596413
Application_1212433332,0,0,0.4985481774235745
Application_952678589,0,0,0.46054003657342935
Application_299706642,0,1,0.5118083652953946
Application_30994806,1,1,0.5786333969660382
Application_1102768033,0,1,0.5750407400996449
Application_1965289028,1,1,0.5644376797960522
Application_1817755137,0,0,0.37516891861960516
Application_454052907,0,0,0.435283477629095
Application_1403810042,1,1,0.6082521749630762
Application_1602281715,1,0,0.4528207055827223
Application_1548314268,0,0,0.4183773100676462
Application_560750680,0,0,0.47295429070250045
Application_1314919756,0,0,0.4560411449380591
Application_97494529,1,0,0.42331209872763537
Application_1458035543,1,0,0.4803759524183101
Application_1267136375,1,1,0.5361412991631387
Application_362437843,0,0,0.4062558794417403
Application_1293016027,0,0,0.4948920453345742
Application_507640161,0,0,0.48474653437991405
Application_1674370729,1,1,0.5223017301733133
Application_1268060810,0,1,0.6074994577985856
Application_1641156565,1,0,0.4702839246571091
Application_1042909603,0,1,0.5770370801328233
Application_1894731804,0,0,0.3876325122808705
Application_1198846379,1,0,0.39159477836396656
Application_314004071,0,1,0.5652439662418265
Application_1531372937,0,1,0.5334369774687011
Application_1965518974,1,0,0.46314830993196426
Application_882125644,1,1,0.5651339109234226
Application_525287846,0,1,0.5487328674062623
Application_1641924285,1,1,0.6063450232992499
Application_1383315955,0,0,0.33380174723692746
Application_1747435808,1,1,0.57732342664473
Application_1869129677,0,1,0.6005953206092067
Application_423439630,1,0,0.488758391178683
Application_1741516274,1,1,0.7275275843000794
Application_1507280418,1,1,0.6274992218518456
Application_982782738,1,1,0.9341952055556441
Application_2111139636,0,1,0.6656000233133846
Application_351085295,1,1,0.7880901884153257
Application_1479013620,1,1,0.7446278615387989
Application_1925786885,1,1,0.7624457961921086
Application_2115489972,0,1,0.7478391027498921
Application_822441404,0,1,0.5575240263434569
Application_279199020,0,1,0.5247045100454713
Application_1906284757,1,1,0.539941474753845
Application_1042808029,0,1,0.9067954785499022
Application_461222959,0,0,0.3864093124886532
Application_2053544331,0,0,0.4204700304061739
Application_1543333489,0,1,0.5659170602309449
Application_1611095248,1,1,0.5022540916554773
Application_1973462456,0,1,0.5355994139159184
Application_1982226096,1,1,0.7382630163756834
Application_1894462613,0,1,0.6887839537188611
Application_1937518370,1,1,0.8704608197310343
Application_1621414360,1,1,0.8291306655591986
Application_682303472,1,1,0.5643538788664375
Application_1444888275,1,1,0.6453998225724512
Application_1212507368,1,1,0.647950087125635
Application_13495839,1,0,0.4903319921896971
Application_176109526,1,0,0.4512252136624204
Application_2133333772,1,1,0.8100349875879156
Application_1250455189,1,1,0.6887964725419687
Application_1574960885,1,1,0.6272009988645103
Application_581256241,0,1,0.8755647054107129
Application_1347888391,1,1,0.7342488558251152
Application_265449268,0,0,0.39096435464230506
Application_183981334,0,1,0.6621198878271333
Application_976522950,1,1,0.8047034661088992
Application_196759164,1,1,0.8157525672752516
Application_1385574087,1,1,0.642885428881168
Application_681955242,0,0,0.379195505800734
Application_2092004160,0,1,0.5056026355689189
Application_1482415464,1,1,0.6150484685409469
Application_1765444083,0,0,0.3478024030011231
Application_342956454,1,1,0.7149884325448513
Application_804571961,0,1,0.6411796590463593
Application_549023518,0,1,0.6511958105521802
Application_772329068,1,1,0.6434695047095923
Application_1887563703,1,1,0.6746621741010284
Application_1124796741,1,1,0.5212649086437712
Application_75752751,1,1,0.6520243756277264
Application_2055289424,0,1,0.7606209380527127
Application_1084208541,1,1,0.6043191248291833
Application_2137603606,1,1,0.6486820061718093
Application_1832980257,1,1,0.773250229920575
Application_632417971,1,1,0.5616666786483886
Application_442893951,1,1,0.8103320217131176
Application_1314534152,1,1,0.6350737750919063
Application_1091000447,0,1,0.6133000164804122
Application_1824032488,0,1,0.5508787782928175
Application_1750255251,1,1,0.6037261814224824
Application_457070743,0,1,0.7569173743621507
Application_1388237664,0,1,0.5345719673466529
Application_760107630,0,1,0.6592649564996415
Application_1109832317,1,1,0.7371044720151699
Application_44827837,0,1,0.5591009439679888
Application_818706394,1,1,0.6585091370905072
Application_1329630120,1,0,0.48609247228993374
Application_478613355,0,1,0.5066780456821692
Application_1965853107,1,1,0.72465138820141
Application_1545184523,1,1,0.7246732200317638
Application_1755477476,1,1,0.610711110538532
Application_1722579608,0,1,0.6036803194041064
Application_1090618586,0,1,0.7365280674884244
Application_1213499868,0,0,0.43854530239140443
Application_1934030888,1,1,0.675994338107403
Application_803621789,1,1,0.92807590414847
Application_1844716442,1,1,0.6857379993580344
Application_1727581145,1,1,0.8348465943414738
Application_1733898114,1,1,0.5067816142261117
Application_2100809239,0,1,0.7291320894277817
Application_772281578,0,1,0.6519110938978776
Application_329375107,1,1,0.6175161120115537
Application_492379324,0,1,0.5913038523951941
Application_139987324,1,1,0.507710807248574
Application_729141109,1,0,0.39288322472333403
Application_1051896537,1,0,0.12848286443972948
Application_1418293533,0,1,0.5049968511893782
Application_335735060,1,1,0.6521603555107658
Application_1847406506,1,1,0.709730585957182
Application_862120289,0,1,0.6099485155486087
Application_989429368,0,0,0.49776088151278486
Application_419876746,1,1,0.6630475364440327
Application_1158972347,1,1,0.562033669555764
Application_769674466,1,1,0.5570471284007529
Application_2089776619,1,0,0.35764406163566803
Application_796471169,1,1,0.5264783754977939
Application_1813924813,0,1,0.5012820245245292
Application_1042047447,1,0,0.357945900943955
Application_1727260877,1,1,0.5455329855540941
Application_566677607,1,1,0.8475476548177269
Application_210544229,1,1,0.733896819248004
Application_12556077,1,1,0.633079691602571
Application_728202734,0,0,0.25845881822733385
Application_1437553493,0,1,0.599662784357116
Application_1871885244,0,0,0.354528842480236
Application_792733103,1,1,0.6443362758899109
Application_11915841,0,1,0.7101180916930184
Application_235239251,0,0,0.4108836076906542
Application_2025285981,1,0,0.49919071124196535
Application_982813856,0,0,0.46912190270883536
Application_1885927615,1,1,0.7035665924631087
Application_1165438159,0,1,0.6275612607178623
Application_1667598015,0,1,0.5860159782549372
Application_1477277765,0,0,0.41211072202172544
Application_407498656,1,1,0.8205666718408788
Application_849742887,1,1,0.8540453865981322
Application_225177309,1,1,0.7305907724204808
Application_82979191,0,1,0.5570156012082066
Application_1670768029,0,1,0.5727435681397164
Application_1489256650,1,1,0.5667468574839557
Application_1379879215,0,1,0.5733079863849
Application_1741874816,1,0,0.4668061978595954
Application_1695370777,0,1,0.6223628118688699
Application_478644845,0,0,0.4318098394435244
Application_366370058,0,0,0.4845555679092037
Application_751880402,0,1,0.7298999703274988
Application_581438988,1,1,0.5404790263742457
Application_796205430,0,1,0.636733150466448
Application_1352841261,0,1,0.6294993450167734
Application_2086306319,1,1,0.5105220599598298
Application_438352016,1,1,0.618323112161939
Application_54901363,0,1,0.8159275896732743
Application_1137992645,0,0,0.4695272337610155
Application_788242505,1,0,0.4325755058139839
Application_420683416,0,1,0.6995827801147133
Application_1494571017,1,0,0.4517108456663588
Application_440790291,0,0,0.36454668958095543
Application_799038872,0,1,0.6397847896434263
Application_1588476660,0,1,0.5389474037594518
Application_2062326086,1,0,0.38480229983269565
Application_1158368771,1,1,0.5405007183208167
Application_1832603494,0,0,0.4908142351444993
Application_2050054509,0,1,0.7155602274786853
Application_1585076082,1,0,0.4083126544258095
Application_1837232546,0,0,0.4037238503254098
Application_383880109,0,1,0.636735705607723
Application_2087424613,1,1,0.5931238137243419
Application_580391923,0,1,0.5014285694928817
Application_1730467320,1,1,0.6473082411842629
Application_1883089376,0,0,0.3787082368017401
Application_1658966712,0,1,0.6566234703203354
Application_1157789718,1,1,0.603711229106594
Application_489460667,1,1,0.5437359927069905
Application_799931863,0,0,0.46893108869189687
Application_1009170679,1,1,0.65223399952763
Application_379239472,1,1,0.7743396998555488
Application_1696590587,0,1,0.6534086182196206
Application_1338594891,1,0,0.4710654512164691
Application_1481481291,1,1,0.6729194728473751
Application_1130289017,0,0,0.47944940667884345
Application_56141168,1,1,0.6218118057893132
Application_373749624,1,1,0.6415776717627223
Application_1646039554,1,1,0.5664431248152645
Application_123583334,0,1,0.5521085503477081
Application_544522022,0,1,0.606519051762145
Application_1492342444,1,1,0.6995654913068531
Application_369962818,1,1,0.7107750703085421
Application_155375371,1,1,0.6459286996373309
Application_1479030831,1,1,0.5494632209191981
Application_1019849833,0,0,0.41877853392366504
Application_1066050010,0,1,0.7246197997240273
Application_1493773800,1,1,0.6540990577454354
Application_874590663,1,1,0.549812520122182
Application_907188218,1,0,0.15115725749718106
Application_1707249101,0,1,0.5996593019454481
Application_1100629848,1,0,0.4358309391183076
Application_1585141886,1,1,0.6965493046774713
Application_1161266589,0,1,0.5708259034978198
Application_1865316803,0,1,0.5277590253804467
Application_1797452094,1,0,0.3501701226456249
Application_1684602051,0,1,0.697865459942976
Application_463617637,0,1,0.5024202438438572
Application_1411774040,0,1,0.6087280991329231
Application_1348384755,0,0,0.4314104577662639
Application_801606105,1,0,0.39435836069577596
Application_1261235975,1,1,0.5753527071061743
Application_545803836,1,1,0.6791401156541435
Application_503122563,0,1,0.5350996807984949
Application_187058934,0,0,0.4687553067378471
Application_1648205335,0,1,0.5697454241643283
Application_76073117,1,0,0.34366490295757074
Application_501271301,0,1,0.5595526930453274
Application_863402872,1,1,0.5357015371708429
Application_1577366036,1,0,0.485623903284801
Application_567402421,0,1,0.5716385870399767
Application_515201459,1,0,0.4157020791305163
Application_836151343,1,1,0.5816101156473343
Application_146968001,1,0,0.3985662125869635
Application_1613334429,1,0,0.3858824444061384
Application_1685939887,0,1,0.5992628088370076
Application_455057107,0,0,0.4551591287507971
Application_1086862400,1,1,0.6886756596459039
Application_1636562792,0,0,0.47533342634284886
Application_871461194,1,1,0.6863254936067036
Application_139266275,1,1,0.6280147005213992
Application_569847015,1,1,0.9096120597549953
Application_1758175578,0,0,0.44212330310735704
Application_2002111319,1,1,0.6152091741711727
Application_1218452071,0,1,0.5429869435912166
Application_1511769778,1,0,0.478836100040821
Application_2141581748,1,1,0.5544457699839297
Application_214993756,1,1,0.6426703294432579
Application_488502263,1,1,0.5591995855421805
Application_429020300,0,1,0.6376387075728339
Application_1578640551,0,1,0.6520668537241029
Application_1641979166,1,0,0.3379977888452583
Application_295621979,1,1,0.8807618447941225
Application_1036492833,0,1,0.6389181525131871
Application_1771326157,1,1,0.6122800413497871
Application_1360599225,0,1,0.5163090758475111
Application_467208365,1,1,0.6269195088499242
Application_1099364481,1,1,0.5921201286173491
Application_1162568399,0,0,0.2849943031020016
Application_1847389115,0,1,0.5996819075861554
Application_1665277555,0,1,0.6040274767273798
Application_355591291,0,1,0.5600242220166433
Application_999464866,0,1,0.6488498275756882
Application_74945240,1,1,0.6539369256737481
Application_569685100,1,1,0.5591971719511565
Application_432789106,0,0,0.38353645695170374
Application_1290126676,1,1,0.5332098662253791
Application_800651640,0,0,0.2676857427151998
Application_77752533,0,1,0.5515489716700216
Application_1815373434,0,1,0.5996339353943342
Application_1780516109,0,1,0.5584934022268511
Application_789848416,1,1,0.5297231124000448
Application_1038389815,0,0,0.32757457220211156
Application_1624434007,1,0,0.47798564174486347
Application_148777979,1,0,0.4144448143056271
Application_1999120078,0,0,0.47376053641853993
Application_1983041428,0,1,0.5425992084192243
Application_576248321,1,1,0.5053025491678823
Application_1667186103,1,1,0.6242970767268495
Application_364322589,0,1,0.7608190577565292
Application_1004853526,1,0,0.44590145575970275
Application_1661574532,0,0,0.37531010501737444
Application_66116892,0,1,0.6540239926592496
Application_1279676331,1,1,0.5520558774976811
Application_972636630,1,0,0.47328408070596417
Application_1797886138,1,1,0.510710518923176
Application_1616850980,0,1,0.5667301483915614
Application_277122874,0,0,0.38119871094501284
Application_841851350,1,1,0.5613242135186564
Application_1908851243,1,1,0.9063043286972725
Application_2137411951,1,0,0.45122969982838
Application_7606451,1,1,0.9053791094675953
Application_1339754223,0,1,0.8045594402214217
Application_257109989,1,1,0.5485737200673128
Application_936392619,0,0,0.4254191664021173
Application_645533161,1,1,0.5527354685721334
Application_1655319212,1,1,0.7927336053021973
Application_1971957937,0,0,0.3691233213272791
Application_1421090029,1,1,0.5437448592378648
Application_1213195413,1,1,0.5978926829118416
Application_2007540464,0,1,0.5734918717846514
Application_1592408197,1,1,0.6506514023447836
Application_129957359,1,1,0.5406686722995329
Application_834563183,0,0,0.49824456293594194
Application_238984243,0,0,0.4303558881646065
Application_131503089,0,1,0.5016278656445928
Application_1024372028,0,1,0.5146366326979953
Application_1454314920,1,1,0.907208982169194
Application_1205649880,1,0,0.4279010330644044
Application_1248765312,0,1,0.6979428622858213
Application_705749409,0,1,0.5744402073736937
Application_48850720,0,1,0.7714805720589996
Application_886547471,1,1,0.6014878433289987
Application_2107939979,0,1,0.5647932075333215
Application_1591371681,1,1,0.7612857948566486
Application_1966302326,1,1,0.5366205465694543
Application_345709580,0,1,0.6299210972431056
Application_511350922,0,1,0.5114400454561739
Application_1962542067,0,1,0.5913469403698464
Application_888740551,0,1,0.8619231461338827
Application_1195912965,0,1,0.569768801967096
Application_1773249073,1,1,0.5352956041197668
Application_952227386,0,0,0.4418360982959489
Application_2143102476,1,1,0.6689496239432039
Application_1583027757,0,1,0.5097078787876518
Application_1639833431,0,1,0.6193229645100654
Application_1015843971,0,0,0.3288615435794924
Application_529398103,0,0,0.4332991023737383
Application_1568951817,1,1,0.510176814758405
Application_924638731,0,1,0.5786056672229819
Application_64246554,1,0,0.4813152732718602
Application_1956927270,1,0,0.48787557751687477
Application_1603047177,0,1,0.6231699096928557
Application_1927415133,0,0,0.47451862226460134
Application_2042454883,0,0,0.3986997176972489
Application_654096412,1,0,0.4092529352227576
Application_1493485488,1,1,0.5893761867492598
Application_663554342,1,1,0.5145184061069082
Application_2120459067,1,0,0.44023894140587333
Application_416216061,1,0,0.4235437239388406
Application_295059389,0,0,0.3362910262469711
Application_1164113596,0,0,0.36101747499657555
Application_1827376481,1,0,0.3599520292851244
Application_2117346170,1,1,0.6798484311519299
Application_302452407,0,0,0.3298626643292051
Application_1609732331,0,1,0.5349732602758804
Application_2051690593,0,0,0.34955844139795306
Application_1128268161,1,1,0.7160383312320103
Application_661165121,1,1,0.7465619289659394
Application_722650830,1,1,0.5362787631492264
Application_2055926405,1,1,0.6427662991574511
Application_1219509855,0,0,0.476048710806435
Application_1866614061,1,0,0.4772700619679507
Application_317144905,0,0,0.4122313546038596
Application_1342529425,0,1,0.6777058709659441
Application_618229289,1,0,0.48766936176026243
Application_312442939,0,1,0.5207774600180383
Application_403539418,0,0,0.47979804819401073
Application_483982092,0,0,0.39197797924837924
Application_1037039544,1,1,0.5584468786169169
Application_1664621088,0,1,0.5774755706569998
Application_590377898,0,0,0.4546637581498411
Application_1249411801,0,1,0.6013103616010629
Application_1705931507,1,1,0.6420929803636731
Application_276171401,0,0,0.411086208384188
Application_1358966881,1,1,0.7126909703879812
Application_1367573970,0,0,0.34562027151291097
Application_799781255,0,1,0.5135705824659101
Application_66537879,0,1,0.6131857452700885
Application_1443913959,0,1,0.5350350576953704
Application_1229045331,0,1,0.5505899940023502
Application_1553960104,0,1,0.5921932801074049
Application_1170631454,1,1,0.5760591912519221
Application_1848644842,0,0,0.3603268445819188
Application_1364263035,1,0,0.3743363346822859
Application_264373481,1,0,0.46192271181381905
Application_1157307010,1,1,0.5279609196819496
Application_2134836084,0,1,0.599817874948767
Application_486324246,0,1,0.5886482952087204
Application_970965406,0,0,0.4586676115035032
Application_273199649,0,1,0.5285055073838728
Application_107556729,0,0,0.45845630619032585
Application_802643457,0,1,0.5722053900171982
Application_1266010499,0,1,0.5026977324092361
Application_1696760888,0,0,0.4770439428400487
Application_489281993,0,0,0.2731125171314817
Application_432596360,0,1,0.5687762693617698
Application_1948065851,0,0,0.4800717581310106
Application_1522555361,1,0,0.46389456783389543
Application_2139497576,0,1,0.7279056584200572
Application_630861561,0,1,0.5108260255882529
Application_1590359938,1,1,0.5575822447594825
Application_263206383,0,0,0.46112445585787354
Application_1804015364,0,0,0.43859719252908613
Application_1155107642,1,1,0.5652336018180706
Application_2055536976,0,1,0.543979370698372
Application_1877732225,0,0,0.45386173402241126
Application_794921244,1,1,0.6866093906969161
Application_1152946944,1,1,0.5443337349214126
Application_224241639,0,1,0.5434209239377186
Application_251776757,0,0,0.41727567899753293
Application_1327286359,1,0,0.49006021924573506
Application_977695424,1,1,0.6949207446586341
Application_276445174,1,1,0.6838607123523409
Application_633961814,0,0,0.4589664997643409
Application_795526517,1,1,0.5034810886858601
Application_1335070161,1,0,0.43669598782929264
Application_635829958,1,1,0.5578234982875483
Application_61792329,0,1,0.5359985097324586
Application_254178417,1,1,0.5439692557905877
Application_634740343,0,1,0.5025732695009014
Application_1562493713,0,0,0.49301725936231333
Application_1768971882,1,1,0.5249381647182232
Application_1441743982,1,0,0.42790795134130455
Application_1799899920,0,1,0.5692246818526158
Application_1151018525,1,0,0.42744415027273835
Application_1237245886,0,1,0.54720764428339
Application_1023366085,0,1,0.6327872508088398
Application_1451184688,1,0,0.3421889693038766
Application_2127436939,1,1,0.5578787381317272
Application_1411148727,1,0,0.44314823365771155
Application_2092956119,1,0,0.4004290379646979
Application_1877345729,1,0,0.3924984893456433
Application_215908767,1,0,0.46056229419649636
Application_395018530,0,0,0.3900834998759516
Application_1234532723,1,0,0.45725328228237194
Application_1223688517,1,1,0.5636750431069264
Application_2129515607,1,0,0.4669333592240496
Application_622978094,1,0,0.48091610267069784
Application_1412847046,0,1,0.5327311619274292
Application_2130655155,1,1,0.5091712388928566
Application_766473476,0,1,0.5875627782932377
Application_1590235235,0,1,0.5401122405887113
Application_1399166331,0,0,0.4356713958661698
Application_1769401425,0,0,0.38394794859513953
Application_1445348248,0,1,0.5471192405924841
Application_858142548,0,0,0.4879736546753351
Application_223837496,0,0,0.4856159979278241
Application_666870643,0,0,0.3966762769876302
Application_1233198025,0,0,0.30192357211603615
Application_2123334132,1,1,0.534707348485283
Application_1270175388,0,0,0.42260966088278834
Application_536907652,1,1,0.5304562341757947
Application_313695465,1,0,0.41548635574750337
Application_768808611,1,1,0.6122265102404796
Application_760550782,1,1,0.6226994183007544
Application_401803713,1,1,0.5091407789622329
Application_680978499,1,1,0.6589053290565028
Application_322796669,1,1,0.5339109803867703
Application_2126586609,0,0,0.3534625663912748
Application_1806079752,0,0,0.46920074787886873
Application_1444349875,1,1,0.5289344414405794
Application_533966981,1,1,0.682483838498782
Application_849701067,1,0,0.45016665354650326
Application_692252700,1,1,0.658656393907308
Application_1044938448,0,1,0.5143922945713526
Application_24406425,1,0,0.48461991065944415
Application_605659934,1,1,0.550637097459104
Application_1455822776,1,0,0.489244939169799
Application_1097699720,0,1,0.5256174934546851
Application_1902601657,0,1,0.5219694565905664
Application_1541826188,1,1,0.6184340981884706
Application_1765017489,1,1,0.6588822093167609
Application_1095112381,1,1,0.6540826631072761
Application_1318334365,0,0,0.4957995364348539
Application_847860705,1,1,0.6757915441816471
Application_639055240,1,1,0.7260976132594079
Application_348193355,1,1,0.6496838199122055
Application_1296453540,0,0,0.36741865857343436
Application_1924578239,0,1,0.5617130077174772
Application_1742568771,0,0,0.41890820532062795
Application_1478185792,1,1,0.5228029625532389
Application_1566541695,0,1,0.5404287272550994
Application_1120157210,1,0,0.43943508740257425
Application_1110591903,1,0,0.4401923476473907
Application_743918944,0,1,0.610136288682085
Application_1101177535,0,1,0.7006345741504721
Application_338944736,0,1,0.5482076435479979
Application_1332266263,1,1,0.5037797590156201
Application_1210336267,1,0,0.46914611881057267
Application_1568090978,0,0,0.39470169910844266
Application_1151479099,1,1,0.6608748780287753
Application_1209989055,0,1,0.6103450522482302
Application_292415091,0,1,0.527600857850817
Application_566948279,1,1,0.5732506354872745
Application_790167194,0,1,0.6855394174345649
Application_2104100621,0,1,0.6809045439722343
Application_1388302229,1,0,0.3961605607643443
Application_82461480,1,1,0.8350851747888826
Application_713608338,0,1,0.5656947754539976
Application_676078634,1,1,0.5921529950058662
Application_1000386745,1,0,0.4588250323500415
Application_368291286,1,1,0.5858784508367231
Application_1030996,1,1,0.5397138883066562
Application_898181445,0,1,0.5524233568848285
Application_1072284879,0,0,0.43419721260959454
Application_2073946665,1,1,0.649897761694035
Application_1731633392,1,1,0.5370274936995504
Application_1370133696,1,1,0.5685579739901394
Application_2002318127,1,0,0.49435203616734
Application_1147011434,0,0,0.41973753200767583
Application_722965319,0,0,0.4063844354311453
Application_1081966829,0,1,0.5338819464759367
Application_1778537715,1,1,0.5939242863882318
Application_1063130816,1,1,0.5086795248990061
Application_80880051,0,1,0.7773351686682611
Application_1067894025,1,1,0.7533856903405053
Application_1777257181,1,1,0.5681541930749066
Application_1384821775,1,0,0.34817154095211106
Application_127639994,0,1,0.5303336676246895
Application_368899409,1,1,0.5059268096811219
Application_44239326,1,1,0.5356452895691198
Application_1270439259,1,0,0.4570743950981728
Application_945899913,0,0,0.3569665932453907
Application_1146466172,1,1,0.6921769275915926
Application_1470819740,0,0,0.3828502156085567
Application_1084818261,0,0,0.4522491969492849
Application_2144108594,0,0,0.4685480270317892
Application_1533701290,1,1,0.5905985608950867
Application_217025274,1,1,0.5050514151394152
Application_381339861,0,0,0.4928178451749284
Application_943060504,1,1,0.5694262520163536
Application_1791241142,1,1,0.656878561304419
Application_1142354661,1,1,0.6493002901600043
Application_1579221526,1,1,0.6259295964696926
Application_13482285,0,0,0.38274210862002694
Application_1005568510,0,1,0.5419756738108437
Application_397384889,1,1,0.5440416740599341
Application_306357665,1,0,0.420403875194774
Application_465329305,0,1,0.532879997349596
Application_84921509,1,1,0.5414419414329561
Application_1176095926,1,1,0.5140955753677641
Application_1745617065,1,1,0.5501796063521631
Application_199184776,0,0,0.3960574890140317
Application_525329368,1,1,0.6088097153420374
Application_491957667,1,0,0.44586902195261713
Application_809842364,1,0,0.34106112131791205
Application_76843824,0,1,0.6561479945157497
Application_1430619837,1,1,0.6613562681996521
Application_1638189515,1,1,0.6315338427131819
Application_806858853,1,1,0.7563010967092629
Application_1813380390,0,1,0.5137892330228646
Application_1369206272,1,1,0.876473127261926
Application_561867924,1,1,0.59303107690548
Application_19080728,0,1,0.5605123373608654
Application_368924590,1,1,0.6255057756979743
Application_959242917,1,1,0.6425804424549554
Application_2127105351,1,1,0.6875040107033628
Application_1777454448,0,0,0.33038212428338
Application_1359639481,0,1,0.6372220408459416
Application_590885667,1,1,0.5532214579996437
Application_73130035,1,1,0.683861350583346
Application_276561013,1,1,0.6719652225465252
Application_587158528,0,1,0.5450102476885662
Application_330426541,1,1,0.7170972246558632
Application_1404323685,1,1,0.572209269925112
Application_1526558485,0,1,0.65489144809075
Application_1459981505,1,1,0.6866601593334389
Application_1034800486,0,0,0.47032062701312793
Application_600869793,0,1,0.5746751031009079
Application_608181227,1,0,0.37591215851767446
Application_1817477268,0,0,0.42298809385974995
Application_2098216717,0,1,0.5990495230206907
Application_423893885,1,1,0.7654946290546412
Application_1313071265,1,1,0.8741026172775755
Application_1112696012,0,0,0.49506977911575534
Application_1364517552,0,0,0.47176101715122604
Application_1022411160,1,1,0.5311262110708075
Application_413306143,1,1,0.6051342016387703
Application_729207835,1,1,0.6114994541603777
Application_1486481420,0,1,0.5493841982616585
Application_1480184247,1,1,0.6939985437961647
Application_39161984,1,1,0.6592630255568573
Application_588418009,1,1,0.557838755028159
Application_798973991,0,1,0.5927105554031229
Application_167026411,0,0,0.44752421731118325
Application_1556896276,1,0,0.4982871458086977
Application_1333464585,0,0,0.4586165700579887
Application_405187583,1,1,0.5224216859652947
Application_2023685616,1,0,0.40391563121766133
Application_161865777,1,1,0.5042305801117527
Application_409611296,1,1,0.53354123047535
Application_1197487517,0,1,0.5483031886611871
Application_152697057,1,1,0.6049314979862401
Application_481145471,1,1,0.605317156562921
Application_2025342600,0,1,0.5485814829894613
Application_1338704516,1,1,0.5269012717315689
Application_399128694,1,1,0.5911115588067514
Application_1082816707,0,0,0.48378692918139776
Application_589847268,1,1,0.535822969529005
Application_162500417,1,1,0.5340087175439189
Application_1047370810,1,0,0.39678153183685444
Application_1493484457,1,1,0.5493670874206092
Application_1236537862,0,0,0.34172555823299106
Application_2057199590,0,0,0.4672082524763037
Application_1972106715,1,1,0.5448441677231715
Application_1708743675,1,1,0.5397707497454921
Application_421485165,1,0,0.3470989738378343
Application_284749993,0,1,0.5044388944261521
Application_1853597293,0,0,0.47119261119529005
Application_1495588845,1,1,0.6283469635290492
Application_1344840884,0,0,0.4145914459118985
Application_1397721881,0,1,0.5369745723587532
Application_1017685010,1,1,0.6203758969364852
Application_416633628,0,1,0.5628119121668326
Application_1390442348,1,1,0.5573815240525407
Application_421333270,1,1,0.544645876994045
Application_737251826,0,0,0.46453914823879805
Application_1020019812,0,0,0.35251258112974865
Application_1524653471,1,0,0.4633384120277486
Application_67563909,1,0,0.48006286370090473
Application_585494318,0,0,0.4415901063936633
Application_270623019,0,1,0.5008903823215599
Application_1096401729,0,1,0.5033766932188986
Application_1787045022,1,0,0.45333579048016887
Application_1605888035,1,1,0.5128430074644081
Application_1988650480,0,1,0.5614710169263291
Application_1097388913,0,1,0.5314293664960663
Application_713914859,1,1,0.5931026693690887
Application_459683568,1,1,0.5534941010573786
Application_79957873,0,0,0.36849212848643326
Application_1534175598,0,1,0.606100353336133
Application_1155355584,1,1,0.5704030243295237
Application_1054392347,0,0,0.44396933225079344
Application_2062920725,1,0,0.35706314154536173
Application_150572905,1,1,0.5955103128628673
Application_64467309,1,0,0.46199953058464976
Application_1017053119,1,1,0.6887883361138363
Application_220891404,1,1,0.6540801790030004
Application_1716250296,1,1,0.5739473719194594
Application_1853348131,0,0,0.3068478939350997
Application_1638379755,0,1,0.7678435192765528
Application_1961302485,1,1,0.5750297421272746
Application_2051466803,1,1,0.5578227880985751
Application_1447516455,0,1,0.5317068491018018
Application_799419769,1,1,0.908110580573521
Application_15984038,0,1,0.5638694155867356
Application_242124370,1,1,0.5714711636868002
Application_68213815,0,1,0.7620610466161667
Application_834614072,1,1,0.5631599477988228
Application_1715190498,1,1,0.7363635203662098
Application_1475071478,1,1,0.6141285302556707
Application_788568078,1,1,0.6333251574396905
Application_978200426,1,1,0.6641707933493797
Application_491922375,0,1,0.5641401758363208
Application_329445112,1,1,0.6957382285031691
Application_1347132009,1,1,0.6444640671320829
Application_102615973,1,0,0.40865118928123134
Application_1115113981,1,1,0.5213054259261856
Application_308814724,1,1,0.7193673461755341
Application_808374175,0,1,0.6891482122386619
Application_1780482603,1,1,0.6965565755806616
Application_1032230604,0,0,0.4762629389694857
Application_2070777076,1,1,0.5423105941222415
Application_4267974,1,0,0.4766140819536633
Application_311851403,1,1,0.5578360622305536
Application_274778692,1,1,0.5584550237005337
Application_776525776,1,1,0.600455120710041
Application_1100944321,1,1,0.5261864471305913
Application_1114645548,1,1,0.7576758148208185
Application_1618792169,0,1,0.6057246065215681
Application_810081626,1,1,0.6840016971115579
Application_2094731703,1,1,0.6543966231500806
Application_1015413412,0,0,0.3501188682400163
Application_1394721737,1,0,0.34602860097025845
Application_1044941168,1,1,0.5306822916936588
Application_1518842217,0,1,0.5479027667329464
Application_596261331,1,1,0.5441600109513435
Application_172281488,0,0,0.44833747453106715
Application_1043190619,0,1,0.5403212404539339
Application_29159295,1,0,0.4961491295082829
Application_1103004057,1,1,0.7263889975853329
Application_1356784595,1,1,0.9191932389926734
Application_1741360610,0,0,0.28704497075186375
Application_1724016912,1,1,0.5422625654296703
Application_1109311467,1,0,0.49942941888226133
Application_1938975575,1,1,0.5520714791396145
Application_983527429,0,0,0.36575396431547225
Application_189410230,1,0,0.46497089336621317
Application_1039800233,0,1,0.6518060610283273
Application_1401953169,1,1,0.5920224324472569
Application_1671936252,1,0,0.4242489954858551
Application_2029945978,0,1,0.5803051814580212
Application_1821393246,0,1,0.6609363258922071
Application_1882241636,1,0,0.4681181244997657
Application_1895651075,1,1,0.5007560642908547
Application_1570000108,1,0,0.3869895101455501
Application_2104060084,1,1,0.5632407723703281
Application_1105710144,0,0,0.45044224551923134
Application_1320153688,1,0,0.3941344767444414
Application_676837330,0,1,0.5636524558388035
Application_109176319,1,1,0.5120891241981852
Application_181023175,0,1,0.7415260263882469
Application_1183609061,1,1,0.7524432015343616
Application_1552304409,1,1,0.600408718188522
Application_1882563257,1,1,0.6747077431009766
Application_1659255564,0,1,0.6948546710397651
Application_1383670779,1,1,0.6506795775284367
Application_119108505,0,0,0.45500105029399573
Application_944859420,0,1,0.5492616416575642
Application_763402942,0,0,0.4638340016482665
Application_1644051138,0,1,0.6728949375923479
Application_90070020,1,1,0.6257493340765582
Application_596539843,1,1,0.7737842055601551
Application_1399113964,0,1,0.5915436818627605
Application_1018583202,0,1,0.7126187248635399
Application_1381657413,0,1,0.6582839632373435
Application_58822062,1,1,0.5454863031633135
Application_488753134,1,1,0.7044831013101758
Application_952594930,0,0,0.42141221907316845
Application_1310645919,1,1,0.5301647977261418
Application_129792384,1,1,0.6740451913125467
Application_1589624760,0,1,0.5748717538160198
Application_835326390,0,1,0.5007938271011875
Application_479355477,1,1,0.7757435150454817
Application_1128492937,1,1,0.5194382037520462
Application_1528113685,1,1,0.503205748870701
Application_535108628,1,1,0.7040000563466622
Application_318776969,0,0,0.4549183839189372
Application_1543359526,0,0,0.27298830564575005
Application_1679215860,0,1,0.6386089088095824
Application_547285151,0,0,0.48292692231645
Application_1654037961,1,0,0.43608581352610665
Application_1295832185,1,0,0.4537153663889847
Application_1751419807,0,1,0.572450721247008
Application_430703608,1,1,0.6296534476483427
Application_116207051,1,1,0.6723686983305773
Application_616691734,0,0,0.4652724587899054
Application_2031031437,1,1,0.6212602652206678
Application_1564472847,1,1,0.6539582842856545
Application_1627432412,1,1,0.7395198191394377
Application_1782998013,0,0,0.46458098622683286
Application_2107465166,1,0,0.4204184589448569
Application_1593639164,1,0,0.4732611856463856
Application_474967319,1,1,0.5353827240136831
Application_824825338,0,1,0.564872094104797
Application_1124052442,0,0,0.4803764503039782
Application_1473585870,0,0,0.49284580189971333
Application_521806599,0,0,0.4742979057440577
Application_1739097898,0,0,0.4779170062001853
Application_1389933200,1,1,0.50553128652527
Application_1954046396,1,0,0.3853638658013397
Application_694825379,1,1,0.5425617098540015
Application_1044554836,0,1,0.558490407878671
Application_38305454,1,0,0.32958094267761073
Application_699979563,1,0,0.3466540817246392
Application_1402434819,0,1,0.5909687093415216
Application_375246621,1,0,0.36599757569832475
Application_160303236,1,1,0.5397568902910607
Application_1458413157,1,1,0.5868187084903633
Application_1968616288,1,1,0.6492257548474203
Application_1970227571,1,0,0.44724118097347704
Application_66905401,1,1,0.5037791761104184
Application_1989155733,1,0,0.4151371873731752
Application_496748439,1,1,0.6122649058594096
Application_1631312288,1,1,0.5093349226117097
Application_133715808,1,1,0.7065019458847985
Application_148486446,1,1,0.6446366440653418
Application_1357696952,0,1,0.6834226509922056
Application_726080078,0,1,0.7220959066170785
Application_1721568336,1,1,0.7072477758782015
Application_1371829661,1,1,0.608716118875413
Application_917194739,1,1,0.8022495532907643
Application_2134430711,1,1,0.7277997136059486
Application_774171312,1,0,0.12410604540917386
Application_1945196347,0,1,0.6394653904878292
Application_1149545371,0,0,0.4877002141290918
Application_1257836355,1,1,0.6399968435780348
Application_1165780533,0,0,0.4922076267047955
Application_887681298,0,0,0.4760632588154395
Application_83386929,1,1,0.5579166492972539
Application_1249769519,0,1,0.687131959923626
Application_1612557107,0,0,0.4447799987023151
Application_1962303803,0,0,0.459072716886644
Application_809891558,1,0,0.49918674915813194
Application_1390985286,1,0,0.3325323599406791
Application_8352800,1,0,0.4680315852077478
Application_891126700,0,1,0.7843075538547181
Application_937423447,0,1,0.6206696239357093
Application_1187942887,1,1,0.6225096629314137
Application_1029567692,1,1,0.6535778627529151
Application_1210820530,0,1,0.5947093151397865
Application_1388565428,0,0,0.46485291432331144
Application_381274116,0,0,0.3394395800030259
Application_739400593,1,0,0.15142233686561418
Application_1402092304,1,0,0.4716255734142666
Application_2033977705,1,1,0.6540504548470526
Application_450057471,1,1,0.6201772891314932
Application_1388824644,1,0,0.4836231740241619
Application_95461104,0,1,0.5936198394214104
Application_1755206432,0,1,0.5406440572448444
Application_2031504669,0,1,0.6253058173436421
Application_1817634000,0,1,0.6354883349967446
Application_1493091584,0,0,0.4995974493038796
Application_107207908,1,0,0.12849978404482448
Application_822603471,1,1,0.5234331218434103
Application_1574526252,0,0,0.3712876674443298
Application_1717449649,1,1,0.6012892669089256
Application_963481013,0,0,0.3741621470490017
Application_453112637,1,1,0.6736618377205367
Application_1164895484,0,1,0.6540796995607047
Application_2121891840,0,1,0.5772211130889209
Application_179812217,1,1,0.566790361662287
Application_1675255697,1,0,0.4922867495661512
Application_1179073626,0,1,0.6064087520103901
Application_964109049,0,1,0.5815084155252482
Application_1680514270,1,1,0.5495635114778965
Application_2126475285,0,1,0.6540864780917491
Application_2029300358,1,1,0.5124398744005532
Application_1174558661,1,1,0.6048836609543632
Application_959893793,0,1,0.5584425666032058
Application_812506944,1,1,0.5576986390309406
Application_417332815,1,0,0.43131739539486275
Application_2111055752,1,1,0.7060999159121845
Application_535782889,1,0,0.3225368935929031
Application_1184507659,0,1,0.6566893194359958
Application_1532313179,1,0,0.34204152270948074
Application_646819130,0,1,0.5205183148376856
Application_963573698,0,0,0.49300757257813477
Application_268431474,1,1,0.5927189794503127
Application_449631390,1,1,0.6533038130070884
Application_1181332355,0,0,0.48658486405914336
Application_223017587,0,1,0.6732800905922233
Application_1107540872,0,1,0.5503295601223864
Application_1870730003,0,0,0.26896391740882974
Application_1675830729,0,0,0.48902422779193416
Application_957907246,0,0,0.3388094262565127
Application_591683505,1,0,0.4526072868181927
Application_1350665034,1,1,0.7720082778162796
Application_963957540,1,1,0.6540450482743255
Application_268903185,0,1,0.5510957831206516
Application_26668050,1,1,0.5437745313739116
Application_1103643884,0,0,0.311877671430895
Application_1549825970,0,1,0.5598954577201309
Application_1673456670,0,1,0.5402107927681805
Application_1321092926,1,1,0.5367862810876829
Application_959292453,1,1,0.6540465211866832
Application_1420560825,1,1,0.5146845629633047
Application_1096250748,1,1,0.6003449228683421
Application_1120345453,1,1,0.5608929764509614
Application_2072468842,0,0,0.4827626512955382
Application_1921969224,1,1,0.6865905450491779
Application_1203606289,0,0,0.4385322037694449
Application_1471201542,0,1,0.5791075683386018
Application_619760598,1,0,0.41073196456722544
Application_834511232,0,1,0.5703772949077491
Application_229037664,1,1,0.6132874439120466
Application_1311928691,1,1,0.6151401125260149
Application_115875432,0,1,0.654094704770352
Application_1325073852,1,1,0.7504822963498744
Application_1000610355,0,0,0.2999091059242443
Application_1742386048,0,1,0.6212585771149781
Application_232649243,0,1,0.7332177720489816
Application_1037467898,0,1,0.5002386179659326
Application_682126266,1,1,0.6787736141037707
Application_1031850261,1,1,0.5371746935755124
Application_28960323,0,1,0.5283413163232125
Application_516603717,1,0,0.2839520750239814
Application_1115199869,1,1,0.6063654199635401
Application_1814409422,1,1,0.6850734340698057
Application_1455055378,1,0,0.4368634517386384
Application_806506806,1,1,0.5539118512604176
Application_380711094,0,1,0.5680542474366352
Application_1755675083,0,1,0.6037926456582424
Application_538280852,1,1,0.6050169934784934
Application_1292203372,0,1,0.5379310744355289
Application_997398855,0,1,0.6457963895174443
Application_392537069,0,0,0.3470181179742373
Application_767198533,1,1,0.6540565038428202
Application_2114516423,1,0,0.49306667530732046
Application_1849672335,1,1,0.5459288116347094
Application_1326874644,1,1,0.5544615260161853
Application_1822579002,0,0,0.3458966592666268
Application_1127579449,1,1,0.5835103192085115
Application_56525493,1,1,0.5714404136009442
Application_1017620318,1,0,0.4744296473044651
Application_45900350,1,0,0.49529246054441173
Application_1820042021,1,0,0.43254692297058595
Application_493036402,1,1,0.5584664355213916
Application_2099075534,1,1,0.854716884407462
Application_890472683,0,1,0.6383634975906621
Application_507124292,0,1,0.6540420660804491
Application_1451714555,1,0,0.40229577713759285
Application_45634864,1,1,0.5724947118707578
Application_403630678,0,1,0.5904221332060191
Application_1949069602,0,1,0.6233700252431599
Application_1494602337,1,0,0.41797525479252734
Application_1304759315,1,1,0.5342674536482854
Application_1402501923,0,0,0.39452974131978424
Application_1111014911,0,1,0.6185241034398253
Application_227804496,0,1,0.538494795906004
Application_476285944,1,1,0.5000011727120085
Application_370470886,1,1,0.7361409515966106
Application_1309820423,1,1,0.542705909167952
Application_480067192,1,1,0.6671771565279568
Application_1958949497,1,1,0.5946930242865464
Application_1263390157,1,1,0.5589887961353138
Application_188552988,1,1,0.6958068877195052
Application_1635698698,0,1,0.7004624572191748
Application_5257934,0,1,0.6096651329750461
Application_1259862735,1,1,0.5304334546537831
Application_654470447,1,1,0.6542813765805305
Application_1088706419,0,0,0.47215152718156256
Application_1736189273,1,1,0.6250887945755497
Application_1492232175,1,1,0.6816784436288819
Application_1774695082,1,1,0.5748010658286518
Application_195441309,0,1,0.6540550989192132
Application_1226041324,0,0,0.47906825110176193
Application_1762923723,0,0,0.48211302614746254
Application_1998502100,1,0,0.47052073692117
Application_826894059,0,0,0.31934713797209724
Application_207191056,1,1,0.6237695038759131
Application_437287792,0,1,0.5117642063554774
Application_1957939247,1,1,0.5629678662089054
Application_946540113,1,1,0.5079958316618866
Application_630653306,0,1,0.5226585069814221
Application_504620785,1,0,0.4369695660300306
Application_1334425086,1,0,0.4333111788949017
Application_2130538842,1,0,0.39379180401054525
Application_1199526050,1,1,0.5861608843641652
Application_1562513686,0,1,0.6696138010527892
Application_1878585963,0,1,0.5630055653172765
Application_429633044,0,0,0.38086265371197475
Application_138690674,0,1,0.629753951392385
Application_584878848,0,0,0.4019000519435127
Application_1676230455,1,1,0.6279936788752022
Application_1296338723,1,0,0.33160924668449565
Application_1646895413,0,1,0.5361545972110168
Application_453755052,1,0,0.331785873566876
Application_1777350724,1,0,0.43469256609193274
Application_405637316,0,1,0.5028072090887986
Application_668679688,0,0,0.46860608806918364
Application_714818592,1,0,0.47719770445256005
Application_1905711892,1,0,0.4978136395281861
Application_1902185850,0,0,0.44436698794347557
Application_1721140061,1,1,0.6029784328721117
Application_545831438,1,1,0.5680710091799436
Application_140542545,1,0,0.38990750869016594
Application_1204431926,0,1,0.5295273760773219
Application_1251068642,0,0,0.37965445967075345
Application_2007487750,1,1,0.5553410953730324
Application_1646316879,0,0,0.3373544794018441
Application_1166955549,0,0,0.32030962874569935
Application_535372826,0,0,0.26809367688925345
Application_412322134,0,0,0.4540093302914626
Application_1273202358,1,1,0.6005539331595275
Application_1947537850,0,0,0.39182375360783045
Application_1445301194,0,0,0.4970986506310824
Application_200086367,1,1,0.5566193147801333
Application_522443860,1,1,0.6182095475507523
Application_113825560,0,1,0.6097997095297703
Application_872000062,1,1,0.5177891024515268
Application_973851961,0,1,0.666111374943151
Application_1191906778,0,1,0.595549198281767
Application_1908235422,1,1,0.5286110324776663
Application_53705750,1,1,0.658068814935383
Application_1583874174,1,1,0.7034148905776346
Application_392859662,0,0,0.366352349104615
Application_1454429781,1,1,0.5804693819800005
Application_506741540,1,1,0.8091235937800076
Application_1139089034,0,1,0.5352659986036056
Application_701552965,0,1,0.5930689336511796
Application_1995168124,0,0,0.30034704025635883
Application_1411383492,1,1,0.6187400865396396
Application_471678315,1,1,0.6516522779592604
Application_514416902,1,1,0.5384967225266992
Application_1007255451,0,0,0.4260277783919509
Application_1180537839,1,0,0.4017612630961686
Application_147324724,0,1,0.6966517291926448
Application_1160019646,0,0,0.3098509190039843
Application_747084251,1,1,0.5153954957648372
Application_944206598,0,1,0.6012925582751499
Application_1900413757,0,0,0.4413681076145717
Application_1413647211,1,1,0.5239809668984738
Application_402137039,0,1,0.587460686212121
Application_751811746,1,1,0.5015102529755517
Application_1813196768,0,0,0.3849553701147256
Application_1589946896,1,0,0.4816735165771758
Application_1747457779,0,1,0.628545640376615
Application_1972029705,0,0,0.44085753265646466
Application_1407908132,0,1,0.5807296890839309
Application_1495187612,0,1,0.5115480219076424
Application_2049934323,0,1,0.5569323522461167
Application_652119414,1,1,0.5341927342679456
Application_415528538,1,1,0.6109729567502259
Application_596823707,0,1,0.5117872771265233
Application_1908165167,0,0,0.4166552388581141
Application_1013194708,1,0,0.4479044204208424
Application_272717482,1,1,0.5793169233124511
Application_379598624,1,1,0.7321292423525456
Application_156118453,0,0,0.3888114067467049
Application_95886030,0,0,0.38691819729585925
Application_202695521,0,1,0.5438394102601506
Application_2039565789,1,0,0.46028778189681413
Application_1882772763,0,1,0.681519793979124
Application_1659523402,1,1,0.7406075142585422
Application_958762299,0,1,0.5128838987205134
Application_301072428,0,1,0.5298903301704957
Application_1963851177,0,1,0.6668137734548811
Application_1973533961,1,1,0.742429887380773
Application_397244752,0,0,0.3404428523884991
Application_81121528,1,1,0.6855917925497038
Application_1308628295,1,1,0.734430321441434
Application_495074860,1,1,0.7587994145768826
Application_675914140,0,1,0.5122522289837181
Application_1750416539,0,1,0.6568172977725211
Application_749980393,1,1,0.732502702981283
Application_1703969285,0,1,0.7027075895025411
Application_584887022,1,0,0.47645473762297685
Application_1253908388,1,1,0.5673895764091499
Application_1038953283,0,1,0.6721502536576749
Application_82678662,1,1,0.6746173503270043
Application_266918360,1,1,0.5973463832656509
Application_1107169322,0,1,0.5890006788219463
Application_246311204,0,0,0.34118169807128446
Application_674131289,0,1,0.66293297502902
Application_1395028182,0,0,0.465740598179581
Application_632579771,1,1,0.5622349475230279
Application_130601033,1,1,0.616430806502533
Application_1002602375,1,1,0.6225550343848728
Application_260150735,1,1,0.5937202237910402
Application_70476991,1,0,0.48331770273292346
Application_1180991784,1,1,0.5455255673409346
Application_875812233,1,1,0.7646140551347769
Application_660773864,0,0,0.4474791783032744
Application_1295686698,0,1,0.6155709089150052
Application_1114361455,1,0,0.4560782388813697
Application_1862652828,0,1,0.5906107586665849
Application_1358070929,1,0,0.49961854307542114
Application_1429834706,0,0,0.4592600318580963
Application_1068062776,1,1,0.6137013950075122
Application_298135524,1,1,0.5573424661101145
Application_508396198,1,1,0.5056845497967171
Application_136107584,1,1,0.6266241034326611
Application_293590020,0,1,0.5432384241851734
Application_788455374,0,1,0.5244797479432919
Application_1215704539,1,1,0.5676757184680113
Application_476036438,1,1,0.5381883564842265
Application_705059143,0,1,0.6007291070705931
Application_496997843,1,1,0.5140510929505208
Application_471822932,1,0,0.37312917331839623
Application_1255489836,1,0,0.4210311660546228
Application_1428362322,0,1,0.5429402901916601
Application_995569000,1,0,0.43210360640526785
Application_640250593,0,1,0.5418350025757426
Application_1440106205,1,1,0.5698089938799744
Application_857889523,1,1,0.5124616904424538
Application_642433479,0,1,0.5016948367322954
Application_1716972964,1,1,0.5339371103544274
Application_1216179909,0,0,0.3498490261101315
Application_1904897225,1,0,0.48428652852161197
Application_1210607742,1,1,0.5041958382533804
Application_1243754559,0,1,0.5538565535287928
Application_358922437,0,1,0.5841370483246248
Application_457837294,1,0,0.45714739195560294
Application_1565641655,1,1,0.5645049956560269
Application_1654987414,1,1,0.5123359143087478
Application_1512229591,1,1,0.5040285080899242
Application_2004651610,0,1,0.6511605823887083
Application_1065460501,0,1,0.7402361960482138
Application_699543314,0,0,0.47561387361032315
Application_1656189522,1,1,0.5243136511581664
Application_491147322,1,1,0.5604181475981255
Application_2006710736,1,1,0.7848873705810153
Application_1211102759,1,0,0.49730783039359094
Application_1893489688,1,0,0.4477287611638723
Application_1685601249,1,0,0.3825313248222617
Application_2141808398,0,0,0.12611728049786272
Application_64771754,1,1,0.5477988858161817
Application_512315997,0,1,0.6433988593482793
Application_698131674,1,1,0.6576934740116517
Application_761317512,1,1,0.7483329679098163
Application_1827685541,1,1,0.7847687880203851
Application_2009274259,1,1,0.5489752079509208
Application_799442244,1,0,0.44864002430604283
Application_1770123129,1,1,0.7487878234223985
Application_1555178270,0,1,0.6104352718189093
Application_196846064,1,0,0.4354372013903461
Application_650411814,0,1,0.6076099728256329
Application_1269805846,0,1,0.5716558993555964
Application_2089218629,0,0,0.49788451063352185
Application_581457283,0,1,0.6442894470126902
Application_1196023569,0,1,0.6311193550916657
Application_905282795,0,1,0.5471248249117979
Application_1101931698,1,1,0.6763649650028757
Application_752586469,0,0,0.4199201779291442
Application_320595534,1,0,0.38423257968822544
Application_1452954952,0,1,0.6693609766849188
Application_1047194763,0,1,0.5016222613321281
Application_830859051,1,1,0.5045242600181646
Application_1020036346,0,0,0.4408075506841652
Application_557767583,1,1,0.668043772361584
Application_747479812,0,1,0.5635085956364271
Application_80557353,0,1,0.5382493005931274
Application_228069219,0,0,0.4316647909764546
Application_1300319505,0,0,0.3899916635258849
Application_136002576,1,1,0.5776849748797428
Application_938297888,1,1,0.751882893733659
Application_155555799,1,1,0.6367478221315576
Application_1229977722,1,1,0.5037094820051926
Application_298849877,1,1,0.6820212048026496
Application_880330136,1,1,0.6866217960805052
Application_1801180457,1,1,0.5290513640745679
Application_2009371128,1,1,0.6704014155642157
Application_937515890,1,0,0.48551859497140365
Application_1261868792,1,1,0.6520776617405895
Application_96540087,0,1,0.7836192644906153
Application_191922766,0,1,0.5716327797346322
Application_109712434,1,1,0.6921797428410384
Application_542599834,0,1,0.5392800208064892
Application_167825309,1,1,0.6563623021880298
Application_1954244581,0,1,0.5933185586691733
Application_1982448100,0,1,0.6246668729913699
Application_1552182273,0,0,0.46051680178098553
Application_966598082,1,1,0.5601506098867957
Application_1400467505,1,1,0.5302539477121444
Application_498594805,1,0,0.48397178372249616
Application_1959891562,1,0,0.41669439713591017
Application_1896576715,1,0,0.4980236221599129
Application_2019122599,0,1,0.5621906411459142
Application_820279576,0,0,0.48784907010357537
Application_1287950240,0,0,0.34441014880716403
Application_1505801050,1,1,0.5560947047627254
Application_1544580039,1,1,0.7076709079774934
Application_891430949,0,1,0.7835588947333026
Application_747928417,0,0,0.3712796198418641
Application_1473159696,1,1,0.5187136793503234
Application_1982999758,1,1,0.5334303760100269
Application_1113580705,1,0,0.38152079312801734
Application_39302544,0,1,0.5718202581811416
Application_1471829510,1,1,0.5264746149274466
Application_182692737,0,0,0.4556962199624117
Application_613891711,1,0,0.45982042367142084
Application_622688791,1,0,0.48642564772077235
Application_1081922748,1,0,0.3440975612649281
Application_512698300,0,1,0.5168373849496805
Application_458098005,1,1,0.6049226118431087
Application_40477267,1,1,0.5259660573760186
Application_566861080,1,1,0.5748406514212409
Application_1650070556,0,0,0.22534863014245157
Application_176502121,0,0,0.4684816605177318
Application_1722967892,1,0,0.4073211449530241
Application_2126583947,1,1,0.6367387549409409
Application_424329054,0,0,0.4954727413436415
Application_793376272,0,0,0.4921251794253345
Application_639333261,0,1,0.5604004490979181
Application_1081779435,1,1,0.7060591415729677
Application_216273399,0,1,0.5199816962054765
Application_1290488002,1,1,0.520505999680539
Application_2033874050,0,1,0.5593657749864915
Application_1407692539,1,1,0.5108344025562546
Application_2074202194,1,1,0.591438325415096
Application_1146099400,1,0,0.35055740700986493
Application_451813045,1,1,0.5693368971824064
Application_1223590063,1,0,0.3256024453390886
Application_913654136,1,0,0.47494739821419163
Application_1035739361,1,1,0.514933572235809
Application_589219094,1,1,0.5408004700450539
Application_878238256,1,1,0.6367240160333535
Application_1952549224,0,1,0.5464019038167182
Application_1366905703,1,0,0.4959240020473307
Application_1716488937,1,1,0.6413900465065538
Application_1235123682,0,0,0.3694250526122725
Application_1989128442,0,0,0.304898690493518
Application_876478835,0,0,0.47957356767389075
Application_2118959355,1,1,0.6009922568983278
Application_37978891,1,1,0.5122691818017069
Application_620584761,0,0,0.47795566741224255
Application_1357127846,0,0,0.3488160037158228
Application_1364190015,1,1,0.5174380642746813
Application_2064405187,1,1,0.5313103293337127
Application_471904357,1,1,0.6761079638020736
Application_164281407,0,0,0.48665930987640654
Application_863470764,0,1,0.5499854813301606
Application_278286722,1,0,0.4139105650760467
Application_910355851,1,0,0.45990515287298583
Application_434445330,1,0,0.4655742384186511
Application_701033782,0,1,0.597864545452216
Application_1783531743,0,0,0.46497081707425314
Application_1353762934,0,0,0.38397826345959996
Application_1998480538,0,1,0.5428655298780923
Application_1463666597,0,1,0.5359838568873265
Application_865137936,1,0,0.41469061509991206
Application_100930614,0,0,0.44817400831433074
Application_537232908,0,1,0.5503622287476877
Application_238582681,0,0,0.3900699551751712
Application_1359020658,1,1,0.5771246444913634
Application_1926453434,0,1,0.5401732826903007
Application_232321104,1,1,0.5172306810698798
Application_1356472998,1,0,0.4877553725168956
Application_1361162937,1,1,0.502037011711077
Application_1458483878,0,0,0.38790213707547155
Application_928156547,0,0,0.45970572066654936
Application_705051999,1,0,0.4847508389822022
Application_223074907,0,1,0.558740036590719
Application_653726659,1,1,0.5580713103857942
Application_834709723,0,0,0.47268956029586773
Application_1905561540,0,1,0.5614311200230465
Application_2019817059,0,1,0.5908563083773919
Application_937212077,1,1,0.5646546342237723
Application_868540202,0,1,0.5455697726600581
Application_1323867616,1,0,0.3994277855900978
Application_1592706393,0,0,0.42480404086111334
Application_1279531338,0,1,0.562853751886455
Application_1658899086,0,0,0.4844570664243025
Application_517198185,1,0,0.47715792033051174
Application_694199032,1,1,0.5731413409886453
Application_1667746075,1,0,0.46543049409253306
Application_1388864560,0,1,0.5108015560975918
Application_819550615,1,0,0.3440418571301394
Application_128524933,1,1,0.5064114107987604
Application_621309500,1,1,0.5582457458281379
Application_528553820,1,1,0.5639909013005967
Application_419328742,0,1,0.5197306226885361
Application_368259393,0,0,0.43572582150038064
Application_1899255652,0,1,0.5650740471009684
Application_1575691668,1,1,0.5373721647083136
Application_1449083066,1,0,0.4259582191887128
Application_750712023,1,1,0.5612864997128933
Application_561182430,1,0,0.4858672399376035
Application_378614367,1,1,0.511675095281565
Application_340703406,0,1,0.5613822688510542
Application_2021247694,1,0,0.46421332252632963
Application_2072387574,1,0,0.4744121396815679
Application_1840222468,1,1,0.5748196544922918
Application_901150708,1,1,0.5631976960048702
Application_362852963,1,1,0.540898200748945
Application_281607427,0,0,0.4142476424197305
Application_2037088925,1,0,0.40555084277642517
Application_1882893523,1,1,0.65728258962392
Application_1337491799,0,1,0.5477235218422231
Application_1712513447,1,1,0.6887690827672437
Application_2075356216,1,1,0.6792330731108632
Application_1587233128,1,1,0.7339758980567889
Application_1965849532,1,1,0.6709928897788445
Application_1262324843,0,1,0.7468846633649484
Application_938425131,1,1,0.6977309530450428
Application_1641576878,1,1,0.5901597883009015
Application_504905109,1,1,0.6492152565007188
Application_138336932,1,1,0.6479265781987769
Application_935686626,0,1,0.5971186824222348
Application_291431226,1,1,0.697007796906537
Application_720903786,1,0,0.45023855722595524
Application_1656801440,1,1,0.6209061584991784
Application_1150497363,1,1,0.7283160872350489
Application_508861682,1,1,0.5830100243916502
Application_1571300931,1,1,0.694453810895674
Application_1600658059,0,1,0.6546995252237762
Application_1620041366,1,1,0.5174833743873811
Application_1221443804,0,0,0.4795365752519475
Application_1768567221,1,0,0.420968057275456
Application_828015798,0,1,0.7344627070034657
Application_528984196,1,1,0.6009345731295215
Application_545440810,0,1,0.5832893539447942
Application_638199657,1,1,0.6658849122490745
Application_223400033,1,0,0.4001328824115696
Application_1048060037,1,0,0.39463041968436585
Application_472844290,1,1,0.7525326766725347
Application_601594697,0,0,0.3499681575105895
Application_285811325,0,0,0.34842085430328845
Application_1218176080,0,1,0.5815700377358435
Application_1660566754,1,1,0.6751935473890248
Application_1551643269,1,1,0.6684634115684186
Application_1862264307,0,0,0.4283642211032287
Application_562473232,1,1,0.6211729586897319
Application_1612901949,1,0,0.4311059532380095
Application_1250773885,1,0,0.4170883151125874
Application_8039711,0,0,0.4768019099150906
Application_435700999,1,1,0.7257595002636179
Application_1853671913,0,1,0.5066580534508317
Application_1509724255,0,0,0.3390861835492468
Application_1780975856,0,1,0.5765950220653763
Application_1580503830,1,1,0.5338837835959085
Application_297860033,1,1,0.8006523587276
Application_974575173,1,1,0.9383064706283374
Application_532043630,1,1,0.5102396645118483
Application_1849495113,0,1,0.6887965342446422
Application_1272241720,1,1,0.7573825325892356
Application_1195247550,1,1,0.521853769457634
Application_1669784380,0,0,0.4352181014987564
Application_65199173,0,1,0.5498493360084181
Application_1017644369,0,0,0.3077427408036535
Application_1931690466,0,0,0.4721981470368053
Application_1727628752,1,0,0.44834525086782523
Application_1484955476,1,1,0.6685244375999324
Application_1705571424,1,1,0.6223833838564068
Application_515101580,1,0,0.36356063904885216
Application_435518705,1,1,0.513931204547054
Application_969888320,0,1,0.6044924292334877
Application_424363323,0,1,0.6029805669598771
Application_1159585631,1,1,0.5320726317047326
Application_1674012141,0,0,0.47299128415619346
Application_353397724,0,1,0.555721128195152
Application_2057919760,0,1,0.5113177109841494
Application_568941744,1,1,0.5878166913195807
Application_932953546,0,0,0.41688508981383793
Application_168568235,0,1,0.5469001836370156
Application_205456732,1,1,0.5908805783191926
Application_1336309549,1,1,0.5306678008442022
Application_462387356,1,0,0.46274066671825353
Application_620674374,1,1,0.5112540347465686
Application_1355747901,1,1,0.5942611798869054
Application_222189951,0,1,0.5380666805028088
Application_2077817650,1,0,0.4845611806601125
Application_1694062959,1,1,0.7628522623898893
Application_455023384,1,1,0.7332841913261932
Application_1627526150,0,0,0.4809779167999707
Application_1879667666,1,1,0.5585065180415621
Application_807155180,1,1,0.5941722332507985
Application_1694434637,1,1,0.7078636593791895
Application_286309155,0,1,0.5892574062170752
Application_198091646,1,1,0.5510785842661148
Application_2092061065,1,1,0.5703741220429364
Application_1630475769,0,1,0.5724394889137382
Application_1865804738,1,1,0.6075330651466502
Application_1731122486,1,1,0.6540810298397479
Application_1692002404,1,1,0.5360983534366058
Application_944419573,1,1,0.5276425573488142
Application_1506721954,1,0,0.4640910576077963
Application_1899237950,1,1,0.5210985029456731
Application_946583171,1,1,0.5540695014706734
Application_1696668995,1,1,0.5690563967909187
Application_516260428,0,0,0.4164093759090797
Application_351447593,1,1,0.5946548338457279
Application_301476952,1,1,0.5604815857600629
Application_701032854,1,1,0.5442219502744988
Application_1649116695,0,1,0.5582538964836699
Application_1131149871,0,1,0.5710383276557112
Application_494333708,1,1,0.5564546828609321
Application_422742047,1,1,0.5657028746695449
Application_1362011526,0,1,0.5281562619679847
Application_226313055,1,1,0.6303396111404493
Application_982697253,1,1,0.6334052673497055
Application_1635754210,1,1,0.6303392567410195
Application_1206779440,0,1,0.5092609044345965
Application_1939640271,0,0,0.48372519700888944
Application_1159445220,1,1,0.6148478178850392
Application_694377004,1,0,0.46697431186215815
Application_636211698,1,1,0.5953081808795888
Application_1394633662,1,0,0.4755617544980559
Application_1016809148,0,1,0.5072539124794312
Application_1438619325,1,0,0.3864081710210424
Application_804976669,1,0,0.3850945843698894
Application_581494514,0,1,0.6084085656413193
Application_15275072,0,1,0.5616898375653342
Application_1058972301,0,1,0.531933502327733
Application_377544827,1,0,0.4909289849566226
Application_695083820,0,1,0.5137187115119497
Application_1965599410,0,0,0.48040275474251654
Application_1750129865,0,1,0.5302034391002863
Application_1484214444,0,0,0.344397770764279
Application_1252333862,1,1,0.5362416588522119
Application_808162283,1,0,0.4924848757147093
Application_165345006,0,0,0.46804290987833674
Application_2059656186,0,1,0.5045834291860023
Application_1919468152,0,1,0.609513013460127
Application_1928513473,0,1,0.6983730068929489
Application_1292292431,1,1,0.7210243997150793
Application_1920008336,0,1,0.7346950324900514
Application_846668143,0,0,0.48350958857768
Application_165310345,0,1,0.6603897639059672
Application_1052506814,0,0,0.391185976873744
Application_559623520,0,0,0.4696502274381829
Application_949702714,0,0,0.2060874117520861
Application_1094834620,1,1,0.7679920227047404
Application_1201359633,0,1,0.7321884690655148
Application_1767906244,1,0,0.39070749864614385
Application_1050628695,1,1,0.6144451069521636
Application_283917402,1,1,0.7342711990759212
Application_381116619,1,1,0.6277074399220882
Application_523083441,0,0,0.33620664234876313
Application_1140236377,0,0,0.3404937290271085
Application_2085455067,0,0,0.3370528481614046
Application_699126971,1,1,0.6739547809602219
Application_1128851023,1,1,0.7013455339950299
Application_235493091,1,1,0.6981330145084634
Application_962505423,1,1,0.5038680706260464
Application_1971831087,1,1,0.6337288251200949
Application_2131766598,1,1,0.866945195046435
Application_800066706,1,0,0.42991459728404097
Application_145683841,0,0,0.4274576224021247
Application_713830240,1,1,0.541159235823405
Application_1459684566,0,1,0.5169582805716846
Application_1851874120,0,1,0.5387053119575076
Application_2030985552,1,1,0.7558406735703189
Application_1901687072,0,1,0.5054916804856983
Application_181522494,0,0,0.34450923076295054
Application_1132528029,0,1,0.5052450643456399
Application_1671598539,0,1,0.6226359221489483
Application_1894559551,0,0,0.3588860648780203
Application_723918543,0,0,0.48871673523727954
Application_159963009,0,0,0.4616404300840414
Application_564937473,0,1,0.5095954891428933
Application_289350668,0,0,0.46383565774773067
Application_1885551119,1,1,0.553861034962585
Application_1710821500,1,0,0.15680158286006388
Application_2026733199,0,1,0.6668762235654223
Application_1462194619,0,1,0.7112446771416179
Application_455209625,0,1,0.5671029380482414
Application_1855681221,0,1,0.5352446402058134
Application_1413250805,1,1,0.7631660819196819
Application_183528099,0,1,0.509356176001212
Application_790236241,0,0,0.3649157270759519
Application_292461471,0,1,0.6774172808189237
Application_938184987,1,1,0.5067318854021337
Application_1119306976,0,1,0.558019133061265
Application_2061810096,1,1,0.5595603650072423
Application_935269154,1,1,0.7532818547896295
Application_71649767,0,0,0.45783791934581686
Application_1575570277,0,1,0.5645533809748233
Application_1680315596,1,1,0.5870815747691097
Application_1993290049,1,1,0.5631535332942674
Application_1652374080,0,0,0.4875408174700307
Application_1942946338,1,1,0.5290057370921667
Application_1294550702,1,1,0.6127916918385174
Application_476454760,1,0,0.47868153906529987
Application_83385957,1,0,0.4196891274347543
Application_1337748196,1,1,0.5658221860356296
Application_12324686,1,1,0.6289898492036715
Application_1093058248,0,1,0.5600555826945585
Application_2127831807,1,1,0.7311346171915404
Application_735555779,1,1,0.7662043046563559
Application_2119963425,0,1,0.6364803073474394
Application_929827604,0,1,0.7001608379544896
Application_1471510503,0,1,0.5627004180518012
Application_1111235083,1,1,0.5428135548948161
Application_732428362,1,0,0.480643554306039
Application_341808795,1,1,0.5241123713295769
Application_657716944,1,0,0.4274068146479704
Application_1146014097,0,1,0.6752606643768336
Application_1505912637,1,1,0.7309787034841987
Application_1212971337,1,0,0.3723627032575503
Application_1983689717,0,0,0.3682546671764875
Application_1612004507,1,1,0.5132635954405281
Application_931609833,0,1,0.5300579063634655
Application_502308903,1,1,0.6748320929776911
Application_548417596,1,1,0.6524700908111217
Application_714861923,0,1,0.5208817281448641
Application_1374482966,1,0,0.39584678033003534
Application_1625271956,1,1,0.5219859498176563
Application_431263829,1,1,0.5199410009424871
Application_578567461,0,0,0.3347543832948061
Application_1000604502,0,0,0.43341369860275075
Application_1905959046,1,1,0.555543409926186
Application_1493156036,0,1,0.6510188548872667
Application_435221277,0,1,0.5051684004540882
Application_110914214,0,1,0.639816713283248
Application_213182586,1,1,0.5477718100385345
Application_1904961288,0,1,0.5248920401431002
Application_1442097997,0,0,0.42302120918536146
Application_1883784032,1,1,0.5297365305116588
Application_63932076,0,0,0.48695397499995935
Application_570793200,0,0,0.4089487330003587
Application_212653287,0,1,0.519832680651294
Application_1233149304,0,1,0.6210146834002168
Application_1861250409,1,1,0.5858646335753155
Application_546700899,1,1,0.5598081920379567
Application_1938715121,1,1,0.5968435174074529
Application_1001484676,1,1,0.7722558289973327
Application_675032963,0,1,0.5865679624902185
Application_458524875,1,1,0.9347960423649115
Application_1162627178,0,0,0.40776635154804775
Application_1890915392,0,1,0.581464225524727
Application_1758983925,1,1,0.5724748079366159
Application_1242764622,1,1,0.7910183844549924
Application_1834562586,1,1,0.9016331578019285
Application_1687097579,1,1,0.8823769852569127
Application_1124966685,0,0,0.4585864829656204
Application_43601953,0,1,0.5590181570485621
Application_1275152820,1,0,0.3822314555158104
Application_655546228,1,1,0.6489825963856611
Application_1838351905,1,1,0.5427196127025218
Application_2132219362,0,1,0.502804466124339
Application_1088621827,1,1,0.7722425612331568
Application_1278282603,0,1,0.8813392976161643
Application_629753510,0,1,0.5667689886924657
Application_930390995,0,1,0.7493652843473981
Application_42873866,1,1,0.7876055106738222
Application_214000838,0,1,0.658211071967568
Application_536044692,0,1,0.7561298684647496
Application_1087137354,1,1,0.598209503576119
Application_438124674,0,1,0.5759672297862294
Application_88534754,1,0,0.44890635531379036
Application_12716824,0,1,0.5051771692867286
Application_1942375524,0,1,0.584610231086744
Application_1752993054,1,1,0.6522723348403463
Application_904225542,0,1,0.6540703969200465
Application_1191708035,0,1,0.5784917619656267
Application_1549644894,1,1,0.5078556470077714
Application_2046609381,0,0,0.36753033332137575
Application_681692432,1,1,0.544069623555964
Application_259817176,1,1,0.6076727682021869
Application_908586068,1,1,0.847757983575331
Application_599524194,0,1,0.6022686804891157
Application_1767731218,1,1,0.6782209792313149
Application_2084882126,0,1,0.538828250465225
Application_1143978311,1,1,0.509585264092616
Application_820046936,1,1,0.7731664576747792
Application_1220307410,0,1,0.5352167130160623
Application_1401605203,0,0,0.4613717159096265
Application_95535126,0,0,0.4682149927639197
Application_1467650398,1,1,0.9180192453552237
Application_1623607293,0,1,0.5887775821257275
Application_2103006676,0,1,0.5587268551833048
Application_1745004593,1,1,0.5554312665873742
Application_1312457363,0,1,0.5691005494277727
Application_1695688535,1,1,0.6764326628256067
Application_409843902,1,1,0.5666564273795284
Application_1030783985,1,0,0.4638807956295977
Application_1811976667,1,0,0.4070494624379651
Application_1428804895,1,1,0.7195477639861759
Application_1113024793,0,1,0.7012483938564824
Application_1885602665,1,1,0.8075590582145116
Application_1493733461,1,0,0.4196922149558568
Application_1844911312,1,1,0.7299726322520937
Application_2034581042,1,1,0.6785422122989583
Application_1140209320,1,1,0.5046549658760169
Application_274633120,1,1,0.6961101917648094
Application_36547175,1,0,0.42311957805462813
Application_988366578,1,1,0.569763922915932
Application_826854912,1,0,0.4840707081563068
Application_464098432,1,0,0.32780177361830853
Application_610034914,0,0,0.3097597427158192
Application_1682029053,0,1,0.5370816620632717
Application_1458852944,1,0,0.49930210464202474
Application_949514127,0,0,0.2020375592061408
Application_1833857395,1,1,0.6119080181856601
Application_1914051970,1,0,0.41486278296864393
Application_1014628070,0,1,0.5217752244296704
Application_575050679,0,1,0.7328291708308295
Application_107058559,1,0,0.4759621423640811
Application_2041204599,1,0,0.39894425171233766
Application_64965901,0,0,0.07403120281724201
Application_419232141,1,1,0.5088179441040007
Application_1729824097,1,0,0.42509512888858636
Application_1911030393,1,0,0.4608376207717636
Application_1175375112,0,0,0.3375693815100818
Application_1491072794,1,1,0.5026119241838538
Application_708067308,0,1,0.5661497529166829
Application_2048466456,1,1,0.5733539184389097
Application_2023401888,0,1,0.6106564300888541
Application_1825060181,0,1,0.6196211995673394
Application_750561726,0,1,0.6480151926097897
Application_839069643,0,1,0.626219617037437
Application_392314150,1,1,0.6878327741992559
Application_322674067,0,1,0.6013794603429773
Application_727760467,0,1,0.6671181728834442
Application_1469294844,0,1,0.6152936986667943
Application_1953029550,1,1,0.6366084772435078
Application_1831134059,1,1,0.5262056805550979
Application_1399762813,0,0,0.26973164534613525
Application_575931876,1,1,0.5759267659917144
Application_213664539,0,0,0.3389841670221056
Application_1468495573,1,1,0.7036441491233901
Application_1106464121,1,1,0.6365497392927412
Application_1128945225,0,1,0.5064823035058343
Application_678219364,1,0,0.468619282572509
Application_970172259,1,1,0.6212717171635667
Application_1685418490,1,1,0.6158202509868969
Application_109999371,0,1,0.5795527506352044
Application_826353357,1,0,0.4227531095147018
Application_459955569,1,0,0.4912855376863015
Application_1882783264,1,1,0.5900358247154135
Application_492470670,1,1,0.7490953247739389
Application_2087521978,0,1,0.6931390885712405
Application_1124562062,0,1,0.6295075939790247
Application_1181412903,1,1,0.5886382457327012
Application_967577338,1,1,0.5007159817844126
Application_1683592982,0,0,0.4813610046299608
Application_1721513096,0,1,0.6032929997374054
Application_647329744,0,0,0.44056719187253346
Application_280797942,1,1,0.5030240204517943
Application_844605700,1,1,0.6693465597541236
Application_156660458,1,1,0.5116300285383643
Application_299054642,1,0,0.11690587106740784
Application_1571452825,1,1,0.6277299537531902
Application_1954175744,0,1,0.5323960272113156
Application_1419458810,1,0,0.15963567026904493
Application_194208452,1,1,0.6249128416018196
Application_121612402,1,0,0.49954218187566846
Application_716501244,0,1,0.5581300895177439
Application_530444177,0,1,0.6763773231517193
Application_1605593231,0,1,0.5560260379110821
Application_1919629146,0,1,0.5215632189299386
Application_1989416782,1,0,0.33740936919630166
Application_917476215,1,1,0.5192785953474007
Application_2035483447,1,0,0.43910484062013455
Application_1610596108,0,1,0.6060045073223223
Application_1963113833,0,0,0.3924971451962283
Application_1400832878,1,1,0.5458704833141036
Application_1685553482,1,1,0.6132969921035002
Application_1369571234,1,1,0.5663660635166293
Application_287357474,1,0,0.4862190619847677
Application_1513321238,1,1,0.6159353078361403
Application_110384193,1,0,0.15079265659616306
Application_619819743,1,1,0.5718319004703362
Application_1669984193,0,1,0.5665469267189637
Application_1693259722,0,1,0.6641055426328124
Application_1384990566,0,1,0.5741811960092436
Application_1170931347,0,0,0.4818152857177624
Application_1254769573,1,1,0.5653965270033089
Application_905022889,0,0,0.47438917242412876
Application_1199714746,1,0,0.47555624126885043
Application_1010390571,0,0,0.49856934981216283
Application_1562532315,0,1,0.9255973284542502
Application_1372997016,1,0,0.49677460305564936
Application_442169489,0,0,0.42096898890485557
Application_117667027,0,0,0.43962153793267666
Application_775689800,0,1,0.5989043978456026
Application_766537064,0,1,0.7587853674902022
Application_1999345768,0,1,0.7044072521666521
Application_40026814,0,0,0.4924537405150212
Application_402090966,1,1,0.5820270771262755
Application_625287642,0,1,0.624322679069572
Application_1699165633,0,1,0.5053527477971649
Application_759582319,0,1,0.6954547602665955
Application_983073417,0,1,0.505953589722719
Application_43195645,1,1,0.5150777325275049
Application_807788459,0,1,0.6518413246550597
Application_896367681,0,1,0.7401700776206702
Application_1965696946,1,1,0.9004954028202268
Application_1017777344,1,1,0.5292210863250882
Application_1290492777,1,0,0.4902499339994347
Application_623063857,1,1,0.6223027232286852
Application_109019861,1,1,0.7566681921164908
Application_332230732,0,1,0.5438890591671816
Application_606748316,0,0,0.42135169350508966
Application_325370159,1,0,0.4729448578350936
Application_102041449,0,1,0.6328755873173959
Application_1399254000,0,1,0.5173097702510138
Application_1997885144,1,1,0.6555412254889295
Application_1568049809,0,1,0.5000406563406609
Application_261962420,1,0,0.439587857512102
Application_399381230,0,1,0.5460334451036281
Application_667274829,1,1,0.513018582409927
Application_346181860,1,0,0.4672144952620738
Application_356588813,1,0,0.3597025643973271
Application_272415884,1,1,0.5003450936025309
Application_2014464461,1,1,0.7563420365163066
Application_914960694,0,1,0.5681653813560295
Application_1854102565,1,0,0.48713629933681296
Application_1251055212,1,1,0.8370604679007331
Application_581329093,1,0,0.4582580719676131
Application_103473608,0,1,0.5040555962575705
Application_982136058,1,1,0.5658575219392517
Application_1091165384,0,1,0.6740218770170257
Application_2064250769,1,1,0.5877456795829511
Application_1184500047,1,1,0.5415291043349258
Application_805627056,1,1,0.6540509527152233
Application_943624516,0,1,0.5384636803657425
Application_2015936535,1,0,0.48413699666259147
Application_1758727131,1,0,0.4391951023848538
Application_1579902110,1,1,0.5726510593007265
Application_880950366,0,0,0.48960806253461203
Application_1205215421,1,1,0.724907540692206
Application_978512250,0,0,0.39420011996652365
Application_1559634770,1,1,0.5208462294441134
Application_2086684889,1,1,0.6917070273807342
Application_562228671,1,1,0.5963970591245854
Application_212775744,0,0,0.41685884440151305
Application_1857316370,0,0,0.36529649927839103
Application_2017829434,1,1,0.5055464120853489
Application_1927683874,0,0,0.48262828780616573
Application_388550314,0,0,0.474710234985099
Application_1076724533,0,0,0.48296759121273464
Application_539906487,1,1,0.5528206725357132
Application_1035232735,1,1,0.6308429333455926
Application_333737479,0,1,0.5283560425528775
Application_531296723,0,1,0.5262056756109414
Application_1848685618,0,0,0.4644624089580697
Application_1562508102,1,0,0.47691663314058186
Application_774509847,0,0,0.4994390293725515
Application_1395900304,1,1,0.7100581502675389
Application_1619262727,0,1,0.7823123736168315
Application_764749022,1,1,0.76153819518722
Application_987372681,1,1,0.6965366391479624
Application_2106803691,1,1,0.545119109129426
Application_1816208063,1,1,0.8158325547687789
Application_177678443,1,1,0.6238439203783223
Application_1847020617,0,1,0.5215989314913255
Application_503919356,0,1,0.5883570097715097
Application_1070094567,0,1,0.553206991319644
Application_1971384449,1,1,0.6824023444165386
Application_568907714,1,1,0.6584568223021644
Application_379321877,1,0,0.4645384364441628
Application_189605659,1,1,0.6584927539552279
Application_901390041,0,1,0.5409996939576057
Application_2129809170,1,1,0.6379789436281863
Application_751071872,0,1,0.6386424667303022
Application_755691679,0,1,0.5523390540467171
Application_399569642,1,1,0.6367258978759436
Application_389282611,1,1,0.6485237881759264
Application_980700134,1,1,0.5431911770096594
Application_1706556182,1,1,0.5425003135576169
Application_2064700670,1,1,0.6221969736495331
Application_639140332,1,1,0.5779168219899445
Application_988769752,0,1,0.5134875089278682
Application_8860825,1,1,0.5591950786965985
Application_1279139907,0,1,0.5787086710929199
Application_322832249,0,1,0.7608591237985735
Application_580207746,1,1,0.5219831418238666
Application_376690381,1,0,0.46270937039801757
Application_2015410281,1,1,0.504946809934116
Application_2074520281,1,0,0.34534217888793284
Application_988274349,0,1,0.5144825677233451
Application_780296156,1,1,0.6130059357920744
Application_2077996229,0,1,0.7359184440212968
Application_1568109043,1,1,0.5591884863479674
Application_2142018582,0,0,0.3785306453616331
Application_1084424128,1,1,0.5026585263991028
Application_704139340,0,0,0.42611808716482324
Application_399854442,0,0,0.4313316560927385
Application_1034454,0,0,0.4636135747846562
Application_3614173,0,1,0.55548363263391
Application_2091895631,0,1,0.5769490299441041
Application_1442980784,1,1,0.5547199823405965
Application_1731907819,1,1,0.5688117534719864
Application_973645066,1,1,0.727887855479642
Application_649420116,0,1,0.5448892853722586
Application_839751740,1,1,0.6269353107028937
Application_2057771265,0,1,0.7366439288853102
Application_1408549067,0,1,0.641205239162881
Application_1733134376,0,1,0.7194187415610859
Application_482965445,0,1,0.5155110554804622
Application_722944980,1,0,0.45371794300295204
Application_912680237,1,1,0.5104824412107998
Application_2128190681,1,1,0.7714864143226752
Application_1349452827,0,1,0.6109984009711263
Application_52511126,1,1,0.5744128973035548
Application_796519168,0,1,0.5082030935470848
Application_612914602,1,1,0.5810813488718762
Application_147809631,0,0,0.39489276105493376
Application_876488558,0,1,0.6504143414127802
Application_23575323,1,0,0.4479122883921693
Application_199519930,0,1,0.5683305649300753
Application_872601561,0,0,0.4395479085139321
Application_1167079577,1,1,0.5437237956720571
Application_2124106051,0,1,0.5149143218713895
Application_12818310,1,1,0.6803900637679041
Application_1130845322,1,1,0.6093366421158165
Application_435802321,1,1,0.5661467234132679
Application_56315967,1,1,0.544253275917838
Application_991440803,1,0,0.451675702407726
Application_1774968610,0,0,0.4996068100822185
Application_1712822769,1,1,0.7886261318145634
Application_1708773132,0,1,0.6055472818865787
Application_1346081876,0,0,0.43038498883825893
Application_125944151,1,0,0.4947948904325857
Application_352224008,0,1,0.5585221678081012
Application_2038392140,0,0,0.42827273992625436
Application_1434923894,0,0,0.4165504704881593
Application_725147343,0,1,0.5502203013358349
Application_1049619167,1,0,0.3784646123790593
Application_1361510669,0,0,0.36297067573426767
Application_13850224,1,0,0.4673462414271855
Application_726154989,0,0,0.44389295766615045
Application_1847062642,0,0,0.3633020067568621
Application_1556952402,1,0,0.4559586717620205
Application_373109848,1,0,0.47494241735040355
Application_988067784,1,1,0.5773146142914571
Application_1017445442,0,0,0.4524426999977767
Application_552268672,0,1,0.5242801951022639
Application_922063750,1,1,0.5228435100741017
Application_475818880,1,1,0.5623488176168934
Application_1403714641,0,1,0.5645292215720435
Application_1581096487,1,0,0.4995229497568164
Application_1905422139,0,1,0.5134890719814649
Application_1943247002,1,1,0.5575619185870927
Application_1497050490,0,0,0.3605894964957435
Application_1999348863,0,1,0.581596225963748
Application_1663711273,1,0,0.47899376181601916
Application_1031666995,1,1,0.532389970895434
Application_1446591622,1,1,0.5218442651306007
Application_1997224474,0,1,0.5313396143846385
Application_1054590917,1,0,0.46728017826271745
Application_1277946786,0,1,0.5112189337887242
Application_1660154570,1,0,0.4811060632155963
Application_54309881,1,0,0.4755335497017757
Application_235293683,0,1,0.6202870290288307
Application_1737595763,1,0,0.4698459495583637
Application_2111897411,1,1,0.5028229986735827
Application_337794163,1,1,0.5500093094765454
Application_1100925770,1,1,0.5458301444697679
Application_161489406,0,1,0.5986721289225737
Application_2129089731,1,1,0.5225098162082681
Application_1481302660,0,1,0.5250306598952276
Application_115695512,1,0,0.3989335381517503
Application_1708208710,1,1,0.5418114744205489
Application_867048229,1,0,0.3461779115271477
Application_1367761225,1,1,0.5450126939060718
Application_1009741271,0,1,0.5703510476806345
Application_1852368370,1,0,0.38243174653108997
Application_1480712559,1,1,0.574924984592757
Application_313920006,0,0,0.46888516654088125
Application_729340980,0,1,0.6045183391718354
Application_331396477,0,1,0.5360407216137064
Application_60615076,1,1,0.5334281910287911
Application_988854237,0,1,0.5111350805484395
Application_1780999556,0,1,0.5568983331976642
Application_1124845188,0,0,0.48138815352267555
Application_185493618,1,1,0.5076888374238578
Application_1486848512,0,1,0.5791911043149351
Application_547422624,1,0,0.48619571614344265
Application_307606890,0,1,0.5393174742958547
Application_702829933,0,0,0.41980678989266
Application_121254132,1,1,0.519157131299363
Application_1523593634,0,0,0.46316770559919
Application_700094592,0,1,0.5871744225678388
Application_1995611254,1,1,0.7507028797162585
Application_1459114131,1,1,0.5165573843975346
Application_439060282,1,0,0.4024530428282301
Application_375799252,1,1,0.5766102451243433
Application_488434326,0,1,0.5374206617690301
Application_1753681160,0,1,0.6578527058751105
Application_1454660257,1,1,0.5813011566225769
Application_421585404,1,1,0.5887351433110455
Application_1496148798,1,0,0.4652676479631995
Application_8118144,0,1,0.6409994944416687
Application_1820165451,0,0,0.3469409485348618
Application_1290334354,0,1,0.532313926212748
Application_413628206,1,0,0.48261808695680103
Application_431307591,1,1,0.6403057404738056
Application_63947631,1,1,0.671519171536927
Application_634382665,1,1,0.9979096481947771
Application_149980465,1,1,0.5466312576271806
Application_847278478,0,0,0.3290127898640789
Application_342828964,0,0,0.36960253264144216
Application_422558572,1,1,0.5836083071360728
Application_1496728399,0,1,0.509122115307121
Application_1281064164,1,1,0.6132901881958631
Application_1709020414,1,0,0.3478294434074832
Application_634404760,1,1,0.5306607457840123
Application_1902619812,1,1,0.539611068805743
Application_830170446,0,0,0.48539788578710963
Application_312082194,0,1,0.5613716722484551
Application_1462132978,0,1,0.536753005930161
Application_1426681137,1,1,0.5497851790121793
Application_344085083,1,1,0.5516388130090607
Application_1359786959,1,1,0.6315230815792708
Application_666941036,1,0,0.4868518641782725
Application_2093027855,0,1,0.8669376239394201
Application_419724347,1,1,0.6741239181370456
Application_722567623,0,1,0.5364824485762666
Application_27100045,0,0,0.45890179025378647
Application_709688339,1,1,0.6319813754319795
Application_1791944136,1,1,0.9285143611016198
Application_1786918756,1,0,0.4851504040384038
Application_1343814701,1,0,0.44382735125429523
Application_354402076,1,1,0.7743540279844074
Application_47029740,1,1,0.6463948874434083
Application_1708393332,0,1,0.6713240323451779
Application_420669904,0,1,0.5371589517089532
Application_258749628,1,1,0.6230535657858745
Application_18547553,1,1,0.712715435553155
Application_1146810684,1,0,0.4909709652169681
Application_1619793657,0,0,0.49318999133882585
Application_1905206825,1,1,0.7724295462335086
Application_1173080063,0,1,0.5616631916700676
Application_1809362004,0,1,0.6394854872745888
Application_1995092888,1,1,0.7390082497601671
Application_1931880339,0,0,0.4975167240890261
Application_152088581,1,1,0.58779901608283
Application_164152579,1,1,0.5125046460038574
Application_1496751218,0,0,0.34041955688254305
Application_2064931341,0,1,0.5651616737561548
Application_696705115,1,1,0.7356330485245932
Application_1037792917,0,1,0.6119441344740694
Application_1416971836,1,1,0.7271727896141809
Application_1795530227,0,1,0.517387262891771
Application_802854661,1,1,0.8755595120917641
Application_731053814,0,1,0.5408533816894041
Application_128895870,0,0,0.34163482861504846
Application_912571590,0,0,0.3323795500717829
Application_270600793,0,0,0.47484593670248226
Application_47358462,0,1,0.5109667313900497
Application_1589590132,0,0,0.3993995322871534
Application_906393285,1,0,0.4519685971884848
Application_1988628098,1,0,0.4722910531273711
Application_1405116066,0,1,0.6765006861364362
Application_1223354907,0,1,0.5723801934100912
Application_156205308,1,0,0.4888704231997867
Application_917640298,1,1,0.553604405502568
Application_1233625625,0,1,0.5563349535424851
Application_690050804,1,1,0.5200273089751023
Application_2131158409,1,1,0.6393738776472591
Application_1671183664,0,0,0.47332807792265075
Application_453337956,1,1,0.533876498087027
Application_1439034221,0,0,0.3551542881836208
Application_811493670,0,1,0.753504942426527
Application_1041474698,0,1,0.5038171439984949
Application_157617137,0,1,0.6515647668800139
Application_506387829,1,1,0.5350542220013621
Application_1589109398,0,0,0.413226499021959
Application_1658869403,1,1,0.5007244309750801
Application_1735390692,1,0,0.3974462869645145
Application_1477327683,1,0,0.4683745510867516
Application_1296990203,0,0,0.35899000994542785
Application_580245327,1,1,0.5622280633576512
Application_1621312451,0,1,0.6179419143735317
Application_904451412,1,1,0.5311403720658299
Application_474011024,0,1,0.5324009899780077
Application_1224592697,0,1,0.7152706241870896
Application_1958977845,0,0,0.430828881068733
Application_1615711427,1,1,0.6460540078973976
Application_2107633163,1,0,0.4218265325598757
Application_1829485980,1,0,0.4826689389850066
Application_1391641676,1,0,0.2820873731679808
Application_1749792883,1,1,0.5651800835273134
Application_2064387905,1,0,0.43074181651500165
Application_1432396679,1,1,0.5593102905879631
Application_980593207,1,1,0.7525363276700775
Application_186667038,1,1,0.7060859281427181
Application_1077356396,0,0,0.3685844083295933
Application_895880399,0,1,0.6935258999950701
Application_752129547,0,0,0.41645678237671413
Application_1068144226,0,1,0.5105550756423345
Application_1468251260,0,1,0.5864651560730698
Application_390614305,0,1,0.5640226197264773
Application_753005548,1,1,0.5603035130178655
Application_683749311,1,1,0.5429273164115911
Application_1469289455,1,1,0.5502881485736804
Application_576893560,0,0,0.25257202085250796
Application_1571228698,1,1,0.6047418470588093
Application_1194598473,0,0,0.43082130812130465
Application_147095816,1,1,0.5304231759633594
Application_593935959,0,1,0.5185721685631195
Application_673828188,1,1,0.5021769752645894
Application_670770300,1,1,0.5367518880027677
Application_1899152730,1,0,0.3259078764882594
Application_2110656628,0,0,0.46230440634527303
Application_1609788234,1,1,0.7277588784292115
Application_2041624603,1,0,0.3329311188951272
Application_1543521670,1,1,0.5695532497060489
Application_123785844,0,1,0.6847039335242848
Application_1181289999,1,1,0.7743670185747147
Application_1386927037,1,0,0.47692446560141394
Application_1197789168,1,0,0.48375343182801933
Application_2006398286,1,1,0.7251316617389378
Application_1968486052,1,1,0.764136278063425
Application_671852829,0,0,0.3864501642999433
Application_1888687616,0,0,0.269893922653164
Application_1711249494,0,1,0.5522859201679168
Application_2027016208,1,1,0.7368814445372739
Application_810347380,1,0,0.124069167411323
Application_485042805,1,1,0.614222122958271
Application_261823208,0,0,0.37299033390799113
Application_668992760,0,0,0.4739664045853922
Application_2131674188,0,0,0.30738742980580686
Application_1782240690,0,0,0.10590603609747087
Application_1716865791,0,0,0.4803669516344836
Application_1216511082,0,0,0.3781374943174776
Application_576907537,0,1,0.5417076558625246
Application_216754029,1,1,0.6813695259235656
Application_1286860918,0,1,0.5259084835498857
Application_524435127,0,1,0.5398689356802516
Application_1716698141,0,0,0.3923930113890555
Application_954830822,0,1,0.5008670892620012
Application_2115637548,0,1,0.5720030649643993
Application_1686152726,1,0,0.4867829396400269
Application_1296679854,1,1,0.57040647993115
Application_538667985,1,0,0.482912020959092
Application_785051963,0,0,0.48740438459574287
Application_1270199280,1,0,0.3868256315974673
Application_1859157542,1,1,0.5294823225631375
Application_274583570,1,1,0.8091133962313671
Application_489522386,1,1,0.5144885857524388
Application_1732322692,1,0,0.4888658446494042
Application_1210328211,1,1,0.5668810766310892
Application_1858818143,1,1,0.6911794314609254
Application_595612823,0,1,0.5220003055312076
Application_1461654162,1,0,0.47667328018824345
Application_1891223976,0,1,0.649659535901064
Application_2079011186,0,1,0.5453942358433449
Application_432545630,1,1,0.6060586360707471
Application_816701109,0,1,0.5202238610695031
Application_238988465,0,1,0.5436583837976775
Application_85776840,1,1,0.566765794086179
Application_1696233759,0,0,0.14781346689569838
Application_1506673860,0,1,0.6275100793351883
Application_1427125327,1,1,0.5380593876930749
Application_1855047203,0,0,0.3194187757233427
Application_1641972620,0,0,0.48534233535608323
Application_1248150861,0,0,0.3419227627962848
Application_1056628969,0,0,0.40688462868226555
Application_1627130886,0,0,0.12849246682683507
Application_1437532627,0,1,0.5469850159036712
Application_771286338,1,1,0.60721224967812
Application_421841965,1,1,0.6484566238306785
Application_73738380,0,1,0.5172276521533493
Application_1282312320,1,0,0.4875448677236107
Application_418638674,1,0,0.45919098700197536
Application_1661566238,0,1,0.6656525334312552
Application_704673299,0,1,0.5868535046190386
Application_515232769,0,0,0.4556821526060413
Application_1231420166,1,1,0.5316755165528986
Application_1778559212,0,1,0.5551501604934085
Application_16362248,0,1,0.518284460020971
Application_2030168144,0,0,0.36099492660038984
Application_2122659093,1,1,0.681203077059647
Application_913238444,0,0,0.3608454050764345
Application_1355715243,0,1,0.661981785143182
Application_1172380323,1,1,0.5971489270829415
Application_583743819,0,1,0.5111810722766673
Application_1727040001,1,1,0.5171936992557025
Application_1265200930,0,1,0.5363637255527111
Application_1848065299,0,1,0.7275985651737611
Application_332549605,1,1,0.5146341006285914
Application_333758826,1,1,0.5080768704074328
Application_113084488,1,1,0.5407527601882003
Application_1522272001,1,0,0.4413279636849335
Application_1836314441,1,1,0.5674020233699828
Application_592450149,1,0,0.4233253311861337
Application_2096597980,1,1,0.5146557970123953
Application_1452593339,0,0,0.44768804494310377
Application_377998077,0,1,0.5711729249600498
Application_679723515,1,1,0.5808878754108456
Application_92831750,1,1,0.6125381668100599
Application_800393339,0,1,0.504914516463226
Application_2127123557,0,1,0.5853193781310994
Application_1681194502,0,1,0.5024786412676179
Application_1942456208,0,0,0.4326649258263394
Application_445562509,1,1,0.5618863128276588
Application_680162255,0,1,0.5526844430813429
Application_389299871,1,1,0.6374864070465798
Application_1839878297,0,1,0.5575492515925835
Application_1535887425,1,0,0.4773555493440138
Application_1157629544,1,1,0.6894525920325086
Application_36439873,0,0,0.3403628916272489
Application_612404359,0,0,0.3401711290856254
Application_209142304,0,1,0.5708809039434382
Application_1207241892,1,1,0.6246875728204195
Application_503299627,1,1,0.6224528769324252
Application_288379803,1,0,0.4261828501053381
Application_224662530,1,1,0.7547660989696825
Application_793939885,1,1,0.6275350414418298
Application_1921072973,1,1,0.5499686285345474
Application_1622141165,1,1,0.8075665228922775
Application_1802121036,1,1,0.5289404516634776
Application_871215308,1,1,0.7128695931964097
Application_1372339201,1,1,0.5570718573622145
Application_1561692075,1,0,0.4937062211428784
Application_1992130871,0,1,0.6213656868491063
Application_508299436,0,1,0.6808162496262042
Application_937048157,1,1,0.7508663872471448
Application_1585721321,0,0,0.4765011135078564
Application_1834669009,1,0,0.3408263433016673
Application_1190091553,0,1,0.5769413318491813
Application_1377182882,1,0,0.4736215326082746
Application_1949935692,1,1,0.7428370958311156
Application_579964835,1,0,0.4620005649016704
Application_1280729591,1,1,0.6002221745281779
Application_851079180,1,0,0.3960752824622133
Application_197286762,1,1,0.581534620658741
Application_152396051,0,0,0.45776870095122624
Application_583032151,1,1,0.8802174830730438
Application_806234153,0,1,0.7673755311046226
Application_1059867108,0,1,0.6126176263250841
Application_499343172,0,1,0.5572631721318951
Application_1988789101,0,1,0.5532204376644713
Application_1083132746,1,1,0.9040962512017836
Application_1276950247,1,1,0.6662320777963602
Application_1018249155,0,0,0.4351261087623844
Application_1376161196,1,1,0.5626999609581989
Application_202743024,0,0,0.48257089395693065
Application_578480581,0,1,0.5674824941157558
Application_500901648,1,1,0.6230076744102852
Application_1944171441,1,1,0.6827676603545788
Application_1990285970,0,1,0.5317113347867366
Application_1294741511,1,1,0.629741219722929
Application_1268235401,1,1,0.6237568661036025
Application_1087053459,1,1,0.5536657306967565
Application_2063746491,0,1,0.6183859441655672
Application_1982638542,1,1,0.9044736790363505
Application_514153976,1,1,0.6476257925593059
Application_434150091,1,1,0.5498282674705572
Application_1633005310,0,0,0.4800816666965349
Application_2062813997,0,1,0.8731362036104399
Application_1742086313,0,0,0.3226453587393337
Application_1312322500,0,1,0.5266479393609305
Application_947700835,0,1,0.5218035535372328
Application_429482627,1,1,0.6287933094693886
Application_135180486,1,1,0.665684416860157
Application_834650046,1,1,0.519947885566312
Application_816376942,0,1,0.7264010924381918
Application_456606586,1,1,0.8824729556629418
Application_483057784,0,1,0.5277580445129733
Application_624994443,0,0,0.462235535077602
Application_465060650,1,1,0.6136482619075343
Application_322806868,1,1,0.647129565977447
Application_1022069965,0,1,0.5282191364715674
Application_1289132611,1,1,0.5242804159042749
Application_1899900881,0,1,0.7205149242003424
Application_319276505,1,1,0.6661908337204178
Application_96304459,0,1,0.7550208088777006
Application_1576985623,1,0,0.47906780969016355
Application_1635482301,0,1,0.5868626942101176
Application_1319602969,0,1,0.6180156949368197
Application_125718857,0,1,0.6211126292923166
Application_826791651,0,1,0.5262841233018325
Application_406572229,0,1,0.564555824400804
Application_419116262,1,0,0.41037093744762726
Application_103087302,1,1,0.578840749287759
Application_1542605425,1,1,0.5650070535722513
Application_1670458395,0,0,0.4605081423168471
Application_1826685201,0,1,0.5666372395083243
Application_248613166,0,1,0.7506712754747074
Application_606587496,1,1,0.6412120369919362
Application_1259751461,1,1,0.6663057471981725
Application_2104220031,0,1,0.5197809518965645
Application_620031665,0,0,0.4646636919118727
Application_459407663,1,0,0.39493699320532033
Application_1747757725,0,0,0.4531695819739748
Application_1295203711,1,1,0.5034611485918477
Application_1619735813,0,0,0.47269875819595775
Application_1102726494,1,1,0.5682570234459793
Application_1612667171,1,1,0.5646470397248664
Application_773635043,0,0,0.4747508629782226
Application_963069606,1,1,0.5253078278435335
Application_805043529,1,1,0.529344890072969
Application_1974968061,0,0,0.34415671987854446
Application_461492498,1,0,0.3653112780970876
Application_1958282351,0,1,0.5007801085284558
Application_1486078982,0,1,0.563965747006071
Application_221786502,1,1,0.5555225071140205
Application_869220020,1,1,0.5601182269167548
Application_1568412373,1,1,0.5456667708910156
Application_213538350,1,1,0.6191243942645402
Application_1248680314,0,1,0.7104832343763164
Application_671488964,0,0,0.39386790307104286
Application_1934534935,1,1,0.7816543265871003
Application_1130621069,1,1,0.726338234759744
Application_43229443,0,0,0.4235259244634191
Application_271787481,0,1,0.606940579971002
Application_844845235,0,1,0.6089493000475471
Application_1476900236,0,1,0.6464413350405854
Application_1756652661,0,0,0.31971067301561407
Application_1962983064,0,1,0.5432162565066255
Application_2118883861,1,0,0.4714287033966896
Application_847875764,1,0,0.46505552606435413
Application_682347878,1,1,0.7156837271032127
Application_1613537882,1,1,0.5968378583255864
Application_1398322102,0,0,0.49987527719457897
Application_564808529,1,1,0.5819511284018369
Application_1761486530,0,1,0.5599140622019747
Application_1816863492,1,1,0.6073157296949045
Application_1003146166,0,1,0.5771589686224071
Application_1395107445,1,1,0.5461770765938301
Application_1719507589,1,1,0.7526458730189307
Application_1688063211,1,1,0.6050740232917028
Application_2067335172,1,1,0.755239049830664
Application_1364013859,1,1,0.5609943593901291
Application_999632431,0,1,0.5446014602701582
Application_384277580,1,0,0.4920530290525868
Application_1758193094,1,1,0.6156470150007367
Application_1395990857,0,1,0.5334626405457075
Application_674467574,0,0,0.4354488580730582
Application_238430644,1,1,0.6299661961607028
Application_429161933,1,1,0.5607824231003491
Application_391897610,1,1,0.6011638818747688
Application_842716286,1,1,0.6387571845021577
Application_1474356920,1,1,0.9416203144586517
Application_1207703232,0,1,0.6135411395564133
Application_1656558410,1,1,0.6716493812570408
Application_1913610903,1,1,0.6448920291027118
Application_1190841805,0,0,0.3756397733029518
Application_1001114274,1,0,0.3667899934674024
Application_511603944,0,1,0.5492385799148007
Application_69913766,0,0,0.38701215170173314
Application_241443069,0,0,0.35801473304623693
Application_390816288,0,1,0.5498474633383735
Application_74441301,0,1,0.6240198773424069
Application_1028335742,1,1,0.5365291571067119
Application_2102194190,1,1,0.8790771905377479
Application_1176335358,0,1,0.7193846833793796
Application_420715176,0,1,0.6690662580123684
Application_228318739,0,1,0.5996946154435242
Application_807384853,1,1,0.717499214194424
Application_1123235662,0,1,0.6529272789476313
Application_1186617043,1,1,0.5547424813419167
Application_48616900,0,1,0.5678010871799334
Application_229840349,0,1,0.6104901654251583
Application_1305073860,1,1,0.7349831029882102
Application_1763494631,0,0,0.49453257374921444
Application_1691653218,0,1,0.5995281677020751
Application_1882655907,0,0,0.48668103104137567
Application_1597138122,0,1,0.6167557020469692
Application_131965778,1,1,0.7675886389128558
Application_601219508,0,1,0.607204320667501
Application_1206133916,1,0,0.1359298509265908
Application_856341410,1,1,0.5444348842811169
Application_472770940,1,0,0.4662662481619418
Application_1023646798,1,1,0.5655135690885369
Application_1539865472,1,0,0.4698091859926388
Application_2106009667,0,0,0.4339885053508297
Application_1399403690,1,1,0.6359226917525777
Application_1631604760,0,0,0.43145713650821865
Application_228538500,1,1,0.5929370065353148
Application_2093502340,0,0,0.4865400320385808
Application_1235145497,1,1,0.6122737943410759
Application_236577693,0,0,0.47612385864925777
Application_737606033,1,1,0.611022248715367
Application_125959990,0,1,0.5254022595263024
Application_488752245,1,1,0.6866283000329065
Application_1200079309,0,1,0.7257075595451085
Application_1167248095,1,1,0.7546153244175325
Application_817508008,1,1,0.676052450742089
Application_1859548293,0,0,0.4638378046142001
Application_91776621,0,1,0.7798944313455122
Application_1921145636,1,1,0.6059958445012333
Application_1355696450,0,1,0.558123252169905
Application_550891135,0,1,0.5418961961602674
Application_105434929,0,0,0.30727479059880924
Application_539113630,0,1,0.5878405892206381
Application_390553107,1,1,0.5210640768979657
Application_258023934,1,1,0.5402058742054848
Application_1043739510,1,1,0.5971194574591374
Application_1817506213,0,0,0.37582877792642233
Application_1907801928,1,1,0.600906124692274
Application_1085661880,1,0,0.4949494331488901
Application_744357049,1,1,0.582349693696148
Application_1464798669,1,1,0.8202640382986974
Application_208251490,1,1,0.5298481731346447
Application_2099935440,1,0,0.493601206198905
Application_158145312,1,1,0.6993033436014165
Application_157200774,1,1,0.5498031718629524
Application_473241090,0,0,0.40365675072591356
Application_839319778,0,0,0.455871903075199
Application_769670015,1,1,0.758777850037104
Application_401991590,1,1,0.6235299852293258
Application_313331619,1,1,0.6225115009997634
Application_44606820,0,0,0.4698665815644678
Application_1600840489,1,1,0.6259316666118707
Application_884534601,1,0,0.37779979154845006
Application_389338691,1,1,0.5868788427706926
Application_242423863,0,1,0.5044869280835352
Application_1529898946,0,0,0.46304728527598504
Application_2026840687,1,0,0.4789871035007365
Application_1669077820,0,0,0.425515474539722
Application_1905583805,0,1,0.6942075878180788
Application_547388165,0,0,0.45935126366011586
Application_1301399748,0,0,0.33084481214425265
Application_227911113,1,0,0.4905561773972438
Application_1251406798,1,0,0.46177684764350774
Application_926747574,0,1,0.5600197553277593
Application_294970768,0,0,0.3163440025583225
Application_146467601,0,1,0.5922788438629906
Application_1254258895,1,1,0.6395419446891221
Application_1469190095,0,1,0.742937887899449
Application_622759609,1,0,0.37546584895420493
Application_837217041,1,1,0.5839455560041945
Application_1002567868,0,0,0.3507695506123013
Application_1691340094,0,0,0.48899990749109146
Application_1914064930,0,0,0.404549355049471
Application_1601588285,1,0,0.48702749586581473
Application_948445207,0,1,0.6299628648222227
Application_1198234313,1,1,0.7570262546575506
Application_183519926,1,1,0.5851297840468969
Application_1616490044,0,1,0.6540746852197432
Application_1690576895,0,1,0.5807698509923592
Application_304214284,0,1,0.5723234667681891
Application_242026080,0,1,0.552089071208799
Application_498714194,1,1,0.5332768503016798
Application_1256604586,1,1,0.5341036222220633
Application_522578850,0,0,0.47532006761905476
Application_1596918091,1,0,0.486197338422646
Application_454397872,1,0,0.4121534541922341
Application_1890154784,1,1,0.7698803977848767
Application_320133093,1,0,0.47436755194261854
Application_1518920904,0,1,0.5904406831920969
Application_2133828413,0,1,0.5774720382784542
Application_950739291,0,0,0.3482678216577398
Application_1649732255,0,1,0.56844744139447
Application_1584430954,0,1,0.5290931467236627
Application_1024089863,0,0,0.3961774969796755
Application_699879086,0,1,0.7638599834839287
Application_510067941,0,0,0.29122458742235857
Application_580878200,1,0,0.46601707439776857
Application_1446043148,1,1,0.5498916695559666
Application_1521696629,1,1,0.5284420826913163
Application_142832348,1,1,0.5647584525291389
Application_795919928,1,1,0.6096729087880481
Application_1145270559,0,1,0.511944832938622
Application_1986627137,1,1,0.7315203717774844
Application_1636659317,0,0,0.3562631188779143
Application_472320001,1,1,0.6031802912236776
Application_796198104,1,0,0.4672802352952564
Application_2059959100,1,0,0.48000344669287887
Application_715750489,0,0,0.4807062011832722
Application_252195723,0,0,0.2783157174386903
Application_177309042,1,0,0.2896820429730269
Application_830132818,1,1,0.5135054069044593
Application_1396402414,1,0,0.39537842353825525
Application_1061609344,0,0,0.49726759563904577
Application_1251803432,1,0,0.29705462107802744
Application_501690338,1,1,0.5826353314789237
Application_72110147,1,0,0.477889015442005
Application_1420346445,1,0,0.47940813071142635
Application_375157461,1,1,0.5757625722314013
Application_707061506,1,0,0.4275505772154948
Application_1869471031,0,0,0.4959716583200969
Application_1346722124,1,1,0.6556074629395682
Application_1123402400,1,1,0.503846562237869
Application_731024122,1,0,0.42239596309201216
Application_1202702224,1,1,0.5292102942205866
Application_1834532023,0,1,0.6054644003680137
Application_1472029656,0,1,0.5755312082102054
Application_730570072,1,1,0.5623246396884884
Application_1705068509,0,1,0.5352575698221026
Application_704311443,0,0,0.47408559321398674
Application_54290162,1,1,0.5587370856875873
Application_1244475241,0,1,0.5188456243538386
Application_527944664,0,0,0.4008539481126105
Application_411413017,0,1,0.5291493429929232
Application_1600925698,0,1,0.5615260345201151
Application_344998689,0,1,0.5059578604100425
Application_1096634112,0,1,0.5057985006764691
Application_309988784,1,1,0.566548771211893
Application_1845988951,1,0,0.48539186842772064
Application_1656510218,0,0,0.4215197021926316
Application_662281043,1,1,0.5592982339149609
Application_472301327,1,1,0.565973717976168
Application_1438933809,0,0,0.48934908690346535
Application_1670410559,0,1,0.501960480104502
Application_1424424888,1,1,0.5472866568461245
Application_977404337,0,1,0.5700826664717523
Application_1705897613,0,1,0.5317896582121682
Application_427647748,0,1,0.6176856414896188
Application_874167626,0,1,0.5047742493028962
Application_511563908,0,1,0.5311497888720469
Application_1794387130,0,1,0.5540241609147541
Application_1222568421,1,1,0.5041580733143378
Application_348006244,0,0,0.40899929829466936
Application_734084927,0,1,0.6136868638583025
Application_545310813,1,1,0.5742860025615429
Application_1735419863,0,0,0.4923808498944358
Application_132415986,1,1,0.6160955162551309
Application_73731371,0,1,0.5941677039948617
Application_1756609605,1,0,0.487733972456359
Application_356707934,0,1,0.5141821627161954
Application_816158074,0,1,0.6920839965354937
Application_726307664,0,1,0.7529379513499532
Application_247014049,0,0,0.4421247567238096
Application_1248133491,1,1,0.6317329871125189
Application_64360728,0,1,0.6092086995960201
Application_1422566899,1,1,0.593299291042739
Application_1076267702,0,0,0.4598377216665737
Application_1925312246,1,1,0.7066266835479647
Application_1440531646,0,0,0.4876291176693301
Application_1990518220,1,1,0.5777019064192102
Application_2146510026,1,1,0.539953926767824
Application_1925249196,1,1,0.5519931686159296
Application_1359982228,0,1,0.7033141061496769
Application_62547622,0,1,0.5669573021807649
Application_717860332,1,1,0.6185872747441911
Application_1774393650,1,1,0.5069564266549258
Application_1833543407,0,0,0.46138576207924137
Application_1447085496,0,1,0.526710922586855
Application_1763148577,0,0,0.33650217976603414
Application_2023998015,1,1,0.5330669222999092
Application_445451577,1,1,0.6088407189036826
Application_68169913,0,1,0.6001286687041948
Application_1073769593,1,1,0.6670097801790389
Application_1772653667,1,0,0.4401973554221058
Application_759966350,0,1,0.7623793013091218
Application_1517753959,1,1,0.5498440056054615
Application_1369515779,1,1,0.617366701839649
Application_791953519,1,1,0.5010886488479355
Application_63353190,0,1,0.5572176202577467
Application_160003850,0,0,0.45671807251873453
Application_567969025,1,1,0.6114788649919077
Application_216490542,1,1,0.5279279616737851
Application_713888323,1,1,0.6707414188502715
Application_1899322200,0,1,0.6741577191716283
Application_1718125663,1,1,0.6208390637191692
Application_635961265,1,1,0.677544471521301
Application_196897237,1,1,0.6219852106674596
Application_7240047,1,1,0.7198577521765219
Application_2133247369,0,1,0.5394567939102862
Application_1837331483,1,1,0.5843081202454963
Application_1259810621,1,0,0.3364248692538574
Application_1449518436,0,1,0.5501934948904258
Application_1581835262,1,1,0.5823897159552425
Application_1995429442,1,1,0.7137001745731553
Application_509226930,1,1,0.5222491737916456
Application_1440003038,0,1,0.5485222797901067
Application_574438686,1,1,0.5024796067531427
Application_2060651887,1,0,0.48306265248660785
Application_1871662711,0,1,0.5575129106135156
Application_69508445,1,1,0.6764803383108032
Application_562376851,1,1,0.6043146671803471
Application_905537894,0,1,0.5066756289342985
Application_87979435,0,1,0.6926458094583512
Application_159413614,0,1,0.6689478471800557
Application_358719047,1,1,0.5922711944415561
Application_1357676096,0,0,0.4667582896442398
Application_2073930539,0,1,0.5061087300723335
Application_1649679763,0,0,0.48749344901542
Application_727235919,0,1,0.5768806303531608
Application_91560007,1,1,0.5448896922909403
Application_449764986,1,1,0.6093366881291559
Application_2131037404,0,0,0.32914651036186066
Application_1657954071,1,1,0.6064917115103386
Application_1364310567,0,1,0.6141948625010804
Application_1056924498,0,1,0.6376842865808957
Application_1361632912,1,1,0.5314102715751294
Application_2076812467,1,1,0.8046812783534426
Application_1171303407,0,1,0.6892616734820296
Application_724622213,1,1,0.5085210240780466
Application_726405167,1,0,0.4917543105134219
Application_1556332679,1,1,0.6124908247283015
Application_1088305734,1,1,0.7743718970404302
Application_2133672696,1,0,0.46480617371896565
Application_1366758339,1,1,0.5021188823099086
Application_138984809,0,1,0.6540660690392426
Application_1086182019,1,1,0.6064488195509335
Application_1448741572,1,1,0.5351105242928885
Application_208025497,0,1,0.570859640780669
Application_1152608339,0,0,0.4658990304559916
Application_657313890,1,1,0.568091243005218
Application_1723013026,0,1,0.525525328433999
Application_1939318281,1,0,0.45675894022121083
Application_995003683,0,0,0.4817790511147562
Application_333750415,0,0,0.47014635756421824
Application_1866179922,0,0,0.4890339322526477
Application_257218041,1,1,0.5246220668628845
Application_101540725,1,1,0.531283069219681
Application_425876981,1,0,0.4835358034064581
Application_1149906160,0,1,0.5582033515748492
Application_1444652783,0,1,0.5215608112451461
Application_1568196538,0,0,0.42933324032017045
Application_881471119,1,1,0.568784998746128
Application_2023303619,0,0,0.4883536884705041
Application_1955274322,1,1,0.751228777901092
Application_1516067273,1,1,0.652394606974512
Application_278409526,0,1,0.6477637107610191
Application_935224559,0,0,0.4430104389493745
Application_720508715,1,0,0.4592422079145422
Application_366773259,1,1,0.562224426350637
Application_429480937,1,1,0.5006781850790385
Application_1010579931,1,0,0.3645430806333794
Application_1638196726,0,1,0.5345443972531564
Application_1423276028,1,1,0.7714551858200509
Application_1765839113,0,1,0.6797089740008389
Application_914591581,0,1,0.6130047038352425
Application_567704531,1,1,0.7705066913559542
Application_379851390,1,1,0.6102293137192595
Application_846387353,1,1,0.7010649785969377
Application_496688865,0,0,0.3895107604689111
Application_281817768,1,1,0.9256508196894083
Application_238247352,1,1,0.7665220770613758
Application_1980119112,1,1,0.7460497518123139
Application_1230789489,0,1,0.5299415985472147
Application_531039968,1,1,0.5478851937308222
Application_1508412981,0,0,0.4908501545162622
Application_1634619568,0,0,0.4739838537510236
Application_1931888690,1,1,0.5667743090546278
Application_1211453918,0,1,0.5690275476682369
Application_928850755,0,1,0.9266211451356985
Application_848940095,1,1,0.5510970287971055
Application_566989428,0,1,0.5486729076910084
Application_235120908,1,0,0.4059079444992061
Application_652307166,1,0,0.38153720720116296
Application_865571965,1,1,0.5061540740898812
Application_576025779,0,0,0.4699753854865412
Application_162819257,0,0,0.3428495042758945
Application_2109451552,1,0,0.38650028695653055
Application_705321101,1,1,0.6185985851782606
Application_886906159,1,1,0.5327584290884697
Application_52615781,0,1,0.6067783772403079
Application_933010263,0,1,0.7465176235085772
Application_617035977,1,1,0.6833428291262623
Application_19485364,1,0,0.48679720060165904
Application_1888981731,0,1,0.6545081559831606
Application_1443446332,1,1,0.8108013560149778
Application_1503318376,1,1,0.5629683528099326
Application_206510393,1,0,0.38807684225967626
Application_921271215,1,1,0.5359700150666132
Application_1210486698,0,1,0.5667246991195288
Application_499448595,1,1,0.543191409766455
Application_1935686311,1,1,0.7013507582023394
Application_954294342,1,0,0.4090308494563543
Application_232908541,1,1,0.5637461909963691
Application_506728302,0,1,0.6125152068465554
Application_861923294,1,0,0.25068577259729696
Application_1469964020,1,0,0.45454380974293457
Application_1853593768,0,0,0.27162688268112967
Application_2108691979,1,1,0.532615227700151
Application_159075089,1,1,0.5291927441806006
Application_1800884069,1,1,0.5639164812978787
Application_1938585575,1,0,0.4212375592577355
Application_1623166177,1,1,0.5089740332944125
Application_613322431,1,1,0.562394671024583
Application_1275810391,1,1,0.5522791954265049
Application_1300944492,0,1,0.774500100189261
Application_942665232,0,1,0.554892828836101
Application_2140398412,1,1,0.6024856405475515
Application_1939679303,0,1,0.5678116535611227
Application_1505953522,1,1,0.5257065008380871
Application_1223636711,0,1,0.6295476137841154
Application_574722304,1,0,0.46938439945661314
Application_218935050,1,1,0.6008950405345078
Application_541755335,1,1,0.5326523440243129
Application_1240900910,1,1,0.6691934739520345
Application_1979534631,0,0,0.48625975452106324
Application_88370644,1,0,0.39772716015382187
Application_467462527,1,1,0.5995796020938539
Application_1170818565,0,0,0.33509145043431043
Application_981045818,1,1,0.5131461095576922
Application_2118703101,0,0,0.42966770206295163
Application_349291575,1,0,0.4821455026493368
Application_538446285,0,0,0.48508541238595415
Application_1050012939,0,0,0.4545988590658507
Application_194702089,0,0,0.3438489631208734
Application_1652572414,0,0,0.4901218017710499
Application_888511202,0,0,0.34313989464617994
Application_2086836037,1,1,0.7048505545595282
Application_513111665,0,1,0.6729566005928271
Application_1277023399,1,1,0.6806405591490678
Application_944027092,0,1,0.6439010752057487
Application_1203310471,0,0,0.4607104367883451
Application_587334519,0,1,0.6997622371670214
Application_2017278363,1,1,0.6540798882227897
Application_1814104190,1,1,0.5505638351992532
Application_1592036910,1,0,0.38105966150460374
Application_1114775234,1,1,0.5064670701462698
Application_892981638,1,1,0.609170910968599
Application_2131721658,1,0,0.4023848894576317
Application_100853745,0,0,0.48258390703821713
Application_661022130,0,1,0.5579531862676906
Application_847355266,1,1,0.5533723931976682
Application_2016773681,0,0,0.39020875742563865
Application_1391906687,1,1,0.5651055694740784
Application_119439312,0,1,0.5745333851082166
Application_1317497251,0,1,0.6001140975361348
Application_942110520,0,1,0.7668748791537923
Application_49190546,0,1,0.669454004534291
Application_847312063,1,1,0.573505360637515
Application_1604706641,1,1,0.6966004417662471
Application_1944618138,0,1,0.6607192863077072
Application_1737604202,1,1,0.7845415724215306
Application_1531680018,1,0,0.4985090567378061
Application_2146359852,1,0,0.38599672267872087
Application_1323717038,0,1,0.6918482130522453
Application_840319917,0,1,0.6572637809362821
Application_1270379726,0,1,0.6645616299492597
Application_637658579,1,1,0.5878000865243842
Application_1063029257,1,1,0.6364681140612085
Application_713507046,0,1,0.6259649582934039
Application_1586981976,1,1,0.573260616609763
Application_1397993015,1,0,0.394716257649997
Application_702998309,1,1,0.621956312396301
Application_220112,0,1,0.7074474039514632
Application_595653145,1,1,0.5517286684407725
Application_1956283946,0,1,0.7089271723245942
Application_1466122701,0,1,0.614966556024469
Application_1812318096,0,1,0.7085048678382696
Application_1083688690,1,1,0.8669225898684745
Application_1433215421,0,1,0.623794597224834
Application_739987633,0,1,0.873199667011441
Application_123758220,1,1,0.520325305207236
Application_1076932760,0,1,0.6105108362971626
Application_1809866027,0,1,0.6308945114842562
Application_2528658,0,1,0.7093168618699212
Application_217082987,0,1,0.6874786055454535
Application_735430709,0,1,0.6647352820741098
Application_992021980,1,1,0.7047329693344813
Application_1931667450,0,1,0.5586103507830524
Application_1775428933,1,0,0.15180061024379696
Application_687714265,0,1,0.5653359831313611
Application_1760710948,1,0,0.20049559999836689
Application_2118190331,1,1,0.5542229002913991
Application_769590861,0,0,0.4960942850436679
Application_1102243338,1,1,0.7093182137181795
Application_1931358760,1,0,0.4193188100660208
Application_1170149194,0,1,0.7780549277768153
Application_458203317,0,1,0.7135963800224763
Application_560335551,1,1,0.6272409833922546
Application_904462466,1,1,0.6279737219100296
Application_1410774737,0,1,0.626601924180883
Application_1125233866,1,1,0.6129173243988494
Application_2053523741,0,0,0.47036682661637647
Application_1322965783,1,1,0.6211427035895868
Application_1738323716,0,1,0.5366413848494317
Application_1700453452,0,1,0.5151071585308252
Application_60311652,1,0,0.4776902214204022
Application_1015522224,0,0,0.4841352748959522
Application_2102311097,1,1,0.5215742152411359
Application_1634597540,0,0,0.48130268244673574
Application_1013496029,0,1,0.507798409715613
Application_195053177,1,0,0.4604827964607348
Application_229644529,0,1,0.5402854674117304
Application_1418041387,0,1,0.6180643571265626
Application_1059851748,1,1,0.5350271042547244
Application_129022590,0,1,0.5612112110717705
Application_343501813,1,1,0.7307022781953687
Application_1710813445,0,0,0.45141258421599206
Application_140048308,1,1,0.6003812497282739
Application_1540449226,0,0,0.38605526184098554
Application_1204089991,0,1,0.7289512627013272
Application_1564372447,1,1,0.5662188296232669
Application_686843208,1,1,0.5712826710334595
Application_1011449253,1,1,0.6045552333105262
Application_882719698,0,1,0.7358586012894186
Application_701643096,0,0,0.4144707549943371
Application_2108788489,0,1,0.5464240710930879
Application_1392309869,1,1,0.6219775547238631
Application_1090606231,1,0,0.40726102861701086
Application_451653094,1,1,0.5488395395320571
Application_1660981636,1,1,0.7539801984697015
Application_1318153169,0,0,0.376295201123308
Application_2089121798,1,1,0.5684690388262721
Application_243970966,1,1,0.7953350669025698
Application_20422820,1,0,0.4810562144432518
Application_656422328,0,0,0.43943701319587325
Application_130839886,1,1,0.654092020942161
Application_2144121980,0,1,0.7099974943965881
Application_1512607613,1,1,0.6167455882586477
Application_1767165931,0,1,0.6262685997981926
Application_1959306775,1,1,0.7346383002586214
Application_767619670,0,0,0.415244315693126
Application_814003882,1,1,0.5616071638702885
Application_261020841,1,1,0.7084896850846149
Application_2030124555,0,1,0.5365480441679853
Application_1078441982,1,1,0.5969558797727551
Application_1727146404,1,1,0.5324216749404741
Application_2041039158,1,1,0.5667615466705785
Application_1342479260,1,0,0.49084647096726347
Application_777790214,0,0,0.4947817797454959
Application_201290364,0,1,0.6202220247034428
Application_1007516030,1,1,0.5093885128988984
Application_1449742723,1,1,0.9737264104400462
Application_1067190693,1,1,0.6430219815987817
Application_843880240,0,0,0.34463807007743574
Application_148953278,1,1,0.6034260833087658
Application_1443058892,0,0,0.39810715951238296
Application_1219810283,1,1,0.7110756324905131
Application_14678751,1,1,0.7111188176125464
Application_372887894,0,1,0.5868821962049499
Application_145687907,0,1,0.5737839019022619
Application_1581842297,0,1,0.6011663936213166
Application_658199813,1,1,0.7268103362176329
Application_1732558342,0,1,0.5692518468584444
Application_1411706021,0,1,0.5093630449162058
Application_993551362,0,1,0.5351004250455703
Application_735531610,1,0,0.49040351135047505
Application_1384903164,1,1,0.7662684666892823
Application_489968350,1,1,0.6904529848426835
Application_1050826945,1,1,0.6748927803397808
Application_1865878674,0,1,0.66330370148304
Application_2079352801,0,1,0.5583777738454815
Application_836643620,0,0,0.48243724674100585
Application_622231919,0,1,0.5387558989572093
Application_516936074,0,0,0.4740512337658181
Application_344097245,0,0,0.46442109320331193
Application_1165350009,1,1,0.603477616234997
Application_1825535812,0,0,0.43589385521105567
Application_1769684418,1,1,0.5418412194590032
Application_1097624027,1,0,0.3064501329314716
Application_473380178,0,1,0.5498643659305655
Application_725733853,0,1,0.5444088817693046
Application_1176372876,1,1,0.5195107955364711
Application_851976076,1,1,0.7632594608543768
Application_1521819397,0,1,0.5852355221994592
Application_1928755301,1,1,0.6219498324624807
Application_2017081495,0,0,0.4958223617813788
Application_1986864007,1,1,0.963484803454817
Application_1291876657,1,1,0.5364004932841373
Application_1068641466,1,1,0.649043027110618
Application_269274043,0,1,0.5018030513960875
Application_522530819,0,0,0.4494533160015729
Application_164627438,1,1,0.5456783939214792
Application_477865802,1,1,0.705997194539085
Application_924845483,0,1,0.5026224020747936
Application_1469675638,1,1,0.690793454356729
Application_1254888275,1,1,0.538773754785874
Application_781155845,0,0,0.45864743553837334
Application_165868800,1,1,0.6043692184535562
Application_158534171,0,0,0.31493425244312273
Application_1053351118,1,1,0.7647077504563553
Application_244480567,1,1,0.6444157388359869
Application_2013092298,0,0,0.39383168865967094
Application_2024039503,0,0,0.3859375519089818
Application_961923966,1,0,0.44583411631884756
Application_1016778548,1,0,0.41888057111829474
Application_68620955,1,0,0.33345202431245097
Application_257145798,1,1,0.5790704074714739
Application_1620218906,1,1,0.6263783217065984
Application_1612709224,1,0,0.2992929115042448
Application_1894445869,0,0,0.3387551911366157
Application_458485755,0,1,0.6123422223657724
Application_538245491,0,1,0.5562095669896979
Application_888280534,1,1,0.5205808713560437
Application_750701241,1,1,0.6317165323010309
Application_535920840,1,1,0.5964700918185966
Application_162163279,1,1,0.614054040127752
Application_1611309750,1,0,0.34148794601605653
Application_910028508,1,0,0.4271673158900378
Application_1189117993,0,1,0.5392018647423389
Application_898682531,0,1,0.6415233433542489
Application_469259850,0,1,0.601520040770325
Application_48166613,0,0,0.2825123297532907
Application_1026537393,0,1,0.5851521065632778
Application_1250140735,1,0,0.3194232565626861
Application_260311774,0,1,0.5581523162470476
Application_89338654,1,1,0.5124071138439895
Application_674990050,1,1,0.6927321962449253
Application_1166441303,0,0,0.2967409645149825
Application_600275596,0,1,0.736981504251113
Application_672076662,1,0,0.4730258996081232
Application_490798513,1,1,0.5787093904339867
Application_1181449425,0,0,0.4855833013044717
Application_242285000,1,1,0.5027438798459585
Application_149740685,0,1,0.5709190262626916
Application_473958694,0,1,0.5296902674100938
Application_821166786,0,1,0.6043237810811807
Application_471531433,0,1,0.5067676715294058
Application_960353524,1,1,0.528070741428847
Application_602332422,1,1,0.5651302207329318
Application_506199022,0,1,0.6957871558127443
Application_1268423061,0,0,0.4854425675636258
Application_594032894,1,1,0.574234379969002
Application_496626090,1,1,0.7662644842730018
Application_1570059554,1,1,0.5806427230796448
Application_812090672,1,1,0.6776694103344735
Application_1190582100,0,1,0.5438739313634294
Application_144896742,0,0,0.490668570398334
Application_235124275,0,1,0.714153676124178
Application_288149746,1,1,0.638158642164161
Application_98481559,1,0,0.29606810557059743
Application_1488744890,0,1,0.566947253041591
Application_1181343060,0,1,0.5516099205147439
Application_1456725714,0,1,0.5066753418183603
Application_810684538,0,0,0.42032683540508453
Application_1322563969,1,1,0.6898987905531371
Application_608741500,1,0,0.4752929658115784
Application_1244985500,0,0,0.4948533818537413
Application_311608004,0,0,0.3855473184575441
Application_477347990,1,0,0.39704680251480834
Application_1536154411,0,0,0.41794751236400124
Application_597870415,1,0,0.3757876782322501
Application_1741871294,1,1,0.6643762831193122
Application_1884152306,1,0,0.3275506296627953
Application_1273397750,1,0,0.49249384215475617
Application_83766113,1,1,0.5143781509018224
Application_1879472364,0,0,0.4871256240823981
Application_1897505822,1,1,0.5160938862163067
Application_1248866426,0,0,0.44051428539530546
Application_819763295,0,0,0.32792337271072974
Application_596694536,0,1,0.5122929979657779
Application_55032348,0,0,0.3691125258136137
Application_323815579,0,0,0.37129935117368185
Application_800012445,1,1,0.5104430387672572
Application_1398947853,1,0,0.48058427845759755
Application_315713743,1,1,0.521695922165799
Application_67524538,1,1,0.50940327974117
Application_478594077,1,0,0.4571209414101465
Application_1177964671,1,1,0.5830573349558059
Application_1299558679,0,0,0.44767568333770724
Application_1553094955,0,0,0.3807136706941027
Application_1877584615,0,0,0.49213233693846764
Application_1186210756,0,0,0.4490808241013554
Application_398604232,0,1,0.5434571884401564
Application_403050246,0,0,0.3291000862608517
Application_1400453918,0,0,0.48960136044004116
Application_910553000,1,0,0.4972453500955126
Application_1218321608,0,1,0.5425085461218231
Application_1431541349,0,0,0.3878513833126267
Application_1607208848,0,1,0.5143557830501123
Application_1038568085,0,1,0.5268775474122106
Application_2124154186,0,0,0.34854575415551436
Application_1534677416,1,0,0.4924853091406933
Application_1724359898,0,1,0.5265220970337924
Application_1088144213,0,0,0.4883180430755196
Application_575315073,0,1,0.5429254467554455
Application_1292717690,0,1,0.5479360757364395
Application_1507569145,0,1,0.6324915684755961
Application_930360796,1,1,0.593865023584335
Application_1995565356,0,1,0.664770927465904
Application_1806077821,0,1,0.7163915568639564
Application_2130663585,0,1,0.7186980599786306
Application_1503520688,1,1,0.7653370315629527
Application_1280168713,0,1,0.5619318260536023
Application_840561404,1,1,0.5474683067293692
Application_289978097,1,1,0.5307296746812794
Application_607744520,0,0,0.33498980197487616
Application_1528644410,1,1,0.5038264632884498
Application_1502525690,0,0,0.49516467932871794
Application_87131485,0,1,0.5628956962379461
Application_718038013,0,0,0.4044052235300329
Application_456698969,1,0,0.46837731988898934
Application_10226694,1,1,0.6375574332952338
Application_1905033774,1,0,0.34712919321277896
Application_956314976,1,1,0.6753771914349449
Application_1314660127,1,1,0.501169968734796
Application_324725057,1,1,0.5732884402494913
Application_682334885,1,1,0.6674075129888377
Application_623419462,0,1,0.5642954522539825
Application_457634247,1,0,0.4749400384491567
Application_1822980124,0,0,0.43648241894413226
Application_1204504979,0,1,0.5632320438258243
Application_217659158,0,0,0.48052385270086323
Application_498361333,0,1,0.5626422484970095
Application_1300414618,0,1,0.75298226319027
Application_584542438,1,1,0.8171114522597165
Application_744347637,1,1,0.7205203459331897
Application_1751932238,1,1,0.6085293913064987
Application_1975311192,0,1,0.6132749043334222
Application_1826628650,0,1,0.5726168766542699
Application_1568705555,1,0,0.4928553894651666
Application_1331937055,1,1,0.5746600083183763
Application_133656076,0,1,0.5717941217101224
Application_533938154,0,1,0.6693613815937925
Application_367518257,1,0,0.4171929272888566
Application_548266088,1,1,0.6266388755162908
Application_1603607754,0,0,0.4345197109720868
Application_369352662,1,1,0.7647447337659476
Application_1270772824,0,0,0.4863940689561575
Application_1923175458,1,1,0.6438582583987474
Application_1830330262,1,0,0.4910410066223094
Application_1198919634,1,0,0.1556823543824116
Application_222839327,0,1,0.6532008968616576
Application_269523042,1,1,0.7189553585873876
Application_585633052,1,0,0.32702311464388
Application_1305623736,1,1,0.7741604112447441
Application_1041804033,1,1,0.6358866560846682
Application_1535139589,0,1,0.6185545215308613
Application_1381700202,0,0,0.47536145054284235
Application_1506964328,0,1,0.6661041477777956
Application_712864514,0,1,0.7639280699905201
Application_337171996,0,1,0.5314159278829946
Application_299430656,1,1,0.6371762699912494
Application_861681242,0,1,0.614337369858278
Application_1596066079,1,0,0.13784661720283786
Application_587519320,0,1,0.6581380060639181
Application_372456525,0,0,0.36172248658115697
Application_263309025,0,1,0.70083054130843
Application_946413213,0,1,0.7984984765505724
Application_1039191375,1,1,0.6107330964631712
Application_254045828,1,1,0.8903354544880743
Application_377939370,1,0,0.4019195396121936
Application_1183810144,0,0,0.39958123512123483
Application_1398777870,0,1,0.777485238575493
Application_1814688365,0,1,0.5429277045656437
Application_1751571908,1,1,0.5333574374352691
Application_785238766,1,1,0.5384961914229128
Application_832057009,0,1,0.5989130399760751
Application_1181636340,0,1,0.5317935299220565
Application_478240779,1,1,0.6082118090673753
Application_288862349,1,1,0.9634730021188319
Application_344444367,0,1,0.6231515385667827
Application_892739637,1,1,0.7006252609213183
Application_1786240451,1,0,0.4749205572457375
Application_1055522547,1,1,0.6738371142813092
Application_858068540,1,1,0.5384987948430344
Application_1755320006,1,1,0.5673862593553806
Application_62126540,0,1,0.5971391410788227
Application_266976061,1,1,0.569345247218409
Application_663993599,0,0,0.4798569827151195
Application_592637105,1,0,0.47694561659575363
Application_1881842235,1,1,0.7083828364524881
Application_2015889423,1,0,0.4887530526345064
Application_1899765973,0,1,0.5278502548304598
Application_1196296078,0,0,0.4949680258345945
Application_1553018097,1,1,0.576399604889885
Application_631587664,1,1,0.5136966202091311
Application_307213807,0,0,0.46840179252104724
Application_487837355,0,0,0.47904422759900667
Application_163600875,0,0,0.4824772613372685
Application_127090472,0,1,0.5385749830602994
Application_908845024,0,1,0.5838427001986864
Application_1659067728,1,1,0.5887033338336517
Application_2038559947,1,1,0.5655227332055094
Application_1932580833,1,1,0.7424791677991842
Application_1047815162,1,1,0.5867185345794786
Application_857634035,0,1,0.6281841855748526
Application_128936338,1,1,0.6356074068051266
Application_216061222,0,1,0.5825692242325601
Application_506341680,1,1,0.678303707977126
Application_1235233905,0,1,0.7112177031014036
Application_1425234599,1,1,0.5373942813400908
Application_1985389192,0,1,0.5534524800800226
Application_1660880921,1,1,0.5475228003543453
Application_1605639627,0,0,0.31996097519565453
Application_1281199569,1,1,0.5867814576707473
Application_722729820,0,1,0.8808503397112055
Application_72514552,1,0,0.49775369886001364
Application_542837145,0,0,0.4548848591233575
Application_867172664,1,1,0.5382086338950797
Application_65307205,0,0,0.458778449880611
Application_684536307,0,1,0.5395991211127824
Application_1008848932,0,1,0.5128367410628484
Application_1548659687,0,0,0.1669966967473841
Application_1198596650,1,1,0.5685593107505631
Application_1926351537,1,0,0.4409856485611086
Application_2023342635,1,1,0.7830265542652604
Application_1159562501,0,0,0.38376904111021004
Application_218585226,1,0,0.4583800249504905
Application_570026516,1,1,0.5868151676248461
Application_2018452703,1,1,0.622913409168571
Application_211410066,0,0,0.16850045027159136
Application_217163587,1,1,0.5021568094419739
Application_1427318023,0,0,0.32335222288479065
Application_1660322928,1,1,0.5601024820697525
Application_1775961548,1,1,0.5583051686592246
Application_1055648332,0,1,0.5633734338827887
Application_1444544030,0,1,0.6066994946166766
Application_1726812265,0,1,0.5727303984862605
Application_388982134,0,1,0.5384569851747669
Application_391663554,1,1,0.5461046174668678
Application_52637026,1,1,0.5684803737809985
Application_1548619869,0,1,0.556529538916913
Application_267160125,0,1,0.5354118829428192
Application_679916716,0,1,0.5406088097555717
Application_1667612160,0,1,0.5051520177143127
Application_1994437056,0,1,0.6239081283323099
Application_403404439,1,1,0.6753642181438864
Application_803374351,1,1,0.839187280622986
Application_81340347,0,0,0.4562362912101015
Application_1988978577,0,1,0.616469678686557
Application_1446933781,1,1,0.765328129102861
Application_391617926,0,1,0.5864795016490293
Application_132371996,1,1,0.557777190525724
Application_1572640461,1,0,0.4934574983519413
Application_2014986834,1,1,0.5940644925417663
Application_1648425665,0,1,0.6272442631187021
Application_1659632502,1,1,0.6660047305384231
Application_1992334936,0,0,0.4962957945959609
Application_1371916895,0,1,0.5970560325590822
Application_1213601605,1,0,0.39823425082996955
Application_493148167,0,0,0.3919615117283812
Application_690259244,0,1,0.6622366139330572
Application_1254314632,1,0,0.41590806952673887
Application_938526981,0,1,0.6268098585039618
Application_1886595681,0,1,0.5708870843978396
Application_2012649270,0,1,0.6420423711424593
Application_1452571698,0,1,0.652573710045187
Application_1206746120,1,1,0.5025062945770518
Application_271354179,0,1,0.5427785280079144
Application_280819840,1,1,0.7625887639183517
Application_1203453672,0,0,0.4051631277206526
Application_944872559,0,1,0.5304831191377065
Application_234244386,0,1,0.6136173169686663
Application_1419215445,0,1,0.5260761430489889
Application_1506518255,0,1,0.6303944799294774
Application_2014291061,0,1,0.5310261616628474
Application_2012801414,0,0,0.44248812625587164
Application_1789535619,1,1,0.5220169613657927
Application_1422289499,1,1,0.5830238051710305
Application_173826941,1,1,0.523248527491088
Application_584055749,0,1,0.5159934118492823
Application_1892177671,0,1,0.5881578496929837
Application_1255807279,1,1,0.7858703265048388
Application_1964992476,1,1,0.6074165949561772
Application_1312774650,1,1,0.6787807071317629
Application_1069793799,0,1,0.5314239698115316
Application_1715369188,1,1,0.6600770594225768
Application_581575651,1,1,0.6849876942969866
Application_813290165,0,1,0.5416966315041736
Application_143345509,0,0,0.44062132298036333
Application_601450685,1,1,0.6260534430496171
Application_441224195,1,1,0.5079149541338608
Application_355045913,1,1,0.6170063387100287
Application_1563342673,0,0,0.3759545255973689
Application_1994134418,0,0,0.39454693374335753
Application_1779214801,0,0,0.4517653764065608
Application_1871293757,1,1,0.6830065065641755
Application_203699573,0,1,0.536021046486094
Application_910678714,1,1,0.5211171670205821
Application_171367276,1,1,0.7609728702179769
Application_871474450,1,0,0.4302345332498518
Application_2000725110,0,1,0.5470635091312147
Application_1257655392,1,0,0.36799433673085846
Application_1076971157,1,1,0.6754936740930684
Application_593504885,0,0,0.4756701602366685
Application_1782010296,1,1,0.6290055974890133
Application_1430774137,0,1,0.5339198976599692
Application_1430205739,0,0,0.4129090218879985
Application_296817651,0,0,0.36476155682824307
Application_625784341,1,1,0.5467767534324858
Application_806179171,0,1,0.6162473486275968
Application_926354715,1,0,0.3520497611847616
Application_1107607942,1,1,0.6667176449795094
Application_1986970421,1,1,0.9037277288538093
Application_1233498462,0,1,0.6118289189933639
Application_1481977845,1,1,0.6012162617231444
Application_272438983,0,1,0.505567488112944
Application_915151764,0,0,0.46419315740568085
Application_666587749,0,1,0.5195732375962261
Application_486188359,0,1,0.6148266667958007
Application_1568546217,0,1,0.5594921153738961
Application_1792326483,1,1,0.6020327149276687
Application_378168775,0,1,0.6039224036038928
Application_551233581,1,1,0.6125104244281094
Application_337803852,1,1,0.8510538927446837
Application_488603488,0,1,0.520487243080665
Application_236759502,0,1,0.5694692012044082
Application_129816772,0,0,0.382945904057583
Application_922669832,1,1,0.7566816775827473
Application_160163429,1,0,0.458432003377609
Application_514516624,1,0,0.48239640614263535
Application_164152785,0,0,0.4212006209637689
Application_1569534118,1,1,0.6238708248911002
Application_814208823,1,1,0.8189436935014737
Application_1130116171,1,1,0.8917837197710285
Application_1769949181,0,1,0.6252962081296994
Application_841084918,1,1,0.7806667676864747
Application_1836826811,1,1,0.5101493476830922
Application_954233630,1,1,0.8841511031591041
Application_916438034,0,0,0.4422014162162641
Application_592054830,1,1,0.6254693663103749
Application_1229830292,1,0,0.42148171364647236
Application_1953761964,1,0,0.4634927197378875
Application_379906515,1,0,0.4792179476232453
Application_702903601,1,1,0.5433693809299507
Application_1534897397,0,0,0.40141830022943575
Application_2045042705,1,0,0.47989508733842795
Application_868295384,1,1,0.521669710188707
Application_1500059522,0,0,0.2959704752998437
Application_955824026,1,0,0.41308015764555445
Application_477310662,1,0,0.47980833998728356
Application_604847823,1,1,0.5709435684400499
Application_381687362,1,0,0.49143712780592175
Application_1790927441,0,0,0.449658136114716
Application_1995896700,1,1,0.5007162465181783
Application_1941058447,0,1,0.5849664875570108
Application_1939845148,1,0,0.4520466724597108
Application_957766894,0,0,0.23847358492676618
Application_1896239575,1,1,0.6111605070382622
Application_82353525,0,1,0.648215385101574
Application_398145910,0,1,0.6085734580081107
Application_992214561,1,0,0.47677719901121834
Application_619152743,0,1,0.5921964117736389
Application_302909261,0,1,0.5959280610926101
Application_1065521969,0,1,0.5356584693733366
Application_463787640,1,1,0.6245229822786773
Application_644677439,1,1,0.540502203277955
Application_16766247,1,1,0.9430209776943512
Application_1098949698,0,0,0.4834936473758845
Application_1145618193,1,0,0.3532783182029845
Application_268386026,0,1,0.5197387284150039
Application_2087565219,1,1,0.5760719855674216
Application_1317584206,1,1,0.5323399014239115
Application_967777558,0,1,0.657370642011006
Application_1139883069,1,0,0.4153414297432195
Application_251117652,1,1,0.5864693718094227
Application_115615538,1,1,0.564786209803204
Application_208547968,1,1,0.5623950321373763
Application_508058444,1,1,0.5043463269457326
Application_1897895464,1,1,0.5614246496080976
Application_1454914218,1,1,0.500064876062214
Application_1313948571,1,1,0.5392071761081254
Application_1638658091,0,0,0.4468629999380802
Application_1605798904,0,1,0.5578761282862534
Application_1795338235,1,1,0.5525021193004781
Application_2058015247,1,1,0.6277958063027504
Application_1732926428,0,1,0.6149857444303655
Application_1101048882,1,1,0.5244596862253281
Application_970502155,1,1,0.70605909290797
Application_603184043,0,1,0.5249350901245807
Application_327906091,1,1,0.6339690380475942
Application_1894263677,0,1,0.5784906908132497
Application_939316996,1,1,0.7821134396276276
Application_1659601112,0,0,0.4622724563288956
Application_2003062161,1,1,0.5509658138062046
Application_921400054,1,1,0.5350472747267168
Application_1136165010,1,1,0.5612776829504175
Application_1080844867,0,1,0.5591270323812564
Application_1982634211,1,1,0.5663358028018534
Application_1537097696,1,1,0.718365280637352
Application_1718051306,1,1,0.5007365908220122
Application_1047582740,1,0,0.4416237083325015
Application_1494383403,0,1,0.5137489322267752
Application_504778583,0,0,0.39843469103918877
Application_215812182,1,0,0.34518567882351603
Application_142058100,0,1,0.612128178976858
Application_1788970459,0,0,0.36218653770764325
Application_2087370744,0,0,0.48803283298487715
Application_210311121,1,1,0.72894663076086
Application_513852915,0,1,0.5457930531514772
Application_291963023,0,1,0.5432925440881275
Application_1937962025,1,1,0.604857097616999
Application_1579444231,1,1,0.6664619816852919
Application_1509384817,1,0,0.4005139369870762
Application_1631210332,0,0,0.39003880991585055
Application_1855944075,0,1,0.6554940952178746
Application_1424417284,1,1,0.5857501265922864
Application_1437729547,1,0,0.4223976109511443
Application_2001932949,0,0,0.4432036635121756
Application_634831049,0,0,0.33326329257192777
Application_453816713,1,1,0.758068889792953
Application_1130698396,1,1,0.747811588846013
Application_316115232,0,1,0.6032924114544849
Application_920418478,1,0,0.40311028866177645
Application_1817528156,1,0,0.4924832490647289
Application_1720416885,1,1,0.5946459961694371
Application_1152743776,1,1,0.5201941771794597
Application_1068338293,1,1,0.6075355665229325
Application_718523864,1,1,0.6616395734311364
Application_579821311,0,0,0.4432040699412081
Application_1062041374,0,1,0.626709854453026
Application_753322555,0,1,0.6741529337902293
Application_1473749161,1,0,0.39416622305345367
Application_1724202676,1,0,0.3320559198832078
Application_860031407,1,1,0.7660144095217332
Application_8639196,0,0,0.28562258998727497
Application_1269425537,1,1,0.5767934122352038
Application_948762898,1,1,0.7379155384290249
Application_1691382379,0,0,0.40085023632646316
Application_1816860043,0,0,0.3427808333383865
Application_1369957045,1,0,0.4202041735582121
Application_28309282,1,1,0.598248040143604
Application_1223783277,1,1,0.5447959174050503
Application_1373811154,1,1,0.546004351515244
Application_187009614,0,0,0.48965996433862113
Application_533038097,1,1,0.5488846311079507
Application_942530347,0,0,0.43706940162570773
Application_140100899,0,0,0.3691353659517753
Application_511609780,0,0,0.4168947628436031
Application_882997950,0,0,0.4091316012780722
Application_1232417767,1,0,0.42297047377198355
Application_1812517027,0,0,0.47109326085078734
Application_915017332,0,1,0.5168987701627487
Application_1035361851,1,1,0.6132151765648464
Application_49585910,0,0,0.49019603206155715
Application_544505161,1,1,0.6228450216623558
Application_806033516,1,1,0.5775965509305334
Application_1458471269,0,0,0.37046839510643137
Application_1581084985,1,1,0.5666410320024916
Application_1067190799,0,1,0.524689072837715
Application_688832703,0,1,0.504504061039318
Application_788182565,1,0,0.3928748231928814
Application_1217715016,0,0,0.3039490499052176
Application_1728492857,1,0,0.3440741569184449
Application_1917923627,1,1,0.7167942491228603
Application_1677844905,1,1,0.62125985029711
Application_1303072211,0,0,0.4363592058257316
Application_603873624,0,1,0.6203835118319942
Application_1677722680,0,1,0.5716615130247467
Application_1542780878,0,0,0.4666276231649703
Application_434636699,0,1,0.5185620733871124
Application_361521807,1,1,0.5492040931551169
Application_1220291031,0,0,0.11480654892087294
Application_1768475674,1,0,0.4905123204132269
Application_1865447865,0,1,0.6015277696317288
Application_1069275163,1,1,0.7267944657986789
Application_694330916,1,1,0.6741115526447179
Application_909810703,0,1,0.6716858785281159
Application_531062056,1,0,0.3672682207273921
Application_1092048449,0,0,0.36871806109484645
Application_188935499,0,1,0.5129287547401524
Application_1485563285,1,1,0.6419518600162121
Application_838340812,0,1,0.5985209907664604
Application_1706320755,1,0,0.4254184502217251
Application_587688925,0,0,0.3832802978518101
Application_1162516931,0,1,0.5574853838143664
Application_1573701770,1,1,0.6185661578926095
Application_231970224,1,0,0.384104689995155
Application_424432627,1,1,0.5593098873143009
Application_1662637174,1,0,0.4759905040301314
Application_1986755838,0,0,0.3473539176438089
Application_1747554764,1,1,0.6415849253635135
Application_560012181,1,0,0.3657659324273543
Application_1607247834,1,0,0.4673973361648572
Application_1603738355,1,0,0.46207942889252474
Application_1792687095,1,1,0.575070195963241
Application_237690186,1,0,0.4647555196997922
Application_406889230,1,0,0.45390206029616514
Application_600788947,0,1,0.6424973910314296
Application_1562801332,1,0,0.4690782742989219
Application_837266390,1,0,0.46799019629788635
Application_520194586,0,1,0.5508347442719812
Application_1131485787,1,1,0.729148779030465
Application_1512962191,1,0,0.43398351771922006
Application_1159709495,0,1,0.5473010566608758
Application_511114636,1,0,0.38162009542013453
Application_702203713,1,0,0.48780130516983694
Application_1287686643,0,0,0.4844086788342352
Application_1637883702,1,1,0.5422062257505268
Application_2000018435,0,0,0.48438375609257184
Application_61571417,0,0,0.4817300634064041
Application_1778929740,1,0,0.35611476364424094
Application_1589286873,1,0,0.31679697462677947
Application_380535005,0,1,0.5184732379719432
Application_142254881,1,1,0.8057891317692132
Application_47037036,0,1,0.5781920248292354
Application_718432981,1,0,0.4773872687092056
Application_638408365,1,1,0.5884814239504975
Application_168516850,1,0,0.32014599501924995
Application_779559950,1,1,0.5366697962586359
Application_2105628468,1,1,0.5232417105215259
Application_1563029665,1,0,0.4916304687493809
Application_1120379399,0,1,0.5440278717364609
Application_79391457,1,0,0.45008917183014546
Application_1729852643,1,0,0.469436466095387
Application_813308967,1,1,0.5552684798143152
Application_1937646963,1,1,0.5248417915154303
Application_1722592475,0,1,0.5393388180319362
Application_45251359,1,0,0.46315881596164543
Application_586430010,1,0,0.49008898962167585
Application_1843232594,1,1,0.5651209393040497
Application_1746250121,1,1,0.6629755447877035
Application_809632541,1,1,0.7940196385556008
Application_1168372021,1,0,0.47126680252463654
Application_1669672980,1,1,0.7091476127207952
Application_14097006,0,0,0.46898090798927955
Application_1229851589,0,0,0.4495357382641328
Application_1616238013,1,1,0.5168781197517089
Application_1280325005,1,0,0.4706792930473828
Application_1544952493,1,1,0.5350197488437548
Application_1217378577,1,0,0.4114511328954706
Application_770397679,0,1,0.7501865313815292
Application_117342811,0,0,0.31877605523327485
Application_965278193,1,1,0.5382997401102596
Application_1331346987,1,1,0.552251251319484
Application_1107993134,1,0,0.46525732501463846
Application_59622033,1,1,0.5226538838360706
Application_303923658,1,1,0.5169985945720472
Application_1350494635,0,0,0.32366019619731895
